[2026-03-06T10:04:50.728+0000] {manager.py:470} INFO - Processing files using up to 2 processes at a time 
[2026-03-06T10:04:50.731+0000] {manager.py:471} INFO - Process each file at most once every 30 seconds
[2026-03-06T10:04:50.735+0000] {manager.py:472} INFO - Checking for new files in /opt/airflow/dags every 300 seconds
[2026-03-06T10:04:50.742+0000] {manager.py:737} INFO - Searching for files in /opt/airflow/dags
[2026-03-06T10:04:50.824+0000] {manager.py:740} INFO - There are 1 files in /opt/airflow/dags
[2026-03-06T10:04:53.149+0000] {manager.py:878} INFO - 
================================================================================
DAG File Processing Stats

File Path                           PID  Runtime      # DAGs    # Errors  Last Runtime    Last Run
--------------------------------  -----  ---------  --------  ----------  --------------  ----------
/opt/airflow/dags/iceberg_dag.py    159  0.37s             0           0
================================================================================
[2026-03-06T10:05:22.632+0000] {manager.py:878} INFO - 
================================================================================
DAG File Processing Stats

File Path                         PID    Runtime      # DAGs    # Errors  Last Runtime    Last Run
--------------------------------  -----  ---------  --------  ----------  --------------  -------------------
/opt/airflow/dags/iceberg_dag.py                           1           0  1.63s           2026-03-06T10:04:54
================================================================================
[2026-03-06T10:05:51.256+0000] {manager.py:878} INFO - 
================================================================================
DAG File Processing Stats

File Path                         PID    Runtime      # DAGs    # Errors  Last Runtime    Last Run
--------------------------------  -----  ---------  --------  ----------  --------------  -------------------
/opt/airflow/dags/iceberg_dag.py                           1           0  0.29s           2026-03-06T10:05:24
================================================================================
[2026-03-06T10:06:20.957+0000] {manager.py:878} INFO - 
================================================================================
DAG File Processing Stats

File Path                         PID    Runtime      # DAGs    # Errors  Last Runtime    Last Run
--------------------------------  -----  ---------  --------  ----------  --------------  -------------------
/opt/airflow/dags/iceberg_dag.py                           1           0  0.20s           2026-03-06T10:05:55
================================================================================
[2026-03-06T10:06:50.482+0000] {manager.py:878} INFO - 
================================================================================
DAG File Processing Stats

File Path                         PID    Runtime      # DAGs    # Errors  Last Runtime    Last Run
--------------------------------  -----  ---------  --------  ----------  --------------  -------------------
/opt/airflow/dags/iceberg_dag.py                           1           0  0.27s           2026-03-06T10:06:26
================================================================================
[2026-03-06T10:07:20.119+0000] {manager.py:878} INFO - 
================================================================================
DAG File Processing Stats

File Path                         PID    Runtime      # DAGs    # Errors  Last Runtime    Last Run
--------------------------------  -----  ---------  --------  ----------  --------------  -------------------
/opt/airflow/dags/iceberg_dag.py                           1           0  0.21s           2026-03-06T10:06:56
================================================================================
[2026-03-06T10:07:49.418+0000] {manager.py:878} INFO - 
================================================================================
DAG File Processing Stats

File Path                         PID    Runtime      # DAGs    # Errors  Last Runtime    Last Run
--------------------------------  -----  ---------  --------  ----------  --------------  -------------------
/opt/airflow/dags/iceberg_dag.py                           1           0  0.82s           2026-03-06T10:07:28
================================================================================
[2026-03-06T10:08:19.109+0000] {manager.py:878} INFO - 
================================================================================
DAG File Processing Stats

File Path                         PID    Runtime      # DAGs    # Errors  Last Runtime    Last Run
--------------------------------  -----  ---------  --------  ----------  --------------  -------------------
/opt/airflow/dags/iceberg_dag.py                           1           0  0.26s           2026-03-06T10:07:58
================================================================================
[2026-03-06T10:08:48.508+0000] {manager.py:878} INFO - 
================================================================================
DAG File Processing Stats

File Path                         PID    Runtime      # DAGs    # Errors  Last Runtime    Last Run
--------------------------------  -----  ---------  --------  ----------  --------------  -------------------
/opt/airflow/dags/iceberg_dag.py                           1           0  0.34s           2026-03-06T10:08:29
================================================================================
[2026-03-06T10:09:17.509+0000] {manager.py:878} INFO - 
================================================================================
DAG File Processing Stats

File Path                         PID    Runtime      # DAGs    # Errors  Last Runtime    Last Run
--------------------------------  -----  ---------  --------  ----------  --------------  -------------------
/opt/airflow/dags/iceberg_dag.py                           1           0  0.26s           2026-03-06T10:09:00
================================================================================
[2026-03-06T10:09:46.606+0000] {manager.py:878} INFO - 
================================================================================
DAG File Processing Stats

File Path                         PID    Runtime      # DAGs    # Errors  Last Runtime    Last Run
--------------------------------  -----  ---------  --------  ----------  --------------  -------------------
/opt/airflow/dags/iceberg_dag.py                           1           0  0.26s           2026-03-06T10:09:30
================================================================================
[2026-03-06T10:09:50.869+0000] {manager.py:737} INFO - Searching for files in /opt/airflow/dags
[2026-03-06T10:09:50.917+0000] {manager.py:740} INFO - There are 1 files in /opt/airflow/dags
[2026-03-06T10:10:16.042+0000] {manager.py:878} INFO - 
================================================================================
DAG File Processing Stats

File Path                         PID    Runtime      # DAGs    # Errors  Last Runtime    Last Run
--------------------------------  -----  ---------  --------  ----------  --------------  -------------------
/opt/airflow/dags/iceberg_dag.py                           1           0  0.19s           2026-03-06T10:10:00
================================================================================
[2026-03-06T10:10:45.496+0000] {manager.py:878} INFO - 
================================================================================
DAG File Processing Stats

File Path                         PID    Runtime      # DAGs    # Errors  Last Runtime    Last Run
--------------------------------  -----  ---------  --------  ----------  --------------  -------------------
/opt/airflow/dags/iceberg_dag.py                           1           0  0.29s           2026-03-06T10:10:31
================================================================================
[2026-03-06T10:11:14.846+0000] {manager.py:878} INFO - 
================================================================================
DAG File Processing Stats

File Path                         PID    Runtime      # DAGs    # Errors  Last Runtime    Last Run
--------------------------------  -----  ---------  --------  ----------  --------------  -------------------
/opt/airflow/dags/iceberg_dag.py                           1           0  0.25s           2026-03-06T10:11:01
================================================================================
[2026-03-06T10:11:44.530+0000] {manager.py:878} INFO - 
================================================================================
DAG File Processing Stats

File Path                         PID    Runtime      # DAGs    # Errors  Last Runtime    Last Run
--------------------------------  -----  ---------  --------  ----------  --------------  -------------------
/opt/airflow/dags/iceberg_dag.py                           1           0  0.42s           2026-03-06T10:11:32
================================================================================
[2026-03-06T10:12:14.023+0000] {manager.py:878} INFO - 
================================================================================
DAG File Processing Stats

File Path                         PID    Runtime      # DAGs    # Errors  Last Runtime    Last Run
--------------------------------  -----  ---------  --------  ----------  --------------  -------------------
/opt/airflow/dags/iceberg_dag.py                           1           0  0.21s           2026-03-06T10:12:02
================================================================================
[2026-03-06T10:12:43.552+0000] {manager.py:878} INFO - 
================================================================================
DAG File Processing Stats

File Path                         PID    Runtime      # DAGs    # Errors  Last Runtime    Last Run
--------------------------------  -----  ---------  --------  ----------  --------------  -------------------
/opt/airflow/dags/iceberg_dag.py                           1           0  0.18s           2026-03-06T10:12:33
================================================================================
[2026-03-06T10:13:13.173+0000] {manager.py:878} INFO - 
================================================================================
DAG File Processing Stats

File Path                         PID    Runtime      # DAGs    # Errors  Last Runtime    Last Run
--------------------------------  -----  ---------  --------  ----------  --------------  -------------------
/opt/airflow/dags/iceberg_dag.py                           1           0  0.20s           2026-03-06T10:13:04
================================================================================
[2026-03-06T10:13:42.642+0000] {manager.py:878} INFO - 
================================================================================
DAG File Processing Stats

File Path                         PID    Runtime      # DAGs    # Errors  Last Runtime    Last Run
--------------------------------  -----  ---------  --------  ----------  --------------  -------------------
/opt/airflow/dags/iceberg_dag.py                           1           0  0.27s           2026-03-06T10:13:34
================================================================================
[2026-03-06T10:14:12.449+0000] {manager.py:878} INFO - 
================================================================================
DAG File Processing Stats

File Path                         PID    Runtime      # DAGs    # Errors  Last Runtime    Last Run
--------------------------------  -----  ---------  --------  ----------  --------------  -------------------
/opt/airflow/dags/iceberg_dag.py                           1           0  0.21s           2026-03-06T10:14:05
================================================================================
[2026-03-06T10:14:41.449+0000] {manager.py:878} INFO - 
================================================================================
DAG File Processing Stats

File Path                         PID    Runtime      # DAGs    # Errors  Last Runtime    Last Run
--------------------------------  -----  ---------  --------  ----------  --------------  -------------------
/opt/airflow/dags/iceberg_dag.py                           1           0  0.30s           2026-03-06T10:14:36
================================================================================
[2026-03-06T10:14:51.464+0000] {manager.py:737} INFO - Searching for files in /opt/airflow/dags
[2026-03-06T10:14:51.506+0000] {manager.py:740} INFO - There are 1 files in /opt/airflow/dags
[2026-03-06T10:15:10.885+0000] {manager.py:878} INFO - 
================================================================================
DAG File Processing Stats

File Path                         PID    Runtime      # DAGs    # Errors  Last Runtime    Last Run
--------------------------------  -----  ---------  --------  ----------  --------------  -------------------
/opt/airflow/dags/iceberg_dag.py                           1           0  0.20s           2026-03-06T10:15:06
================================================================================
[2026-03-06T10:15:40.050+0000] {manager.py:878} INFO - 
================================================================================
DAG File Processing Stats

File Path                         PID    Runtime      # DAGs    # Errors  Last Runtime    Last Run
--------------------------------  -----  ---------  --------  ----------  --------------  -------------------
/opt/airflow/dags/iceberg_dag.py                           1           0  0.70s           2026-03-06T10:15:38
================================================================================
[2026-03-06T10:16:09.400+0000] {manager.py:878} INFO - 
================================================================================
DAG File Processing Stats

File Path                         PID    Runtime      # DAGs    # Errors  Last Runtime    Last Run
--------------------------------  -----  ---------  --------  ----------  --------------  -------------------
/opt/airflow/dags/iceberg_dag.py                           1           0  0.31s           2026-03-06T10:16:08
================================================================================
[2026-03-06T10:16:38.826+0000] {manager.py:878} INFO - 
================================================================================
DAG File Processing Stats

File Path                           PID  Runtime      # DAGs    # Errors  Last Runtime    Last Run
--------------------------------  -----  ---------  --------  ----------  --------------  -------------------
/opt/airflow/dags/iceberg_dag.py    274  0.01s             1           0  0.31s           2026-03-06T10:16:08
================================================================================
[2026-03-06T10:17:08.221+0000] {manager.py:878} INFO - 
================================================================================
DAG File Processing Stats

File Path                         PID    Runtime      # DAGs    # Errors  Last Runtime    Last Run
--------------------------------  -----  ---------  --------  ----------  --------------  -------------------
/opt/airflow/dags/iceberg_dag.py                           1           0  0.22s           2026-03-06T10:16:39
================================================================================
[2026-03-06T10:17:37.570+0000] {manager.py:878} INFO - 
================================================================================
DAG File Processing Stats

File Path                         PID    Runtime      # DAGs    # Errors  Last Runtime    Last Run
--------------------------------  -----  ---------  --------  ----------  --------------  -------------------
/opt/airflow/dags/iceberg_dag.py                           1           0  0.33s           2026-03-06T10:17:09
================================================================================
[2026-03-06T10:18:06.984+0000] {manager.py:878} INFO - 
================================================================================
DAG File Processing Stats

File Path                         PID    Runtime      # DAGs    # Errors  Last Runtime    Last Run
--------------------------------  -----  ---------  --------  ----------  --------------  -------------------
/opt/airflow/dags/iceberg_dag.py                           1           0  1.03s           2026-03-06T10:17:40
================================================================================
[2026-03-06T10:18:36.674+0000] {manager.py:878} INFO - 
================================================================================
DAG File Processing Stats

File Path                         PID    Runtime      # DAGs    # Errors  Last Runtime    Last Run
--------------------------------  -----  ---------  --------  ----------  --------------  -------------------
/opt/airflow/dags/iceberg_dag.py                           1           0  0.19s           2026-03-06T10:18:11
================================================================================
[2026-03-06T10:19:06.170+0000] {manager.py:878} INFO - 
================================================================================
DAG File Processing Stats

File Path                         PID    Runtime      # DAGs    # Errors  Last Runtime    Last Run
--------------------------------  -----  ---------  --------  ----------  --------------  -------------------
/opt/airflow/dags/iceberg_dag.py                           1           0  0.43s           2026-03-06T10:18:42
================================================================================
[2026-03-06T10:19:35.272+0000] {manager.py:878} INFO - 
================================================================================
DAG File Processing Stats

File Path                         PID    Runtime      # DAGs    # Errors  Last Runtime    Last Run
--------------------------------  -----  ---------  --------  ----------  --------------  -------------------
/opt/airflow/dags/iceberg_dag.py                           1           0  0.33s           2026-03-06T10:19:12
================================================================================
[2026-03-06T10:19:51.476+0000] {manager.py:737} INFO - Searching for files in /opt/airflow/dags
[2026-03-06T10:19:51.710+0000] {manager.py:740} INFO - There are 1 files in /opt/airflow/dags
[2026-03-06T10:20:05.103+0000] {manager.py:878} INFO - 
================================================================================
DAG File Processing Stats

File Path                         PID    Runtime      # DAGs    # Errors  Last Runtime    Last Run
--------------------------------  -----  ---------  --------  ----------  --------------  -------------------
/opt/airflow/dags/iceberg_dag.py                           1           0  0.31s           2026-03-06T10:19:43
================================================================================
[2026-03-06T10:20:34.884+0000] {manager.py:878} INFO - 
================================================================================
DAG File Processing Stats

File Path                         PID    Runtime      # DAGs    # Errors  Last Runtime    Last Run
--------------------------------  -----  ---------  --------  ----------  --------------  -------------------
/opt/airflow/dags/iceberg_dag.py                           1           0  0.24s           2026-03-06T10:20:14
================================================================================
[2026-03-06T10:21:04.166+0000] {manager.py:878} INFO - 
================================================================================
DAG File Processing Stats

File Path                         PID    Runtime      # DAGs    # Errors  Last Runtime    Last Run
--------------------------------  -----  ---------  --------  ----------  --------------  -------------------
/opt/airflow/dags/iceberg_dag.py                           1           0  0.29s           2026-03-06T10:20:45
================================================================================
[2026-03-06T10:21:33.194+0000] {manager.py:878} INFO - 
================================================================================
DAG File Processing Stats

File Path                         PID    Runtime      # DAGs    # Errors  Last Runtime    Last Run
--------------------------------  -----  ---------  --------  ----------  --------------  -------------------
/opt/airflow/dags/iceberg_dag.py                           1           0  0.18s           2026-03-06T10:21:15
================================================================================
[2026-03-06T10:22:02.654+0000] {manager.py:878} INFO - 
================================================================================
DAG File Processing Stats

File Path                         PID    Runtime      # DAGs    # Errors  Last Runtime    Last Run
--------------------------------  -----  ---------  --------  ----------  --------------  -------------------
/opt/airflow/dags/iceberg_dag.py                           1           0  0.24s           2026-03-06T10:21:46
================================================================================
[2026-03-06T10:22:32.091+0000] {manager.py:878} INFO - 
================================================================================
DAG File Processing Stats

File Path                         PID    Runtime      # DAGs    # Errors  Last Runtime    Last Run
--------------------------------  -----  ---------  --------  ----------  --------------  -------------------
/opt/airflow/dags/iceberg_dag.py                           1           0  0.52s           2026-03-06T10:22:17
================================================================================
[2026-03-06T10:23:01.222+0000] {manager.py:878} INFO - 
================================================================================
DAG File Processing Stats

File Path                         PID    Runtime      # DAGs    # Errors  Last Runtime    Last Run
--------------------------------  -----  ---------  --------  ----------  --------------  -------------------
/opt/airflow/dags/iceberg_dag.py                           1           0  8.18s           2026-03-06T10:22:56
================================================================================
[2026-03-06T10:23:30.350+0000] {manager.py:878} INFO - 
================================================================================
DAG File Processing Stats

File Path                         PID    Runtime      # DAGs    # Errors  Last Runtime    Last Run
--------------------------------  -----  ---------  --------  ----------  --------------  -------------------
/opt/airflow/dags/iceberg_dag.py                           1           0  2.79s           2026-03-06T10:23:29
================================================================================
[2026-03-06T10:24:01.990+0000] {manager.py:878} INFO - 
================================================================================
DAG File Processing Stats

File Path                           PID  Runtime      # DAGs    # Errors  Last Runtime    Last Run
--------------------------------  -----  ---------  --------  ----------  --------------  -------------------
/opt/airflow/dags/iceberg_dag.py    348  1.40s             1           0  2.79s           2026-03-06T10:23:29
================================================================================
[2026-03-06T10:24:31.808+0000] {manager.py:878} INFO - 
================================================================================
DAG File Processing Stats

File Path                         PID    Runtime      # DAGs    # Errors  Last Runtime    Last Run
--------------------------------  -----  ---------  --------  ----------  --------------  -------------------
/opt/airflow/dags/iceberg_dag.py                           1           0  14.81s          2026-03-06T10:24:15
================================================================================
[2026-03-06T10:24:52.175+0000] {manager.py:737} INFO - Searching for files in /opt/airflow/dags
[2026-03-06T10:24:52.215+0000] {manager.py:740} INFO - There are 1 files in /opt/airflow/dags
[2026-03-06T10:25:01.534+0000] {manager.py:878} INFO - 
================================================================================
DAG File Processing Stats

File Path                         PID    Runtime      # DAGs    # Errors  Last Runtime    Last Run
--------------------------------  -----  ---------  --------  ----------  --------------  -------------------
/opt/airflow/dags/iceberg_dag.py                           1           0  3.82s           2026-03-06T10:24:49
================================================================================
[2026-03-06T10:25:30.710+0000] {manager.py:878} INFO - 
================================================================================
DAG File Processing Stats

File Path                         PID    Runtime      # DAGs    # Errors  Last Runtime    Last Run
--------------------------------  -----  ---------  --------  ----------  --------------  -------------------
/opt/airflow/dags/iceberg_dag.py                           1           0  0.53s           2026-03-06T10:25:19
================================================================================
[2026-03-06T10:26:00.279+0000] {manager.py:878} INFO - 
================================================================================
DAG File Processing Stats

File Path                         PID    Runtime      # DAGs    # Errors  Last Runtime    Last Run
--------------------------------  -----  ---------  --------  ----------  --------------  -------------------
/opt/airflow/dags/iceberg_dag.py                           1           0  2.67s           2026-03-06T10:25:53
================================================================================
[2026-03-06T10:26:29.601+0000] {manager.py:878} INFO - 
================================================================================
DAG File Processing Stats

File Path                         PID    Runtime      # DAGs    # Errors  Last Runtime    Last Run
--------------------------------  -----  ---------  --------  ----------  --------------  -------------------
/opt/airflow/dags/iceberg_dag.py                           1           0  4.39s           2026-03-06T10:26:27
================================================================================
[2026-03-06T10:26:59.054+0000] {manager.py:878} INFO - 
================================================================================
DAG File Processing Stats

File Path                           PID  Runtime      # DAGs    # Errors  Last Runtime    Last Run
--------------------------------  -----  ---------  --------  ----------  --------------  -------------------
/opt/airflow/dags/iceberg_dag.py    377  1.02s             1           0  4.39s           2026-03-06T10:26:27
================================================================================
[2026-03-06T10:27:28.230+0000] {manager.py:878} INFO - 
================================================================================
DAG File Processing Stats

File Path                         PID    Runtime      # DAGs    # Errors  Last Runtime    Last Run
--------------------------------  -----  ---------  --------  ----------  --------------  -------------------
/opt/airflow/dags/iceberg_dag.py                           1           0  2.84s           2026-03-06T10:27:00
================================================================================
[2026-03-06T10:27:57.829+0000] {manager.py:878} INFO - 
================================================================================
DAG File Processing Stats

File Path                         PID    Runtime      # DAGs    # Errors  Last Runtime    Last Run
--------------------------------  -----  ---------  --------  ----------  --------------  -------------------
/opt/airflow/dags/iceberg_dag.py                           1           0  1.48s           2026-03-06T10:27:32
================================================================================
[2026-03-06T10:28:26.846+0000] {manager.py:878} INFO - 
================================================================================
DAG File Processing Stats

File Path                         PID    Runtime      # DAGs    # Errors  Last Runtime    Last Run
--------------------------------  -----  ---------  --------  ----------  --------------  -------------------
/opt/airflow/dags/iceberg_dag.py                           1           0  1.45s           2026-03-06T10:28:04
================================================================================
[2026-03-06T10:28:56.194+0000] {manager.py:878} INFO - 
================================================================================
DAG File Processing Stats

File Path                         PID    Runtime      # DAGs    # Errors  Last Runtime    Last Run
--------------------------------  -----  ---------  --------  ----------  --------------  -------------------
/opt/airflow/dags/iceberg_dag.py                           1           0  0.26s           2026-03-06T10:28:35
================================================================================
[2026-03-06T10:29:25.693+0000] {manager.py:878} INFO - 
================================================================================
DAG File Processing Stats

File Path                         PID    Runtime      # DAGs    # Errors  Last Runtime    Last Run
--------------------------------  -----  ---------  --------  ----------  --------------  -------------------
/opt/airflow/dags/iceberg_dag.py                           1           0  0.24s           2026-03-06T10:29:05
================================================================================
[2026-03-06T10:29:52.191+0000] {manager.py:737} INFO - Searching for files in /opt/airflow/dags
[2026-03-06T10:29:52.240+0000] {manager.py:740} INFO - There are 1 files in /opt/airflow/dags
[2026-03-06T10:29:55.321+0000] {manager.py:878} INFO - 
================================================================================
DAG File Processing Stats

File Path                         PID    Runtime      # DAGs    # Errors  Last Runtime    Last Run
--------------------------------  -----  ---------  --------  ----------  --------------  -------------------
/opt/airflow/dags/iceberg_dag.py                           1           0  0.37s           2026-03-06T10:29:36
================================================================================
[2026-03-06T10:30:24.357+0000] {manager.py:878} INFO - 
================================================================================
DAG File Processing Stats

File Path                         PID    Runtime      # DAGs    # Errors  Last Runtime    Last Run
--------------------------------  -----  ---------  --------  ----------  --------------  -------------------
/opt/airflow/dags/iceberg_dag.py                           1           0  0.55s           2026-03-06T10:30:07
================================================================================
[2026-03-06T10:30:53.842+0000] {manager.py:878} INFO - 
================================================================================
DAG File Processing Stats

File Path                         PID    Runtime      # DAGs    # Errors  Last Runtime    Last Run
--------------------------------  -----  ---------  --------  ----------  --------------  -------------------
/opt/airflow/dags/iceberg_dag.py                           1           0  0.56s           2026-03-06T10:30:37
================================================================================
[2026-03-06T10:31:23.250+0000] {manager.py:878} INFO - 
================================================================================
DAG File Processing Stats

File Path                         PID    Runtime      # DAGs    # Errors  Last Runtime    Last Run
--------------------------------  -----  ---------  --------  ----------  --------------  -------------------
/opt/airflow/dags/iceberg_dag.py                           1           0  2.29s           2026-03-06T10:31:18
================================================================================
[2026-03-06T10:31:52.731+0000] {manager.py:878} INFO - 
================================================================================
DAG File Processing Stats

File Path                         PID    Runtime      # DAGs    # Errors  Last Runtime    Last Run
--------------------------------  -----  ---------  --------  ----------  --------------  -------------------
/opt/airflow/dags/iceberg_dag.py                           1           0  0.52s           2026-03-06T10:31:49
================================================================================
[2026-03-06T10:32:21.898+0000] {manager.py:878} INFO - 
================================================================================
DAG File Processing Stats

File Path                         PID    Runtime      # DAGs    # Errors  Last Runtime    Last Run
--------------------------------  -----  ---------  --------  ----------  --------------  -------------------
/opt/airflow/dags/iceberg_dag.py                           1           0  0.23s           2026-03-06T10:32:19
================================================================================
[2026-03-06T10:32:51.345+0000] {manager.py:878} INFO - 
================================================================================
DAG File Processing Stats

File Path                         PID    Runtime      # DAGs    # Errors  Last Runtime    Last Run
--------------------------------  -----  ---------  --------  ----------  --------------  -------------------
/opt/airflow/dags/iceberg_dag.py                           1           0  0.30s           2026-03-06T10:32:50
================================================================================
[2026-03-06T10:33:20.786+0000] {manager.py:878} INFO - 
================================================================================
DAG File Processing Stats

File Path                           PID  Runtime      # DAGs    # Errors  Last Runtime    Last Run
--------------------------------  -----  ---------  --------  ----------  --------------  -------------------
/opt/airflow/dags/iceberg_dag.py    446  0.01s             1           0  0.30s           2026-03-06T10:32:50
================================================================================
[2026-03-06T10:33:50.240+0000] {manager.py:878} INFO - 
================================================================================
DAG File Processing Stats

File Path                         PID    Runtime      # DAGs    # Errors  Last Runtime    Last Run
--------------------------------  -----  ---------  --------  ----------  --------------  -------------------
/opt/airflow/dags/iceberg_dag.py                           1           0  0.19s           2026-03-06T10:33:20
================================================================================
[2026-03-06T10:34:19.784+0000] {manager.py:878} INFO - 
================================================================================
DAG File Processing Stats

File Path                         PID    Runtime      # DAGs    # Errors  Last Runtime    Last Run
--------------------------------  -----  ---------  --------  ----------  --------------  -------------------
/opt/airflow/dags/iceberg_dag.py                           1           0  0.27s           2026-03-06T10:33:51
================================================================================
[2026-03-06T10:34:49.346+0000] {manager.py:878} INFO - 
================================================================================
DAG File Processing Stats

File Path                         PID    Runtime      # DAGs    # Errors  Last Runtime    Last Run
--------------------------------  -----  ---------  --------  ----------  --------------  -------------------
/opt/airflow/dags/iceberg_dag.py                           1           0  0.33s           2026-03-06T10:34:22
================================================================================
[2026-03-06T10:34:52.428+0000] {manager.py:737} INFO - Searching for files in /opt/airflow/dags
[2026-03-06T10:34:52.489+0000] {manager.py:740} INFO - There are 1 files in /opt/airflow/dags
[2026-03-06T10:39:57.067+0000] {manager.py:470} INFO - Processing files using up to 2 processes at a time 
[2026-03-06T10:39:57.070+0000] {manager.py:471} INFO - Process each file at most once every 30 seconds
[2026-03-06T10:39:57.072+0000] {manager.py:472} INFO - Checking for new files in /opt/airflow/dags every 300 seconds
[2026-03-06T10:39:57.075+0000] {manager.py:737} INFO - Searching for files in /opt/airflow/dags
[2026-03-06T10:39:57.178+0000] {manager.py:740} INFO - There are 1 files in /opt/airflow/dags
[2026-03-06T10:40:00.140+0000] {manager.py:878} INFO - 
================================================================================
DAG File Processing Stats

File Path                           PID  Runtime      # DAGs    # Errors  Last Runtime    Last Run
--------------------------------  -----  ---------  --------  ----------  --------------  ----------
/opt/airflow/dags/iceberg_dag.py    160  0.39s             0           0
================================================================================
[2026-03-06T10:40:29.557+0000] {manager.py:878} INFO - 
================================================================================
DAG File Processing Stats

File Path                         PID    Runtime      # DAGs    # Errors  Last Runtime    Last Run
--------------------------------  -----  ---------  --------  ----------  --------------  -------------------
/opt/airflow/dags/iceberg_dag.py                           1           0  2.79s           2026-03-06T10:40:02
================================================================================
[2026-03-06T10:40:59.363+0000] {manager.py:878} INFO - 
================================================================================
DAG File Processing Stats

File Path                         PID    Runtime      # DAGs    # Errors  Last Runtime    Last Run
--------------------------------  -----  ---------  --------  ----------  --------------  -------------------
/opt/airflow/dags/iceberg_dag.py                           1           0  1.49s           2026-03-06T10:40:34
================================================================================
[2026-03-06T10:41:28.782+0000] {manager.py:878} INFO - 
================================================================================
DAG File Processing Stats

File Path                         PID    Runtime      # DAGs    # Errors  Last Runtime    Last Run
--------------------------------  -----  ---------  --------  ----------  --------------  -------------------
/opt/airflow/dags/iceberg_dag.py                           1           0  0.29s           2026-03-06T10:41:04
================================================================================
[2026-03-06T10:41:57.829+0000] {manager.py:878} INFO - 
================================================================================
DAG File Processing Stats

File Path                         PID    Runtime      # DAGs    # Errors  Last Runtime    Last Run
--------------------------------  -----  ---------  --------  ----------  --------------  -------------------
/opt/airflow/dags/iceberg_dag.py                           1           0  1.79s           2026-03-06T10:41:36
================================================================================
[2026-03-06T10:42:27.424+0000] {manager.py:878} INFO - 
================================================================================
DAG File Processing Stats

File Path                         PID    Runtime      # DAGs    # Errors  Last Runtime    Last Run
--------------------------------  -----  ---------  --------  ----------  --------------  -------------------
/opt/airflow/dags/iceberg_dag.py                           1           0  -0.10s          2026-03-06T10:42:06
================================================================================
[2026-03-06T10:42:57.028+0000] {manager.py:878} INFO - 
================================================================================
DAG File Processing Stats

File Path                         PID    Runtime      # DAGs    # Errors  Last Runtime    Last Run
--------------------------------  -----  ---------  --------  ----------  --------------  -------------------
/opt/airflow/dags/iceberg_dag.py                           1           0  0.26s           2026-03-06T10:42:36
================================================================================
[2026-03-06T10:43:26.852+0000] {manager.py:878} INFO - 
================================================================================
DAG File Processing Stats

File Path                         PID    Runtime      # DAGs    # Errors  Last Runtime    Last Run
--------------------------------  -----  ---------  --------  ----------  --------------  -------------------
/opt/airflow/dags/iceberg_dag.py                           1           0  0.27s           2026-03-06T10:43:07
================================================================================
[2026-03-06T10:43:56.028+0000] {manager.py:878} INFO - 
================================================================================
DAG File Processing Stats

File Path                         PID    Runtime      # DAGs    # Errors  Last Runtime    Last Run
--------------------------------  -----  ---------  --------  ----------  --------------  -------------------
/opt/airflow/dags/iceberg_dag.py                           1           0  1.55s           2026-03-06T10:43:39
================================================================================
[2026-03-06T10:44:25.037+0000] {manager.py:878} INFO - 
================================================================================
DAG File Processing Stats

File Path                         PID    Runtime      # DAGs    # Errors  Last Runtime    Last Run
--------------------------------  -----  ---------  --------  ----------  --------------  -------------------
/opt/airflow/dags/iceberg_dag.py                           1           0  0.49s           2026-03-06T10:44:11
================================================================================
[2026-03-06T10:44:54.118+0000] {manager.py:878} INFO - 
================================================================================
DAG File Processing Stats

File Path                         PID    Runtime      # DAGs    # Errors  Last Runtime    Last Run
--------------------------------  -----  ---------  --------  ----------  --------------  -------------------
/opt/airflow/dags/iceberg_dag.py                           1           0  2.66s           2026-03-06T10:44:44
================================================================================
[2026-03-06T10:44:57.195+0000] {manager.py:737} INFO - Searching for files in /opt/airflow/dags
[2026-03-06T10:44:57.948+0000] {manager.py:740} INFO - There are 1 files in /opt/airflow/dags
[2026-03-06T10:45:23.696+0000] {manager.py:878} INFO - 
================================================================================
DAG File Processing Stats

File Path                           PID  Runtime      # DAGs    # Errors  Last Runtime    Last Run
--------------------------------  -----  ---------  --------  ----------  --------------  -------------------
/opt/airflow/dags/iceberg_dag.py    218  8.54s             1           0  2.66s           2026-03-06T10:44:44
================================================================================
[2026-03-06T10:45:53.574+0000] {manager.py:878} INFO - 
================================================================================
DAG File Processing Stats

File Path                         PID    Runtime      # DAGs    # Errors  Last Runtime    Last Run
--------------------------------  -----  ---------  --------  ----------  --------------  -------------------
/opt/airflow/dags/iceberg_dag.py                           1           0  9.74s           2026-03-06T10:45:24
================================================================================
[2026-03-06T10:46:22.745+0000] {manager.py:878} INFO - 
================================================================================
DAG File Processing Stats

File Path                         PID    Runtime      # DAGs    # Errors  Last Runtime    Last Run
--------------------------------  -----  ---------  --------  ----------  --------------  -------------------
/opt/airflow/dags/iceberg_dag.py                           1           0  1.61s           2026-03-06T10:45:57
================================================================================
[2026-03-06T10:46:51.841+0000] {manager.py:878} INFO - 
================================================================================
DAG File Processing Stats

File Path                         PID    Runtime      # DAGs    # Errors  Last Runtime    Last Run
--------------------------------  -----  ---------  --------  ----------  --------------  -------------------
/opt/airflow/dags/iceberg_dag.py                           1           0  0.40s           2026-03-06T10:46:27
================================================================================
[2026-03-06T10:47:20.932+0000] {manager.py:878} INFO - 
================================================================================
DAG File Processing Stats

File Path                         PID    Runtime      # DAGs    # Errors  Last Runtime    Last Run
--------------------------------  -----  ---------  --------  ----------  --------------  -------------------
/opt/airflow/dags/iceberg_dag.py                           1           0  1.42s           2026-03-06T10:46:59
================================================================================
[2026-03-06T10:47:50.069+0000] {manager.py:878} INFO - 
================================================================================
DAG File Processing Stats

File Path                         PID    Runtime      # DAGs    # Errors  Last Runtime    Last Run
--------------------------------  -----  ---------  --------  ----------  --------------  -------------------
/opt/airflow/dags/iceberg_dag.py                           1           0  0.80s           2026-03-06T10:47:30
================================================================================
[2026-03-06T10:48:19.446+0000] {manager.py:878} INFO - 
================================================================================
DAG File Processing Stats

File Path                         PID    Runtime      # DAGs    # Errors  Last Runtime    Last Run
--------------------------------  -----  ---------  --------  ----------  --------------  -------------------
/opt/airflow/dags/iceberg_dag.py                           1           0  0.40s           2026-03-06T10:48:01
================================================================================
[2026-03-06T10:48:48.712+0000] {manager.py:878} INFO - 
================================================================================
DAG File Processing Stats

File Path                         PID    Runtime      # DAGs    # Errors  Last Runtime    Last Run
--------------------------------  -----  ---------  --------  ----------  --------------  -------------------
/opt/airflow/dags/iceberg_dag.py                           1           0  0.49s           2026-03-06T10:48:32
================================================================================
[2026-03-06T10:49:18.194+0000] {manager.py:878} INFO - 
================================================================================
DAG File Processing Stats

File Path                         PID    Runtime      # DAGs    # Errors  Last Runtime    Last Run
--------------------------------  -----  ---------  --------  ----------  --------------  -------------------
/opt/airflow/dags/iceberg_dag.py                           1           0  0.28s           2026-03-06T10:49:03
================================================================================
[2026-03-06T10:49:47.283+0000] {manager.py:878} INFO - 
================================================================================
DAG File Processing Stats

File Path                         PID    Runtime      # DAGs    # Errors  Last Runtime    Last Run
--------------------------------  -----  ---------  --------  ----------  --------------  -------------------
/opt/airflow/dags/iceberg_dag.py                           1           0  0.65s           2026-03-06T10:49:34
================================================================================
[2026-03-06T10:49:57.403+0000] {manager.py:737} INFO - Searching for files in /opt/airflow/dags
[2026-03-06T10:49:57.451+0000] {manager.py:740} INFO - There are 1 files in /opt/airflow/dags
[2026-03-06T10:50:16.731+0000] {manager.py:878} INFO - 
================================================================================
DAG File Processing Stats

File Path                         PID    Runtime      # DAGs    # Errors  Last Runtime    Last Run
--------------------------------  -----  ---------  --------  ----------  --------------  -------------------
/opt/airflow/dags/iceberg_dag.py                           1           0  0.79s           2026-03-06T10:50:04
================================================================================
[2026-03-06T10:50:45.809+0000] {manager.py:878} INFO - 
================================================================================
DAG File Processing Stats

File Path                         PID    Runtime      # DAGs    # Errors  Last Runtime    Last Run
--------------------------------  -----  ---------  --------  ----------  --------------  -------------------
/opt/airflow/dags/iceberg_dag.py                           1           0  0.38s           2026-03-06T10:50:35
================================================================================
[2026-03-06T10:51:15.159+0000] {manager.py:878} INFO - 
================================================================================
DAG File Processing Stats

File Path                         PID    Runtime      # DAGs    # Errors  Last Runtime    Last Run
--------------------------------  -----  ---------  --------  ----------  --------------  -------------------
/opt/airflow/dags/iceberg_dag.py                           1           0  0.62s           2026-03-06T10:51:06
================================================================================
[2026-03-06T10:51:44.302+0000] {manager.py:878} INFO - 
================================================================================
DAG File Processing Stats

File Path                         PID    Runtime      # DAGs    # Errors  Last Runtime    Last Run
--------------------------------  -----  ---------  --------  ----------  --------------  -------------------
/opt/airflow/dags/iceberg_dag.py                           1           0  0.19s           2026-03-06T10:51:37
================================================================================
[2026-03-06T10:52:13.628+0000] {manager.py:878} INFO - 
================================================================================
DAG File Processing Stats

File Path                         PID    Runtime      # DAGs    # Errors  Last Runtime    Last Run
--------------------------------  -----  ---------  --------  ----------  --------------  -------------------
/opt/airflow/dags/iceberg_dag.py                           1           0  0.28s           2026-03-06T10:52:07
================================================================================
[2026-03-06T10:52:43.005+0000] {manager.py:878} INFO - 
================================================================================
DAG File Processing Stats

File Path                         PID    Runtime      # DAGs    # Errors  Last Runtime    Last Run
--------------------------------  -----  ---------  --------  ----------  --------------  -------------------
/opt/airflow/dags/iceberg_dag.py                           1           0  0.87s           2026-03-06T10:52:38
================================================================================
[2026-03-06T10:53:12.465+0000] {manager.py:878} INFO - 
================================================================================
DAG File Processing Stats

File Path                         PID    Runtime      # DAGs    # Errors  Last Runtime    Last Run
--------------------------------  -----  ---------  --------  ----------  --------------  -------------------
/opt/airflow/dags/iceberg_dag.py                           1           0  0.84s           2026-03-06T10:53:10
================================================================================
[2026-03-06T10:53:41.987+0000] {manager.py:878} INFO - 
================================================================================
DAG File Processing Stats

File Path                         PID    Runtime      # DAGs    # Errors  Last Runtime    Last Run
--------------------------------  -----  ---------  --------  ----------  --------------  -------------------
/opt/airflow/dags/iceberg_dag.py                           1           0  0.39s           2026-03-06T10:53:41
================================================================================
[2026-03-06T10:54:11.681+0000] {manager.py:878} INFO - 
================================================================================
DAG File Processing Stats

File Path                           PID  Runtime      # DAGs    # Errors  Last Runtime    Last Run
--------------------------------  -----  ---------  --------  ----------  --------------  -------------------
/opt/airflow/dags/iceberg_dag.py    313  0.01s             1           0  0.39s           2026-03-06T10:53:41
================================================================================
[2026-03-06T10:54:40.355+0000] {manager.py:878} INFO - 
================================================================================
DAG File Processing Stats

File Path                         PID    Runtime      # DAGs    # Errors  Last Runtime    Last Run
--------------------------------  -----  ---------  --------  ----------  --------------  -------------------
/opt/airflow/dags/iceberg_dag.py                           1           0  0.30s           2026-03-06T10:54:11
================================================================================
[2026-03-06T10:54:57.524+0000] {manager.py:737} INFO - Searching for files in /opt/airflow/dags
[2026-03-06T10:54:57.752+0000] {manager.py:740} INFO - There are 1 files in /opt/airflow/dags
[2026-03-06T10:55:09.986+0000] {manager.py:878} INFO - 
================================================================================
DAG File Processing Stats

File Path                         PID    Runtime      # DAGs    # Errors  Last Runtime    Last Run
--------------------------------  -----  ---------  --------  ----------  --------------  -------------------
/opt/airflow/dags/iceberg_dag.py                           1           0  0.71s           2026-03-06T10:54:43
================================================================================
[2026-03-06T10:55:39.546+0000] {manager.py:878} INFO - 
================================================================================
DAG File Processing Stats

File Path                         PID    Runtime      # DAGs    # Errors  Last Runtime    Last Run
--------------------------------  -----  ---------  --------  ----------  --------------  -------------------
/opt/airflow/dags/iceberg_dag.py                           1           0  0.42s           2026-03-06T10:55:14
================================================================================
[2026-03-06T10:56:09.228+0000] {manager.py:878} INFO - 
================================================================================
DAG File Processing Stats

File Path                         PID    Runtime      # DAGs    # Errors  Last Runtime    Last Run
--------------------------------  -----  ---------  --------  ----------  --------------  -------------------
/opt/airflow/dags/iceberg_dag.py                           1           0  0.35s           2026-03-06T10:55:45
================================================================================
[2026-03-06T10:56:38.696+0000] {manager.py:878} INFO - 
================================================================================
DAG File Processing Stats

File Path                         PID    Runtime      # DAGs    # Errors  Last Runtime    Last Run
--------------------------------  -----  ---------  --------  ----------  --------------  -------------------
/opt/airflow/dags/iceberg_dag.py                           1           0  0.22s           2026-03-06T10:56:15
================================================================================
[2026-03-06T10:57:08.229+0000] {manager.py:878} INFO - 
================================================================================
DAG File Processing Stats

File Path                         PID    Runtime      # DAGs    # Errors  Last Runtime    Last Run
--------------------------------  -----  ---------  --------  ----------  --------------  -------------------
/opt/airflow/dags/iceberg_dag.py                           1           0  0.30s           2026-03-06T10:56:46
================================================================================
[2026-03-06T10:57:37.840+0000] {manager.py:878} INFO - 
================================================================================
DAG File Processing Stats

File Path                         PID    Runtime      # DAGs    # Errors  Last Runtime    Last Run
--------------------------------  -----  ---------  --------  ----------  --------------  -------------------
/opt/airflow/dags/iceberg_dag.py                           1           0  0.50s           2026-03-06T10:57:16
================================================================================
[2026-03-06T10:58:07.184+0000] {manager.py:878} INFO - 
================================================================================
DAG File Processing Stats

File Path                         PID    Runtime      # DAGs    # Errors  Last Runtime    Last Run
--------------------------------  -----  ---------  --------  ----------  --------------  -------------------
/opt/airflow/dags/iceberg_dag.py                           1           0  0.29s           2026-03-06T10:57:47
================================================================================
[2026-03-06T10:58:36.824+0000] {manager.py:878} INFO - 
================================================================================
DAG File Processing Stats

File Path                         PID    Runtime      # DAGs    # Errors  Last Runtime    Last Run
--------------------------------  -----  ---------  --------  ----------  --------------  -------------------
/opt/airflow/dags/iceberg_dag.py                           1           0  0.35s           2026-03-06T10:58:17
================================================================================
[2026-03-06T10:59:06.316+0000] {manager.py:878} INFO - 
================================================================================
DAG File Processing Stats

File Path                         PID    Runtime      # DAGs    # Errors  Last Runtime    Last Run
--------------------------------  -----  ---------  --------  ----------  --------------  -------------------
/opt/airflow/dags/iceberg_dag.py                           1           0  0.42s           2026-03-06T10:58:48
================================================================================
[2026-03-06T10:59:36.012+0000] {manager.py:878} INFO - 
================================================================================
DAG File Processing Stats

File Path                         PID    Runtime      # DAGs    # Errors  Last Runtime    Last Run
--------------------------------  -----  ---------  --------  ----------  --------------  -------------------
/opt/airflow/dags/iceberg_dag.py                           1           0  0.24s           2026-03-06T10:59:18
================================================================================
[2026-03-06T10:59:58.337+0000] {manager.py:737} INFO - Searching for files in /opt/airflow/dags
[2026-03-06T10:59:58.371+0000] {manager.py:740} INFO - There are 1 files in /opt/airflow/dags
[2026-03-06T11:00:05.468+0000] {manager.py:878} INFO - 
================================================================================
DAG File Processing Stats

File Path                         PID    Runtime      # DAGs    # Errors  Last Runtime    Last Run
--------------------------------  -----  ---------  --------  ----------  --------------  -------------------
/opt/airflow/dags/iceberg_dag.py                           1           0  0.25s           2026-03-06T10:59:49
================================================================================
[2026-03-06T11:00:34.899+0000] {manager.py:878} INFO - 
================================================================================
DAG File Processing Stats

File Path                         PID    Runtime      # DAGs    # Errors  Last Runtime    Last Run
--------------------------------  -----  ---------  --------  ----------  --------------  -------------------
/opt/airflow/dags/iceberg_dag.py                           1           0  0.21s           2026-03-06T11:00:19
================================================================================
[2026-03-06T11:01:04.516+0000] {manager.py:878} INFO - 
================================================================================
DAG File Processing Stats

File Path                         PID    Runtime      # DAGs    # Errors  Last Runtime    Last Run
--------------------------------  -----  ---------  --------  ----------  --------------  -------------------
/opt/airflow/dags/iceberg_dag.py                           1           0  0.34s           2026-03-06T11:00:50
================================================================================
[2026-03-06T11:01:33.940+0000] {manager.py:878} INFO - 
================================================================================
DAG File Processing Stats

File Path                         PID    Runtime      # DAGs    # Errors  Last Runtime    Last Run
--------------------------------  -----  ---------  --------  ----------  --------------  -------------------
/opt/airflow/dags/iceberg_dag.py                           1           0  0.27s           2026-03-06T11:01:21
================================================================================
[2026-03-06T11:02:03.536+0000] {manager.py:878} INFO - 
================================================================================
DAG File Processing Stats

File Path                         PID    Runtime      # DAGs    # Errors  Last Runtime    Last Run
--------------------------------  -----  ---------  --------  ----------  --------------  -------------------
/opt/airflow/dags/iceberg_dag.py                           1           0  0.33s           2026-03-06T11:01:51
================================================================================
[2026-03-06T11:02:33.112+0000] {manager.py:878} INFO - 
================================================================================
DAG File Processing Stats

File Path                         PID    Runtime      # DAGs    # Errors  Last Runtime    Last Run
--------------------------------  -----  ---------  --------  ----------  --------------  -------------------
/opt/airflow/dags/iceberg_dag.py                           1           0  0.26s           2026-03-06T11:02:22
================================================================================
[2026-03-06T11:03:02.609+0000] {manager.py:878} INFO - 
================================================================================
DAG File Processing Stats

File Path                         PID    Runtime      # DAGs    # Errors  Last Runtime    Last Run
--------------------------------  -----  ---------  --------  ----------  --------------  -------------------
/opt/airflow/dags/iceberg_dag.py                           1           0  0.21s           2026-03-06T11:02:52
================================================================================
[2026-03-06T11:03:32.192+0000] {manager.py:878} INFO - 
================================================================================
DAG File Processing Stats

File Path                         PID    Runtime      # DAGs    # Errors  Last Runtime    Last Run
--------------------------------  -----  ---------  --------  ----------  --------------  -------------------
/opt/airflow/dags/iceberg_dag.py                           1           0  -0.20s          2026-03-06T11:03:22
================================================================================
[2026-03-06T11:04:01.690+0000] {manager.py:878} INFO - 
================================================================================
DAG File Processing Stats

File Path                         PID    Runtime      # DAGs    # Errors  Last Runtime    Last Run
--------------------------------  -----  ---------  --------  ----------  --------------  -------------------
/opt/airflow/dags/iceberg_dag.py                           1           0  0.24s           2026-03-06T11:03:52
================================================================================
[2026-03-06T11:04:31.028+0000] {manager.py:878} INFO - 
================================================================================
DAG File Processing Stats

File Path                         PID    Runtime      # DAGs    # Errors  Last Runtime    Last Run
--------------------------------  -----  ---------  --------  ----------  --------------  -------------------
/opt/airflow/dags/iceberg_dag.py                           1           0  0.37s           2026-03-06T11:04:23
================================================================================
[2026-03-06T11:04:58.816+0000] {manager.py:737} INFO - Searching for files in /opt/airflow/dags
[2026-03-06T11:04:58.899+0000] {manager.py:740} INFO - There are 1 files in /opt/airflow/dags
[2026-03-06T11:05:00.956+0000] {manager.py:878} INFO - 
================================================================================
DAG File Processing Stats

File Path                         PID    Runtime      # DAGs    # Errors  Last Runtime    Last Run
--------------------------------  -----  ---------  --------  ----------  --------------  -------------------
/opt/airflow/dags/iceberg_dag.py                           1           0  0.35s           2026-03-06T11:04:53
================================================================================
[2026-03-06T11:05:30.424+0000] {manager.py:878} INFO - 
================================================================================
DAG File Processing Stats

File Path                         PID    Runtime      # DAGs    # Errors  Last Runtime    Last Run
--------------------------------  -----  ---------  --------  ----------  --------------  -------------------
/opt/airflow/dags/iceberg_dag.py                           1           0  0.18s           2026-03-06T11:05:24
================================================================================
[2026-03-06T11:05:59.652+0000] {manager.py:878} INFO - 
================================================================================
DAG File Processing Stats

File Path                         PID    Runtime      # DAGs    # Errors  Last Runtime    Last Run
--------------------------------  -----  ---------  --------  ----------  --------------  -------------------
/opt/airflow/dags/iceberg_dag.py                           1           0  3.47s           2026-03-06T11:05:58
================================================================================
[2026-03-06T11:06:29.388+0000] {manager.py:878} INFO - 
================================================================================
DAG File Processing Stats

File Path                           PID  Runtime      # DAGs    # Errors  Last Runtime    Last Run
--------------------------------  -----  ---------  --------  ----------  --------------  -------------------
/opt/airflow/dags/iceberg_dag.py    433  0.01s             1           0  3.47s           2026-03-06T11:05:58
================================================================================
[2026-03-06T11:06:58.501+0000] {manager.py:878} INFO - 
================================================================================
DAG File Processing Stats

File Path                         PID    Runtime      # DAGs    # Errors  Last Runtime    Last Run
--------------------------------  -----  ---------  --------  ----------  --------------  -------------------
/opt/airflow/dags/iceberg_dag.py                           1           0  0.41s           2026-03-06T11:06:29
================================================================================
[2026-03-06T11:07:28.142+0000] {manager.py:878} INFO - 
================================================================================
DAG File Processing Stats

File Path                         PID    Runtime      # DAGs    # Errors  Last Runtime    Last Run
--------------------------------  -----  ---------  --------  ----------  --------------  -------------------
/opt/airflow/dags/iceberg_dag.py                           1           0  0.47s           2026-03-06T11:07:01
================================================================================
[2026-03-06T11:07:58.073+0000] {manager.py:878} INFO - 
================================================================================
DAG File Processing Stats

File Path                         PID    Runtime      # DAGs    # Errors  Last Runtime    Last Run
--------------------------------  -----  ---------  --------  ----------  --------------  -------------------
/opt/airflow/dags/iceberg_dag.py                           1           0  0.25s           2026-03-06T11:07:31
================================================================================
[2026-03-06T11:08:28.083+0000] {manager.py:878} INFO - 
================================================================================
DAG File Processing Stats

File Path                         PID    Runtime      # DAGs    # Errors  Last Runtime    Last Run
--------------------------------  -----  ---------  --------  ----------  --------------  -------------------
/opt/airflow/dags/iceberg_dag.py                           1           0  0.23s           2026-03-06T11:08:02
================================================================================
[2026-03-06T11:08:57.137+0000] {manager.py:878} INFO - 
================================================================================
DAG File Processing Stats

File Path                         PID    Runtime      # DAGs    # Errors  Last Runtime    Last Run
--------------------------------  -----  ---------  --------  ----------  --------------  -------------------
/opt/airflow/dags/iceberg_dag.py                           1           0  0.27s           2026-03-06T11:08:33
================================================================================
[2026-03-06T11:09:26.235+0000] {manager.py:878} INFO - 
================================================================================
DAG File Processing Stats

File Path                         PID    Runtime      # DAGs    # Errors  Last Runtime    Last Run
--------------------------------  -----  ---------  --------  ----------  --------------  -------------------
/opt/airflow/dags/iceberg_dag.py                           1           0  0.33s           2026-03-06T11:09:03
================================================================================
[2026-03-06T11:09:55.734+0000] {manager.py:878} INFO - 
================================================================================
DAG File Processing Stats

File Path                         PID    Runtime      # DAGs    # Errors  Last Runtime    Last Run
--------------------------------  -----  ---------  --------  ----------  --------------  -------------------
/opt/airflow/dags/iceberg_dag.py                           1           0  0.21s           2026-03-06T11:09:34
================================================================================
[2026-03-06T11:09:58.833+0000] {manager.py:737} INFO - Searching for files in /opt/airflow/dags
[2026-03-06T11:09:58.893+0000] {manager.py:740} INFO - There are 1 files in /opt/airflow/dags
[2026-03-06T11:10:25.449+0000] {manager.py:878} INFO - 
================================================================================
DAG File Processing Stats

File Path                         PID    Runtime      # DAGs    # Errors  Last Runtime    Last Run
--------------------------------  -----  ---------  --------  ----------  --------------  -------------------
/opt/airflow/dags/iceberg_dag.py                           1           0  0.34s           2026-03-06T11:10:05
================================================================================
[2026-03-06T11:10:54.854+0000] {manager.py:878} INFO - 
================================================================================
DAG File Processing Stats

File Path                         PID    Runtime      # DAGs    # Errors  Last Runtime    Last Run
--------------------------------  -----  ---------  --------  ----------  --------------  -------------------
/opt/airflow/dags/iceberg_dag.py                           1           0  0.27s           2026-03-06T11:10:35
================================================================================
[2026-03-06T11:11:24.390+0000] {manager.py:878} INFO - 
================================================================================
DAG File Processing Stats

File Path                         PID    Runtime      # DAGs    # Errors  Last Runtime    Last Run
--------------------------------  -----  ---------  --------  ----------  --------------  -------------------
/opt/airflow/dags/iceberg_dag.py                           1           0  0.28s           2026-03-06T11:11:06
================================================================================
[2026-03-06T11:11:53.743+0000] {manager.py:878} INFO - 
================================================================================
DAG File Processing Stats

File Path                         PID    Runtime      # DAGs    # Errors  Last Runtime    Last Run
--------------------------------  -----  ---------  --------  ----------  --------------  -------------------
/opt/airflow/dags/iceberg_dag.py                           1           0  0.22s           2026-03-06T11:11:36
================================================================================
[2026-03-06T11:12:23.166+0000] {manager.py:878} INFO - 
================================================================================
DAG File Processing Stats

File Path                         PID    Runtime      # DAGs    # Errors  Last Runtime    Last Run
--------------------------------  -----  ---------  --------  ----------  --------------  -------------------
/opt/airflow/dags/iceberg_dag.py                           1           0  0.21s           2026-03-06T11:12:07
================================================================================
[2026-03-06T11:12:52.579+0000] {manager.py:878} INFO - 
================================================================================
DAG File Processing Stats

File Path                         PID    Runtime      # DAGs    # Errors  Last Runtime    Last Run
--------------------------------  -----  ---------  --------  ----------  --------------  -------------------
/opt/airflow/dags/iceberg_dag.py                           1           0  0.29s           2026-03-06T11:12:37
================================================================================
[2026-03-06T11:13:22.074+0000] {manager.py:878} INFO - 
================================================================================
DAG File Processing Stats

File Path                         PID    Runtime      # DAGs    # Errors  Last Runtime    Last Run
--------------------------------  -----  ---------  --------  ----------  --------------  -------------------
/opt/airflow/dags/iceberg_dag.py                           1           0  0.26s           2026-03-06T11:13:08
================================================================================
[2026-03-06T11:13:51.548+0000] {manager.py:878} INFO - 
================================================================================
DAG File Processing Stats

File Path                         PID    Runtime      # DAGs    # Errors  Last Runtime    Last Run
--------------------------------  -----  ---------  --------  ----------  --------------  -------------------
/opt/airflow/dags/iceberg_dag.py                           1           0  0.20s           2026-03-06T11:13:38
================================================================================
[2026-03-06T11:14:20.969+0000] {manager.py:878} INFO - 
================================================================================
DAG File Processing Stats

File Path                         PID    Runtime      # DAGs    # Errors  Last Runtime    Last Run
--------------------------------  -----  ---------  --------  ----------  --------------  -------------------
/opt/airflow/dags/iceberg_dag.py                           1           0  0.22s           2026-03-06T11:14:08
================================================================================
[2026-03-06T11:14:50.429+0000] {manager.py:878} INFO - 
================================================================================
DAG File Processing Stats

File Path                         PID    Runtime      # DAGs    # Errors  Last Runtime    Last Run
--------------------------------  -----  ---------  --------  ----------  --------------  -------------------
/opt/airflow/dags/iceberg_dag.py                           1           0  0.19s           2026-03-06T11:14:39
================================================================================
[2026-03-06T11:14:59.497+0000] {manager.py:737} INFO - Searching for files in /opt/airflow/dags
[2026-03-06T11:14:59.567+0000] {manager.py:740} INFO - There are 1 files in /opt/airflow/dags
[2026-03-06T11:15:19.852+0000] {manager.py:878} INFO - 
================================================================================
DAG File Processing Stats

File Path                         PID    Runtime      # DAGs    # Errors  Last Runtime    Last Run
--------------------------------  -----  ---------  --------  ----------  --------------  -------------------
/opt/airflow/dags/iceberg_dag.py                           1           0  0.18s           2026-03-06T11:15:09
================================================================================
[2026-03-06T11:15:49.300+0000] {manager.py:878} INFO - 
================================================================================
DAG File Processing Stats

File Path                         PID    Runtime      # DAGs    # Errors  Last Runtime    Last Run
--------------------------------  -----  ---------  --------  ----------  --------------  -------------------
/opt/airflow/dags/iceberg_dag.py                           1           0  0.21s           2026-03-06T11:15:40
================================================================================
[2026-03-06T11:16:18.780+0000] {manager.py:878} INFO - 
================================================================================
DAG File Processing Stats

File Path                         PID    Runtime      # DAGs    # Errors  Last Runtime    Last Run
--------------------------------  -----  ---------  --------  ----------  --------------  -------------------
/opt/airflow/dags/iceberg_dag.py                           1           0  0.29s           2026-03-06T11:16:10
================================================================================
[2026-03-06T11:16:48.346+0000] {manager.py:878} INFO - 
================================================================================
DAG File Processing Stats

File Path                         PID    Runtime      # DAGs    # Errors  Last Runtime    Last Run
--------------------------------  -----  ---------  --------  ----------  --------------  -------------------
/opt/airflow/dags/iceberg_dag.py                           1           0  0.20s           2026-03-06T11:16:41
================================================================================
[2026-03-06T11:17:17.874+0000] {manager.py:878} INFO - 
================================================================================
DAG File Processing Stats

File Path                         PID    Runtime      # DAGs    # Errors  Last Runtime    Last Run
--------------------------------  -----  ---------  --------  ----------  --------------  -------------------
/opt/airflow/dags/iceberg_dag.py                           1           0  0.21s           2026-03-06T11:17:11
================================================================================
[2026-03-06T11:17:47.291+0000] {manager.py:878} INFO - 
================================================================================
DAG File Processing Stats

File Path                         PID    Runtime      # DAGs    # Errors  Last Runtime    Last Run
--------------------------------  -----  ---------  --------  ----------  --------------  -------------------
/opt/airflow/dags/iceberg_dag.py                           1           0  0.21s           2026-03-06T11:17:42
================================================================================
[2026-03-06T11:18:16.803+0000] {manager.py:878} INFO - 
================================================================================
DAG File Processing Stats

File Path                         PID    Runtime      # DAGs    # Errors  Last Runtime    Last Run
--------------------------------  -----  ---------  --------  ----------  --------------  -------------------
/opt/airflow/dags/iceberg_dag.py                           1           0  0.17s           2026-03-06T11:18:12
================================================================================
[2026-03-06T11:18:46.257+0000] {manager.py:878} INFO - 
================================================================================
DAG File Processing Stats

File Path                         PID    Runtime      # DAGs    # Errors  Last Runtime    Last Run
--------------------------------  -----  ---------  --------  ----------  --------------  -------------------
/opt/airflow/dags/iceberg_dag.py                           1           0  0.17s           2026-03-06T11:18:43
================================================================================
[2026-03-06T11:19:15.736+0000] {manager.py:878} INFO - 
================================================================================
DAG File Processing Stats

File Path                         PID    Runtime      # DAGs    # Errors  Last Runtime    Last Run
--------------------------------  -----  ---------  --------  ----------  --------------  -------------------
/opt/airflow/dags/iceberg_dag.py                           1           0  0.20s           2026-03-06T11:19:13
================================================================================
[2026-03-06T11:19:45.209+0000] {manager.py:878} INFO - 
================================================================================
DAG File Processing Stats

File Path                         PID    Runtime      # DAGs    # Errors  Last Runtime    Last Run
--------------------------------  -----  ---------  --------  ----------  --------------  -------------------
/opt/airflow/dags/iceberg_dag.py                           1           0  0.20s           2026-03-06T11:19:44
================================================================================
[2026-03-06T11:19:59.543+0000] {manager.py:737} INFO - Searching for files in /opt/airflow/dags
[2026-03-06T11:19:59.580+0000] {manager.py:740} INFO - There are 1 files in /opt/airflow/dags
[2026-03-06T11:20:14.599+0000] {manager.py:878} INFO - 
================================================================================
DAG File Processing Stats

File Path                           PID  Runtime      # DAGs    # Errors  Last Runtime    Last Run
--------------------------------  -----  ---------  --------  ----------  --------------  -------------------
/opt/airflow/dags/iceberg_dag.py    568  0.01s             1           0  0.20s           2026-03-06T11:19:44
================================================================================
[2026-03-06T11:20:43.883+0000] {manager.py:878} INFO - 
================================================================================
DAG File Processing Stats

File Path                         PID    Runtime      # DAGs    # Errors  Last Runtime    Last Run
--------------------------------  -----  ---------  --------  ----------  --------------  -------------------
/opt/airflow/dags/iceberg_dag.py                           1           0  0.19s           2026-03-06T11:20:14
================================================================================
[2026-03-06T11:21:13.473+0000] {manager.py:878} INFO - 
================================================================================
DAG File Processing Stats

File Path                         PID    Runtime      # DAGs    # Errors  Last Runtime    Last Run
--------------------------------  -----  ---------  --------  ----------  --------------  -------------------
/opt/airflow/dags/iceberg_dag.py                           1           0  0.21s           2026-03-06T11:20:45
================================================================================
[2026-03-06T11:21:42.890+0000] {manager.py:878} INFO - 
================================================================================
DAG File Processing Stats

File Path                         PID    Runtime      # DAGs    # Errors  Last Runtime    Last Run
--------------------------------  -----  ---------  --------  ----------  --------------  -------------------
/opt/airflow/dags/iceberg_dag.py                           1           0  0.24s           2026-03-06T11:21:15
================================================================================
[2026-03-06T11:22:12.300+0000] {manager.py:878} INFO - 
================================================================================
DAG File Processing Stats

File Path                         PID    Runtime      # DAGs    # Errors  Last Runtime    Last Run
--------------------------------  -----  ---------  --------  ----------  --------------  -------------------
/opt/airflow/dags/iceberg_dag.py                           1           0  0.18s           2026-03-06T11:21:46
================================================================================
[2026-03-06T11:22:41.791+0000] {manager.py:878} INFO - 
================================================================================
DAG File Processing Stats

File Path                         PID    Runtime      # DAGs    # Errors  Last Runtime    Last Run
--------------------------------  -----  ---------  --------  ----------  --------------  -------------------
/opt/airflow/dags/iceberg_dag.py                           1           0  0.24s           2026-03-06T11:22:16
================================================================================
[2026-03-06T11:23:11.255+0000] {manager.py:878} INFO - 
================================================================================
DAG File Processing Stats

File Path                         PID    Runtime      # DAGs    # Errors  Last Runtime    Last Run
--------------------------------  -----  ---------  --------  ----------  --------------  -------------------
/opt/airflow/dags/iceberg_dag.py                           1           0  0.18s           2026-03-06T11:22:47
================================================================================
[2026-03-06T11:23:40.696+0000] {manager.py:878} INFO - 
================================================================================
DAG File Processing Stats

File Path                         PID    Runtime      # DAGs    # Errors  Last Runtime    Last Run
--------------------------------  -----  ---------  --------  ----------  --------------  -------------------
/opt/airflow/dags/iceberg_dag.py                           1           0  0.24s           2026-03-06T11:23:17
================================================================================
[2026-03-06T11:24:09.156+0000] {manager.py:878} INFO - 
================================================================================
DAG File Processing Stats

File Path                         PID    Runtime      # DAGs    # Errors  Last Runtime    Last Run
--------------------------------  -----  ---------  --------  ----------  --------------  -------------------
/opt/airflow/dags/iceberg_dag.py                           1           0  0.19s           2026-03-06T11:23:47
================================================================================
[2026-03-06T11:24:38.584+0000] {manager.py:878} INFO - 
================================================================================
DAG File Processing Stats

File Path                         PID    Runtime      # DAGs    # Errors  Last Runtime    Last Run
--------------------------------  -----  ---------  --------  ----------  --------------  -------------------
/opt/airflow/dags/iceberg_dag.py                           1           0  0.20s           2026-03-06T11:24:18
================================================================================
[2026-03-06T11:25:00.020+0000] {manager.py:737} INFO - Searching for files in /opt/airflow/dags
[2026-03-06T11:25:00.065+0000] {manager.py:740} INFO - There are 1 files in /opt/airflow/dags
[2026-03-06T11:25:08.188+0000] {manager.py:878} INFO - 
================================================================================
DAG File Processing Stats

File Path                         PID    Runtime      # DAGs    # Errors  Last Runtime    Last Run
--------------------------------  -----  ---------  --------  ----------  --------------  -------------------
/opt/airflow/dags/iceberg_dag.py                           1           0  0.18s           2026-03-06T11:24:48
================================================================================
[2026-03-06T11:25:37.554+0000] {manager.py:878} INFO - 
================================================================================
DAG File Processing Stats

File Path                         PID    Runtime      # DAGs    # Errors  Last Runtime    Last Run
--------------------------------  -----  ---------  --------  ----------  --------------  -------------------
/opt/airflow/dags/iceberg_dag.py                           1           0  0.17s           2026-03-06T11:25:19
================================================================================
[2026-03-06T11:26:06.909+0000] {manager.py:878} INFO - 
================================================================================
DAG File Processing Stats

File Path                         PID    Runtime      # DAGs    # Errors  Last Runtime    Last Run
--------------------------------  -----  ---------  --------  ----------  --------------  -------------------
/opt/airflow/dags/iceberg_dag.py                           1           0  0.17s           2026-03-06T11:25:49
================================================================================
[2026-03-06T11:26:36.630+0000] {manager.py:878} INFO - 
================================================================================
DAG File Processing Stats

File Path                         PID    Runtime      # DAGs    # Errors  Last Runtime    Last Run
--------------------------------  -----  ---------  --------  ----------  --------------  -------------------
/opt/airflow/dags/iceberg_dag.py                           1           0  0.47s           2026-03-06T11:26:21
================================================================================
[2026-03-06T11:27:05.739+0000] {manager.py:878} INFO - 
================================================================================
DAG File Processing Stats

File Path                         PID    Runtime      # DAGs    # Errors  Last Runtime    Last Run
--------------------------------  -----  ---------  --------  ----------  --------------  -------------------
/opt/airflow/dags/iceberg_dag.py                           1           0  0.40s           2026-03-06T11:26:52
================================================================================
[2026-03-06T11:27:35.063+0000] {manager.py:878} INFO - 
================================================================================
DAG File Processing Stats

File Path                         PID    Runtime      # DAGs    # Errors  Last Runtime    Last Run
--------------------------------  -----  ---------  --------  ----------  --------------  -------------------
/opt/airflow/dags/iceberg_dag.py                           1           0  0.20s           2026-03-06T11:27:23
================================================================================
[2026-03-06T11:28:04.717+0000] {manager.py:878} INFO - 
================================================================================
DAG File Processing Stats

File Path                         PID    Runtime      # DAGs    # Errors  Last Runtime    Last Run
--------------------------------  -----  ---------  --------  ----------  --------------  -------------------
/opt/airflow/dags/iceberg_dag.py                           1           0  0.53s           2026-03-06T11:27:53
================================================================================
[2026-03-06T11:28:33.711+0000] {manager.py:878} INFO - 
================================================================================
DAG File Processing Stats

File Path                         PID    Runtime      # DAGs    # Errors  Last Runtime    Last Run
--------------------------------  -----  ---------  --------  ----------  --------------  -------------------
/opt/airflow/dags/iceberg_dag.py                           1           0  0.36s           2026-03-06T11:28:24
================================================================================
[2026-03-06T11:29:02.840+0000] {manager.py:878} INFO - 
================================================================================
DAG File Processing Stats

File Path                         PID    Runtime      # DAGs    # Errors  Last Runtime    Last Run
--------------------------------  -----  ---------  --------  ----------  --------------  -------------------
/opt/airflow/dags/iceberg_dag.py                           1           0  0.27s           2026-03-06T11:28:55
================================================================================
[2026-03-06T11:29:32.747+0000] {manager.py:878} INFO - 
================================================================================
DAG File Processing Stats

File Path                         PID    Runtime      # DAGs    # Errors  Last Runtime    Last Run
--------------------------------  -----  ---------  --------  ----------  --------------  -------------------
/opt/airflow/dags/iceberg_dag.py                           1           0  3.07s           2026-03-06T11:29:28
================================================================================
[2026-03-06T11:30:00.388+0000] {manager.py:737} INFO - Searching for files in /opt/airflow/dags
[2026-03-06T11:30:00.485+0000] {manager.py:740} INFO - There are 1 files in /opt/airflow/dags
[2026-03-06T11:30:02.545+0000] {manager.py:878} INFO - 
================================================================================
DAG File Processing Stats

File Path                         PID    Runtime      # DAGs    # Errors  Last Runtime    Last Run
--------------------------------  -----  ---------  --------  ----------  --------------  -------------------
/opt/airflow/dags/iceberg_dag.py                           1           0  0.34s           2026-03-06T11:29:59
================================================================================
[2026-03-06T11:30:31.931+0000] {manager.py:878} INFO - 
================================================================================
DAG File Processing Stats

File Path                           PID  Runtime      # DAGs    # Errors  Last Runtime    Last Run
--------------------------------  -----  ---------  --------  ----------  --------------  -------------------
/opt/airflow/dags/iceberg_dag.py    668  2.05s             1           0  0.34s           2026-03-06T11:29:59
================================================================================
[2026-03-06T11:31:01.531+0000] {manager.py:878} INFO - 
================================================================================
DAG File Processing Stats

File Path                         PID    Runtime      # DAGs    # Errors  Last Runtime    Last Run
--------------------------------  -----  ---------  --------  ----------  --------------  -------------------
/opt/airflow/dags/iceberg_dag.py                           1           0  2.44s           2026-03-06T11:30:32
================================================================================
[2026-03-06T11:31:31.173+0000] {manager.py:878} INFO - 
================================================================================
DAG File Processing Stats

File Path                         PID    Runtime      # DAGs    # Errors  Last Runtime    Last Run
--------------------------------  -----  ---------  --------  ----------  --------------  -------------------
/opt/airflow/dags/iceberg_dag.py                           1           0  0.25s           2026-03-06T11:31:02
================================================================================
[2026-03-06T11:32:00.658+0000] {manager.py:878} INFO - 
================================================================================
DAG File Processing Stats

File Path                         PID    Runtime      # DAGs    # Errors  Last Runtime    Last Run
--------------------------------  -----  ---------  --------  ----------  --------------  -------------------
/opt/airflow/dags/iceberg_dag.py                           1           0  0.22s           2026-03-06T11:31:33
================================================================================
[2026-03-06T11:32:30.368+0000] {manager.py:878} INFO - 
================================================================================
DAG File Processing Stats

File Path                         PID    Runtime      # DAGs    # Errors  Last Runtime    Last Run
--------------------------------  -----  ---------  --------  ----------  --------------  -------------------
/opt/airflow/dags/iceberg_dag.py                           1           0  0.26s           2026-03-06T11:32:04
================================================================================
[2026-03-06T11:33:00.206+0000] {manager.py:878} INFO - 
================================================================================
DAG File Processing Stats

File Path                         PID    Runtime      # DAGs    # Errors  Last Runtime    Last Run
--------------------------------  -----  ---------  --------  ----------  --------------  -------------------
/opt/airflow/dags/iceberg_dag.py                           1           0  0.46s           2026-03-06T11:32:39
================================================================================
[2026-03-06T11:33:29.660+0000] {manager.py:878} INFO - 
================================================================================
DAG File Processing Stats

File Path                         PID    Runtime      # DAGs    # Errors  Last Runtime    Last Run
--------------------------------  -----  ---------  --------  ----------  --------------  -------------------
/opt/airflow/dags/iceberg_dag.py                           1           0  0.45s           2026-03-06T11:33:09
================================================================================
[2026-03-06T11:33:59.364+0000] {manager.py:878} INFO - 
================================================================================
DAG File Processing Stats

File Path                         PID    Runtime      # DAGs    # Errors  Last Runtime    Last Run
--------------------------------  -----  ---------  --------  ----------  --------------  -------------------
/opt/airflow/dags/iceberg_dag.py                           1           0  0.20s           2026-03-06T11:33:40
================================================================================
[2026-03-06T11:34:28.855+0000] {manager.py:878} INFO - 
================================================================================
DAG File Processing Stats

File Path                         PID    Runtime      # DAGs    # Errors  Last Runtime    Last Run
--------------------------------  -----  ---------  --------  ----------  --------------  -------------------
/opt/airflow/dags/iceberg_dag.py                           1           0  0.19s           2026-03-06T11:34:10
================================================================================
[2026-03-06T11:34:58.229+0000] {manager.py:878} INFO - 
================================================================================
DAG File Processing Stats

File Path                         PID    Runtime      # DAGs    # Errors  Last Runtime    Last Run
--------------------------------  -----  ---------  --------  ----------  --------------  -------------------
/opt/airflow/dags/iceberg_dag.py                           1           0  0.21s           2026-03-06T11:34:41
================================================================================
[2026-03-06T11:35:00.535+0000] {manager.py:737} INFO - Searching for files in /opt/airflow/dags
[2026-03-06T11:35:00.594+0000] {manager.py:740} INFO - There are 1 files in /opt/airflow/dags
[2026-03-06T11:35:27.574+0000] {manager.py:878} INFO - 
================================================================================
DAG File Processing Stats

File Path                         PID    Runtime      # DAGs    # Errors  Last Runtime    Last Run
--------------------------------  -----  ---------  --------  ----------  --------------  -------------------
/opt/airflow/dags/iceberg_dag.py                           1           0  0.23s           2026-03-06T11:35:11
================================================================================
[2026-03-06T11:35:57.161+0000] {manager.py:878} INFO - 
================================================================================
DAG File Processing Stats

File Path                         PID    Runtime      # DAGs    # Errors  Last Runtime    Last Run
--------------------------------  -----  ---------  --------  ----------  --------------  -------------------
/opt/airflow/dags/iceberg_dag.py                           1           0  0.23s           2026-03-06T11:35:42
================================================================================
[2026-03-06T11:36:26.581+0000] {manager.py:878} INFO - 
================================================================================
DAG File Processing Stats

File Path                         PID    Runtime      # DAGs    # Errors  Last Runtime    Last Run
--------------------------------  -----  ---------  --------  ----------  --------------  -------------------
/opt/airflow/dags/iceberg_dag.py                           1           0  0.17s           2026-03-06T11:36:12
================================================================================
[2026-03-06T11:36:55.964+0000] {manager.py:878} INFO - 
================================================================================
DAG File Processing Stats

File Path                         PID    Runtime      # DAGs    # Errors  Last Runtime    Last Run
--------------------------------  -----  ---------  --------  ----------  --------------  -------------------
/opt/airflow/dags/iceberg_dag.py                           1           0  0.18s           2026-03-06T11:36:42
================================================================================
[2026-03-06T11:37:25.476+0000] {manager.py:878} INFO - 
================================================================================
DAG File Processing Stats

File Path                         PID    Runtime      # DAGs    # Errors  Last Runtime    Last Run
--------------------------------  -----  ---------  --------  ----------  --------------  -------------------
/opt/airflow/dags/iceberg_dag.py                           1           0  0.24s           2026-03-06T11:37:13
================================================================================
[2026-03-06T11:37:54.959+0000] {manager.py:878} INFO - 
================================================================================
DAG File Processing Stats

File Path                         PID    Runtime      # DAGs    # Errors  Last Runtime    Last Run
--------------------------------  -----  ---------  --------  ----------  --------------  -------------------
/opt/airflow/dags/iceberg_dag.py                           1           0  0.32s           2026-03-06T11:37:44
================================================================================
[2026-03-06T11:38:24.434+0000] {manager.py:878} INFO - 
================================================================================
DAG File Processing Stats

File Path                         PID    Runtime      # DAGs    # Errors  Last Runtime    Last Run
--------------------------------  -----  ---------  --------  ----------  --------------  -------------------
/opt/airflow/dags/iceberg_dag.py                           1           0  0.21s           2026-03-06T11:38:14
================================================================================
[2026-03-06T11:38:53.846+0000] {manager.py:878} INFO - 
================================================================================
DAG File Processing Stats

File Path                         PID    Runtime      # DAGs    # Errors  Last Runtime    Last Run
--------------------------------  -----  ---------  --------  ----------  --------------  -------------------
/opt/airflow/dags/iceberg_dag.py                           1           0  0.17s           2026-03-06T11:38:44
================================================================================
[2026-03-06T11:39:23.184+0000] {manager.py:878} INFO - 
================================================================================
DAG File Processing Stats

File Path                         PID    Runtime      # DAGs    # Errors  Last Runtime    Last Run
--------------------------------  -----  ---------  --------  ----------  --------------  -------------------
/opt/airflow/dags/iceberg_dag.py                           1           0  0.17s           2026-03-06T11:39:15
================================================================================
[2026-03-06T11:39:52.771+0000] {manager.py:878} INFO - 
================================================================================
DAG File Processing Stats

File Path                         PID    Runtime      # DAGs    # Errors  Last Runtime    Last Run
--------------------------------  -----  ---------  --------  ----------  --------------  -------------------
/opt/airflow/dags/iceberg_dag.py                           1           0  0.20s           2026-03-06T11:39:45
================================================================================
[2026-03-06T11:40:00.867+0000] {manager.py:737} INFO - Searching for files in /opt/airflow/dags
[2026-03-06T11:40:00.890+0000] {manager.py:740} INFO - There are 1 files in /opt/airflow/dags
[2026-03-06T11:40:22.334+0000] {manager.py:878} INFO - 
================================================================================
DAG File Processing Stats

File Path                         PID    Runtime      # DAGs    # Errors  Last Runtime    Last Run
--------------------------------  -----  ---------  --------  ----------  --------------  -------------------
/opt/airflow/dags/iceberg_dag.py                           1           0  0.24s           2026-03-06T11:40:16
================================================================================
[2026-03-06T11:40:51.914+0000] {manager.py:878} INFO - 
================================================================================
DAG File Processing Stats

File Path                         PID    Runtime      # DAGs    # Errors  Last Runtime    Last Run
--------------------------------  -----  ---------  --------  ----------  --------------  -------------------
/opt/airflow/dags/iceberg_dag.py                           1           0  0.27s           2026-03-06T11:40:46
================================================================================
[2026-03-06T11:41:21.314+0000] {manager.py:878} INFO - 
================================================================================
DAG File Processing Stats

File Path                         PID    Runtime      # DAGs    # Errors  Last Runtime    Last Run
--------------------------------  -----  ---------  --------  ----------  --------------  -------------------
/opt/airflow/dags/iceberg_dag.py                           1           0  0.28s           2026-03-06T11:41:17
================================================================================
[2026-03-06T11:41:50.329+0000] {manager.py:878} INFO - 
================================================================================
DAG File Processing Stats

File Path                         PID    Runtime      # DAGs    # Errors  Last Runtime    Last Run
--------------------------------  -----  ---------  --------  ----------  --------------  -------------------
/opt/airflow/dags/iceberg_dag.py                           1           0  0.39s           2026-03-06T11:41:48
================================================================================
[2026-03-06T11:42:19.726+0000] {manager.py:878} INFO - 
================================================================================
DAG File Processing Stats

File Path                         PID    Runtime      # DAGs    # Errors  Last Runtime    Last Run
--------------------------------  -----  ---------  --------  ----------  --------------  -------------------
/opt/airflow/dags/iceberg_dag.py                           1           0  0.36s           2026-03-06T11:42:18
================================================================================
[2026-03-06T11:42:49.129+0000] {manager.py:878} INFO - 
================================================================================
DAG File Processing Stats

File Path                           PID  Runtime      # DAGs    # Errors  Last Runtime    Last Run
--------------------------------  -----  ---------  --------  ----------  --------------  -------------------
/opt/airflow/dags/iceberg_dag.py    793  0.01s             1           0  0.36s           2026-03-06T11:42:18
================================================================================
[2026-03-06T11:43:18.499+0000] {manager.py:878} INFO - 
================================================================================
DAG File Processing Stats

File Path                         PID    Runtime      # DAGs    # Errors  Last Runtime    Last Run
--------------------------------  -----  ---------  --------  ----------  --------------  -------------------
/opt/airflow/dags/iceberg_dag.py                           1           0  0.21s           2026-03-06T11:42:49
================================================================================
[2026-03-06T11:43:47.919+0000] {manager.py:878} INFO - 
================================================================================
DAG File Processing Stats

File Path                         PID    Runtime      # DAGs    # Errors  Last Runtime    Last Run
--------------------------------  -----  ---------  --------  ----------  --------------  -------------------
/opt/airflow/dags/iceberg_dag.py                           1           0  0.64s           2026-03-06T11:43:20
================================================================================
[2026-03-06T11:44:17.423+0000] {manager.py:878} INFO - 
================================================================================
DAG File Processing Stats

File Path                         PID    Runtime      # DAGs    # Errors  Last Runtime    Last Run
--------------------------------  -----  ---------  --------  ----------  --------------  -------------------
/opt/airflow/dags/iceberg_dag.py                           1           0  0.20s           2026-03-06T11:43:51
================================================================================
[2026-03-06T11:44:46.960+0000] {manager.py:878} INFO - 
================================================================================
DAG File Processing Stats

File Path                         PID    Runtime      # DAGs    # Errors  Last Runtime    Last Run
--------------------------------  -----  ---------  --------  ----------  --------------  -------------------
/opt/airflow/dags/iceberg_dag.py                           1           0  0.20s           2026-03-06T11:44:21
================================================================================
[2026-03-06T11:45:01.306+0000] {manager.py:737} INFO - Searching for files in /opt/airflow/dags
[2026-03-06T11:45:01.400+0000] {manager.py:740} INFO - There are 1 files in /opt/airflow/dags
[2026-03-06T11:45:16.644+0000] {manager.py:878} INFO - 
================================================================================
DAG File Processing Stats

File Path                         PID    Runtime      # DAGs    # Errors  Last Runtime    Last Run
--------------------------------  -----  ---------  --------  ----------  --------------  -------------------
/opt/airflow/dags/iceberg_dag.py                           1           0  0.22s           2026-03-06T11:44:52
================================================================================
[2026-03-06T11:45:46.290+0000] {manager.py:878} INFO - 
================================================================================
DAG File Processing Stats

File Path                         PID    Runtime      # DAGs    # Errors  Last Runtime    Last Run
--------------------------------  -----  ---------  --------  ----------  --------------  -------------------
/opt/airflow/dags/iceberg_dag.py                           1           0  0.17s           2026-03-06T11:45:22
================================================================================
[2026-03-06T11:46:15.779+0000] {manager.py:878} INFO - 
================================================================================
DAG File Processing Stats

File Path                         PID    Runtime      # DAGs    # Errors  Last Runtime    Last Run
--------------------------------  -----  ---------  --------  ----------  --------------  -------------------
/opt/airflow/dags/iceberg_dag.py                           1           0  0.25s           2026-03-06T11:45:53
================================================================================
[2026-03-06T11:46:45.379+0000] {manager.py:878} INFO - 
================================================================================
DAG File Processing Stats

File Path                         PID    Runtime      # DAGs    # Errors  Last Runtime    Last Run
--------------------------------  -----  ---------  --------  ----------  --------------  -------------------
/opt/airflow/dags/iceberg_dag.py                           1           0  0.28s           2026-03-06T11:46:24
================================================================================
[2026-03-06T11:47:14.880+0000] {manager.py:878} INFO - 
================================================================================
DAG File Processing Stats

File Path                         PID    Runtime      # DAGs    # Errors  Last Runtime    Last Run
--------------------------------  -----  ---------  --------  ----------  --------------  -------------------
/opt/airflow/dags/iceberg_dag.py                           1           0  0.22s           2026-03-06T11:46:54
================================================================================
[2026-03-06T11:47:44.310+0000] {manager.py:878} INFO - 
================================================================================
DAG File Processing Stats

File Path                         PID    Runtime      # DAGs    # Errors  Last Runtime    Last Run
--------------------------------  -----  ---------  --------  ----------  --------------  -------------------
/opt/airflow/dags/iceberg_dag.py                           1           0  0.29s           2026-03-06T11:47:25
================================================================================
[2026-03-06T11:48:13.726+0000] {manager.py:878} INFO - 
================================================================================
DAG File Processing Stats

File Path                         PID    Runtime      # DAGs    # Errors  Last Runtime    Last Run
--------------------------------  -----  ---------  --------  ----------  --------------  -------------------
/opt/airflow/dags/iceberg_dag.py                           1           0  0.29s           2026-03-06T11:47:55
================================================================================
[2026-03-06T11:48:43.209+0000] {manager.py:878} INFO - 
================================================================================
DAG File Processing Stats

File Path                         PID    Runtime      # DAGs    # Errors  Last Runtime    Last Run
--------------------------------  -----  ---------  --------  ----------  --------------  -------------------
/opt/airflow/dags/iceberg_dag.py                           1           0  0.21s           2026-03-06T11:48:26
================================================================================
[2026-03-06T11:49:12.713+0000] {manager.py:878} INFO - 
================================================================================
DAG File Processing Stats

File Path                         PID    Runtime      # DAGs    # Errors  Last Runtime    Last Run
--------------------------------  -----  ---------  --------  ----------  --------------  -------------------
/opt/airflow/dags/iceberg_dag.py                           1           0  0.22s           2026-03-06T11:48:56
================================================================================
[2026-03-06T11:49:42.344+0000] {manager.py:878} INFO - 
================================================================================
DAG File Processing Stats

File Path                         PID    Runtime      # DAGs    # Errors  Last Runtime    Last Run
--------------------------------  -----  ---------  --------  ----------  --------------  -------------------
/opt/airflow/dags/iceberg_dag.py                           1           0  0.19s           2026-03-06T11:49:27
================================================================================
[2026-03-06T11:50:01.579+0000] {manager.py:737} INFO - Searching for files in /opt/airflow/dags
[2026-03-06T11:50:01.638+0000] {manager.py:740} INFO - There are 1 files in /opt/airflow/dags
[2026-03-06T11:50:11.831+0000] {manager.py:878} INFO - 
================================================================================
DAG File Processing Stats

File Path                         PID    Runtime      # DAGs    # Errors  Last Runtime    Last Run
--------------------------------  -----  ---------  --------  ----------  --------------  -------------------
/opt/airflow/dags/iceberg_dag.py                           1           0  0.18s           2026-03-06T11:49:57
================================================================================
[2026-03-06T11:50:40.833+0000] {manager.py:878} INFO - 
================================================================================
DAG File Processing Stats

File Path                         PID    Runtime      # DAGs    # Errors  Last Runtime    Last Run
--------------------------------  -----  ---------  --------  ----------  --------------  -------------------
/opt/airflow/dags/iceberg_dag.py                           1           0  0.42s           2026-03-06T11:50:28
================================================================================
[2026-03-06T11:51:10.575+0000] {manager.py:878} INFO - 
================================================================================
DAG File Processing Stats

File Path                         PID    Runtime      # DAGs    # Errors  Last Runtime    Last Run
--------------------------------  -----  ---------  --------  ----------  --------------  -------------------
/opt/airflow/dags/iceberg_dag.py                           1           0  0.19s           2026-03-06T11:50:59
================================================================================
[2026-03-06T11:51:39.994+0000] {manager.py:878} INFO - 
================================================================================
DAG File Processing Stats

File Path                         PID    Runtime      # DAGs    # Errors  Last Runtime    Last Run
--------------------------------  -----  ---------  --------  ----------  --------------  -------------------
/opt/airflow/dags/iceberg_dag.py                           1           0  0.21s           2026-03-06T11:51:30
================================================================================
[2026-03-06T11:52:09.508+0000] {manager.py:878} INFO - 
================================================================================
DAG File Processing Stats

File Path                         PID    Runtime      # DAGs    # Errors  Last Runtime    Last Run
--------------------------------  -----  ---------  --------  ----------  --------------  -------------------
/opt/airflow/dags/iceberg_dag.py                           1           0  0.23s           2026-03-06T11:52:00
================================================================================
[2026-03-06T11:52:38.887+0000] {manager.py:878} INFO - 
================================================================================
DAG File Processing Stats

File Path                         PID    Runtime      # DAGs    # Errors  Last Runtime    Last Run
--------------------------------  -----  ---------  --------  ----------  --------------  -------------------
/opt/airflow/dags/iceberg_dag.py                           1           0  0.18s           2026-03-06T11:52:30
================================================================================
[2026-03-06T11:53:08.303+0000] {manager.py:878} INFO - 
================================================================================
DAG File Processing Stats

File Path                         PID    Runtime      # DAGs    # Errors  Last Runtime    Last Run
--------------------------------  -----  ---------  --------  ----------  --------------  -------------------
/opt/airflow/dags/iceberg_dag.py                           1           0  0.25s           2026-03-06T11:53:01
================================================================================
[2026-03-06T11:53:37.866+0000] {manager.py:878} INFO - 
================================================================================
DAG File Processing Stats

File Path                         PID    Runtime      # DAGs    # Errors  Last Runtime    Last Run
--------------------------------  -----  ---------  --------  ----------  --------------  -------------------
/opt/airflow/dags/iceberg_dag.py                           1           0  0.28s           2026-03-06T11:53:31
================================================================================
[2026-03-06T11:54:07.648+0000] {manager.py:878} INFO - 
================================================================================
DAG File Processing Stats

File Path                         PID    Runtime      # DAGs    # Errors  Last Runtime    Last Run
--------------------------------  -----  ---------  --------  ----------  --------------  -------------------
/opt/airflow/dags/iceberg_dag.py                           1           0  0.27s           2026-03-06T11:54:02
================================================================================
[2026-03-06T11:54:37.050+0000] {manager.py:878} INFO - 
================================================================================
DAG File Processing Stats

File Path                         PID    Runtime      # DAGs    # Errors  Last Runtime    Last Run
--------------------------------  -----  ---------  --------  ----------  --------------  -------------------
/opt/airflow/dags/iceberg_dag.py                           1           0  0.20s           2026-03-06T11:54:33
================================================================================
[2026-03-06T11:55:02.356+0000] {manager.py:737} INFO - Searching for files in /opt/airflow/dags
[2026-03-06T11:55:02.395+0000] {manager.py:740} INFO - There are 1 files in /opt/airflow/dags
[2026-03-06T11:55:06.093+0000] {manager.py:878} INFO - 
================================================================================
DAG File Processing Stats

File Path                         PID    Runtime      # DAGs    # Errors  Last Runtime    Last Run
--------------------------------  -----  ---------  --------  ----------  --------------  -------------------
/opt/airflow/dags/iceberg_dag.py                           1           0  0.17s           2026-03-06T11:55:03
================================================================================
[2026-03-06T11:55:35.036+0000] {manager.py:878} INFO - 
================================================================================
DAG File Processing Stats

File Path                         PID    Runtime      # DAGs    # Errors  Last Runtime    Last Run
--------------------------------  -----  ---------  --------  ----------  --------------  -------------------
/opt/airflow/dags/iceberg_dag.py                           1           0  0.26s           2026-03-06T11:55:34
================================================================================
[2026-03-06T11:56:04.532+0000] {manager.py:878} INFO - 
================================================================================
DAG File Processing Stats

File Path                         PID    Runtime      # DAGs    # Errors  Last Runtime    Last Run
--------------------------------  -----  ---------  --------  ----------  --------------  -------------------
/opt/airflow/dags/iceberg_dag.py                           1           0  -0.28s          2026-03-06T11:56:04
================================================================================
[2026-03-06T11:56:33.934+0000] {manager.py:878} INFO - 
================================================================================
DAG File Processing Stats

File Path                         PID    Runtime      # DAGs    # Errors  Last Runtime    Last Run
--------------------------------  -----  ---------  --------  ----------  --------------  -------------------
/opt/airflow/dags/iceberg_dag.py                           1           0  -0.28s          2026-03-06T11:56:04
================================================================================
[2026-03-06T11:57:03.375+0000] {manager.py:878} INFO - 
================================================================================
DAG File Processing Stats

File Path                         PID    Runtime      # DAGs    # Errors  Last Runtime    Last Run
--------------------------------  -----  ---------  --------  ----------  --------------  -------------------
/opt/airflow/dags/iceberg_dag.py                           1           0  0.18s           2026-03-06T11:56:35
================================================================================
[2026-03-06T11:57:32.729+0000] {manager.py:878} INFO - 
================================================================================
DAG File Processing Stats

File Path                         PID    Runtime      # DAGs    # Errors  Last Runtime    Last Run
--------------------------------  -----  ---------  --------  ----------  --------------  -------------------
/opt/airflow/dags/iceberg_dag.py                           1           0  0.17s           2026-03-06T11:57:05
================================================================================
[2026-03-06T11:58:02.243+0000] {manager.py:878} INFO - 
================================================================================
DAG File Processing Stats

File Path                         PID    Runtime      # DAGs    # Errors  Last Runtime    Last Run
--------------------------------  -----  ---------  --------  ----------  --------------  -------------------
/opt/airflow/dags/iceberg_dag.py                           1           0  0.20s           2026-03-06T11:57:36
================================================================================
[2026-03-06T11:58:31.579+0000] {manager.py:878} INFO - 
================================================================================
DAG File Processing Stats

File Path                         PID    Runtime      # DAGs    # Errors  Last Runtime    Last Run
--------------------------------  -----  ---------  --------  ----------  --------------  -------------------
/opt/airflow/dags/iceberg_dag.py                           1           0  0.17s           2026-03-06T11:58:06
================================================================================
[2026-03-06T11:59:01.109+0000] {manager.py:878} INFO - 
================================================================================
DAG File Processing Stats

File Path                         PID    Runtime      # DAGs    # Errors  Last Runtime    Last Run
--------------------------------  -----  ---------  --------  ----------  --------------  -------------------
/opt/airflow/dags/iceberg_dag.py                           1           0  0.18s           2026-03-06T11:58:36
================================================================================
[2026-03-06T11:59:30.482+0000] {manager.py:878} INFO - 
================================================================================
DAG File Processing Stats

File Path                         PID    Runtime      # DAGs    # Errors  Last Runtime    Last Run
--------------------------------  -----  ---------  --------  ----------  --------------  -------------------
/opt/airflow/dags/iceberg_dag.py                           1           0  0.17s           2026-03-06T11:59:07
================================================================================
[2026-03-06T11:59:59.952+0000] {manager.py:878} INFO - 
================================================================================
DAG File Processing Stats

File Path                         PID    Runtime      # DAGs    # Errors  Last Runtime    Last Run
--------------------------------  -----  ---------  --------  ----------  --------------  -------------------
/opt/airflow/dags/iceberg_dag.py                           1           0  0.19s           2026-03-06T11:59:37
================================================================================
[2026-03-06T12:00:02.997+0000] {manager.py:737} INFO - Searching for files in /opt/airflow/dags
[2026-03-06T12:00:03.052+0000] {manager.py:740} INFO - There are 1 files in /opt/airflow/dags
[2026-03-06T12:00:29.424+0000] {manager.py:878} INFO - 
================================================================================
DAG File Processing Stats

File Path                         PID    Runtime      # DAGs    # Errors  Last Runtime    Last Run
--------------------------------  -----  ---------  --------  ----------  --------------  -------------------
/opt/airflow/dags/iceberg_dag.py                           1           0  0.20s           2026-03-06T12:00:08
================================================================================
[2026-03-06T12:00:58.953+0000] {manager.py:878} INFO - 
================================================================================
DAG File Processing Stats

File Path                         PID    Runtime      # DAGs    # Errors  Last Runtime    Last Run
--------------------------------  -----  ---------  --------  ----------  --------------  -------------------
/opt/airflow/dags/iceberg_dag.py                           1           0  0.29s           2026-03-06T12:00:38
================================================================================
[2026-03-06T12:01:28.359+0000] {manager.py:878} INFO - 
================================================================================
DAG File Processing Stats

File Path                         PID    Runtime      # DAGs    # Errors  Last Runtime    Last Run
--------------------------------  -----  ---------  --------  ----------  --------------  -------------------
/opt/airflow/dags/iceberg_dag.py                           1           0  0.33s           2026-03-06T12:01:09
================================================================================
[2026-03-06T12:01:57.625+0000] {manager.py:878} INFO - 
================================================================================
DAG File Processing Stats

File Path                         PID    Runtime      # DAGs    # Errors  Last Runtime    Last Run
--------------------------------  -----  ---------  --------  ----------  --------------  -------------------
/opt/airflow/dags/iceberg_dag.py                           1           0  0.22s           2026-03-06T12:01:39
================================================================================
[2026-03-06T12:02:27.171+0000] {manager.py:878} INFO - 
================================================================================
DAG File Processing Stats

File Path                         PID    Runtime      # DAGs    # Errors  Last Runtime    Last Run
--------------------------------  -----  ---------  --------  ----------  --------------  -------------------
/opt/airflow/dags/iceberg_dag.py                           1           0  0.19s           2026-03-06T12:02:09
================================================================================
[2026-03-06T12:02:56.574+0000] {manager.py:878} INFO - 
================================================================================
DAG File Processing Stats

File Path                         PID    Runtime      # DAGs    # Errors  Last Runtime    Last Run
--------------------------------  -----  ---------  --------  ----------  --------------  -------------------
/opt/airflow/dags/iceberg_dag.py                           1           0  0.25s           2026-03-06T12:02:40
================================================================================
[2026-03-06T12:03:26.093+0000] {manager.py:878} INFO - 
================================================================================
DAG File Processing Stats

File Path                         PID    Runtime      # DAGs    # Errors  Last Runtime    Last Run
--------------------------------  -----  ---------  --------  ----------  --------------  -------------------
/opt/airflow/dags/iceberg_dag.py                           1           0  0.21s           2026-03-06T12:03:10
================================================================================
[2026-03-06T12:03:55.481+0000] {manager.py:878} INFO - 
================================================================================
DAG File Processing Stats

File Path                         PID    Runtime      # DAGs    # Errors  Last Runtime    Last Run
--------------------------------  -----  ---------  --------  ----------  --------------  -------------------
/opt/airflow/dags/iceberg_dag.py                           1           0  0.30s           2026-03-06T12:03:41
================================================================================
[2026-03-06T12:04:24.858+0000] {manager.py:878} INFO - 
================================================================================
DAG File Processing Stats

File Path                         PID    Runtime      # DAGs    # Errors  Last Runtime    Last Run
--------------------------------  -----  ---------  --------  ----------  --------------  -------------------
/opt/airflow/dags/iceberg_dag.py                           1           0  0.19s           2026-03-06T12:04:11
================================================================================
[2026-03-06T12:04:54.351+0000] {manager.py:878} INFO - 
================================================================================
DAG File Processing Stats

File Path                         PID    Runtime      # DAGs    # Errors  Last Runtime    Last Run
--------------------------------  -----  ---------  --------  ----------  --------------  -------------------
/opt/airflow/dags/iceberg_dag.py                           1           0  0.17s           2026-03-06T12:04:42
================================================================================
[2026-03-06T12:05:03.488+0000] {manager.py:737} INFO - Searching for files in /opt/airflow/dags
[2026-03-06T12:05:03.509+0000] {manager.py:740} INFO - There are 1 files in /opt/airflow/dags
[2026-03-06T12:05:24.038+0000] {manager.py:878} INFO - 
================================================================================
DAG File Processing Stats

File Path                         PID    Runtime      # DAGs    # Errors  Last Runtime    Last Run
--------------------------------  -----  ---------  --------  ----------  --------------  -------------------
/opt/airflow/dags/iceberg_dag.py                           1           0  0.20s           2026-03-06T12:05:12
================================================================================
[2026-03-06T12:05:53.636+0000] {manager.py:878} INFO - 
================================================================================
DAG File Processing Stats

File Path                         PID    Runtime      # DAGs    # Errors  Last Runtime    Last Run
--------------------------------  -----  ---------  --------  ----------  --------------  -------------------
/opt/airflow/dags/iceberg_dag.py                           1           0  0.22s           2026-03-06T12:05:43
================================================================================
[2026-03-06T12:06:23.313+0000] {manager.py:878} INFO - 
================================================================================
DAG File Processing Stats

File Path                         PID    Runtime      # DAGs    # Errors  Last Runtime    Last Run
--------------------------------  -----  ---------  --------  ----------  --------------  -------------------
/opt/airflow/dags/iceberg_dag.py                           1           0  0.25s           2026-03-06T12:06:14
================================================================================
[2026-03-06T12:06:52.794+0000] {manager.py:878} INFO - 
================================================================================
DAG File Processing Stats

File Path                         PID    Runtime      # DAGs    # Errors  Last Runtime    Last Run
--------------------------------  -----  ---------  --------  ----------  --------------  -------------------
/opt/airflow/dags/iceberg_dag.py                           1           0  0.20s           2026-03-06T12:06:44
================================================================================
[2026-03-06T12:07:22.371+0000] {manager.py:878} INFO - 
================================================================================
DAG File Processing Stats

File Path                         PID    Runtime      # DAGs    # Errors  Last Runtime    Last Run
--------------------------------  -----  ---------  --------  ----------  --------------  -------------------
/opt/airflow/dags/iceberg_dag.py                           1           0  0.27s           2026-03-06T12:07:15
================================================================================
[2026-03-06T12:07:51.833+0000] {manager.py:878} INFO - 
================================================================================
DAG File Processing Stats

File Path                         PID    Runtime      # DAGs    # Errors  Last Runtime    Last Run
--------------------------------  -----  ---------  --------  ----------  --------------  -------------------
/opt/airflow/dags/iceberg_dag.py                           1           0  0.40s           2026-03-06T12:07:46
================================================================================
[2026-03-06T12:08:20.928+0000] {manager.py:878} INFO - 
================================================================================
DAG File Processing Stats

File Path                         PID    Runtime      # DAGs    # Errors  Last Runtime    Last Run
--------------------------------  -----  ---------  --------  ----------  --------------  -------------------
/opt/airflow/dags/iceberg_dag.py                           1           0  0.20s           2026-03-06T12:08:16
================================================================================
[2026-03-06T12:08:50.405+0000] {manager.py:878} INFO - 
================================================================================
DAG File Processing Stats

File Path                         PID    Runtime      # DAGs    # Errors  Last Runtime    Last Run
--------------------------------  -----  ---------  --------  ----------  --------------  -------------------
/opt/airflow/dags/iceberg_dag.py                           1           0  0.25s           2026-03-06T12:08:47
================================================================================
[2026-03-06T12:09:19.998+0000] {manager.py:878} INFO - 
================================================================================
DAG File Processing Stats

File Path                         PID    Runtime      # DAGs    # Errors  Last Runtime    Last Run
--------------------------------  -----  ---------  --------  ----------  --------------  -------------------
/opt/airflow/dags/iceberg_dag.py                           1           0  1.43s           2026-03-06T12:09:19
================================================================================
[2026-03-06T12:09:49.511+0000] {manager.py:878} INFO - 
================================================================================
DAG File Processing Stats

File Path                           PID  Runtime      # DAGs    # Errors  Last Runtime    Last Run
--------------------------------  -----  ---------  --------  ----------  --------------  -------------------
/opt/airflow/dags/iceberg_dag.py   1058  0.01s             1           0  1.43s           2026-03-06T12:09:19
================================================================================
[2026-03-06T12:10:03.972+0000] {manager.py:737} INFO - Searching for files in /opt/airflow/dags
[2026-03-06T12:10:04.014+0000] {manager.py:740} INFO - There are 1 files in /opt/airflow/dags
[2026-03-06T12:10:19.211+0000] {manager.py:878} INFO - 
================================================================================
DAG File Processing Stats

File Path                         PID    Runtime      # DAGs    # Errors  Last Runtime    Last Run
--------------------------------  -----  ---------  --------  ----------  --------------  -------------------
/opt/airflow/dags/iceberg_dag.py                           1           0  0.34s           2026-03-06T12:09:49
================================================================================
[2026-03-06T12:10:48.683+0000] {manager.py:878} INFO - 
================================================================================
DAG File Processing Stats

File Path                         PID    Runtime      # DAGs    # Errors  Last Runtime    Last Run
--------------------------------  -----  ---------  --------  ----------  --------------  -------------------
/opt/airflow/dags/iceberg_dag.py                           1           0  0.26s           2026-03-06T12:10:20
================================================================================
[2026-03-06T12:11:18.229+0000] {manager.py:878} INFO - 
================================================================================
DAG File Processing Stats

File Path                         PID    Runtime      # DAGs    # Errors  Last Runtime    Last Run
--------------------------------  -----  ---------  --------  ----------  --------------  -------------------
/opt/airflow/dags/iceberg_dag.py                           1           0  0.18s           2026-03-06T12:10:50
================================================================================
[2026-03-06T12:11:47.655+0000] {manager.py:878} INFO - 
================================================================================
DAG File Processing Stats

File Path                         PID    Runtime      # DAGs    # Errors  Last Runtime    Last Run
--------------------------------  -----  ---------  --------  ----------  --------------  -------------------
/opt/airflow/dags/iceberg_dag.py                           1           0  0.23s           2026-03-06T12:11:21
================================================================================
[2026-03-06T12:12:17.175+0000] {manager.py:878} INFO - 
================================================================================
DAG File Processing Stats

File Path                         PID    Runtime      # DAGs    # Errors  Last Runtime    Last Run
--------------------------------  -----  ---------  --------  ----------  --------------  -------------------
/opt/airflow/dags/iceberg_dag.py                           1           0  0.19s           2026-03-06T12:11:51
================================================================================
[2026-03-06T12:12:46.531+0000] {manager.py:878} INFO - 
================================================================================
DAG File Processing Stats

File Path                         PID    Runtime      # DAGs    # Errors  Last Runtime    Last Run
--------------------------------  -----  ---------  --------  ----------  --------------  -------------------
/opt/airflow/dags/iceberg_dag.py                           1           0  0.18s           2026-03-06T12:12:22
================================================================================
[2026-03-06T12:13:16.040+0000] {manager.py:878} INFO - 
================================================================================
DAG File Processing Stats

File Path                         PID    Runtime      # DAGs    # Errors  Last Runtime    Last Run
--------------------------------  -----  ---------  --------  ----------  --------------  -------------------
/opt/airflow/dags/iceberg_dag.py                           1           0  0.19s           2026-03-06T12:12:52
================================================================================
[2026-03-06T12:13:45.471+0000] {manager.py:878} INFO - 
================================================================================
DAG File Processing Stats

File Path                         PID    Runtime      # DAGs    # Errors  Last Runtime    Last Run
--------------------------------  -----  ---------  --------  ----------  --------------  -------------------
/opt/airflow/dags/iceberg_dag.py                           1           0  0.21s           2026-03-06T12:13:23
================================================================================
[2026-03-06T12:14:15.062+0000] {manager.py:878} INFO - 
================================================================================
DAG File Processing Stats

File Path                         PID    Runtime      # DAGs    # Errors  Last Runtime    Last Run
--------------------------------  -----  ---------  --------  ----------  --------------  -------------------
/opt/airflow/dags/iceberg_dag.py                           1           0  0.26s           2026-03-06T12:13:53
================================================================================
[2026-03-06T12:14:44.369+0000] {manager.py:878} INFO - 
================================================================================
DAG File Processing Stats

File Path                         PID    Runtime      # DAGs    # Errors  Last Runtime    Last Run
--------------------------------  -----  ---------  --------  ----------  --------------  -------------------
/opt/airflow/dags/iceberg_dag.py                           1           0  0.53s           2026-03-06T12:14:24
================================================================================
[2026-03-06T12:15:04.254+0000] {manager.py:737} INFO - Searching for files in /opt/airflow/dags
[2026-03-06T12:15:04.294+0000] {manager.py:740} INFO - There are 1 files in /opt/airflow/dags
[2026-03-06T12:15:13.431+0000] {manager.py:878} INFO - 
================================================================================
DAG File Processing Stats

File Path                         PID    Runtime      # DAGs    # Errors  Last Runtime    Last Run
--------------------------------  -----  ---------  --------  ----------  --------------  -------------------
/opt/airflow/dags/iceberg_dag.py                           1           0  0.19s           2026-03-06T12:14:55
================================================================================
[2026-03-06T12:15:43.024+0000] {manager.py:878} INFO - 
================================================================================
DAG File Processing Stats

File Path                         PID    Runtime      # DAGs    # Errors  Last Runtime    Last Run
--------------------------------  -----  ---------  --------  ----------  --------------  -------------------
/opt/airflow/dags/iceberg_dag.py                           1           0  0.29s           2026-03-06T12:15:25
================================================================================
[2026-03-06T12:16:12.497+0000] {manager.py:878} INFO - 
================================================================================
DAG File Processing Stats

File Path                         PID    Runtime      # DAGs    # Errors  Last Runtime    Last Run
--------------------------------  -----  ---------  --------  ----------  --------------  -------------------
/opt/airflow/dags/iceberg_dag.py                           1           0  0.33s           2026-03-06T12:15:56
================================================================================
[2026-03-06T12:16:42.224+0000] {manager.py:878} INFO - 
================================================================================
DAG File Processing Stats

File Path                         PID    Runtime      # DAGs    # Errors  Last Runtime    Last Run
--------------------------------  -----  ---------  --------  ----------  --------------  -------------------
/opt/airflow/dags/iceberg_dag.py                           1           0  1.05s           2026-03-06T12:16:28
================================================================================
[2026-03-06T12:17:11.368+0000] {manager.py:878} INFO - 
================================================================================
DAG File Processing Stats

File Path                         PID    Runtime      # DAGs    # Errors  Last Runtime    Last Run
--------------------------------  -----  ---------  --------  ----------  --------------  -------------------
/opt/airflow/dags/iceberg_dag.py                           1           0  1.11s           2026-03-06T12:16:59
================================================================================
[2026-03-06T12:17:40.908+0000] {manager.py:878} INFO - 
================================================================================
DAG File Processing Stats

File Path                         PID    Runtime      # DAGs    # Errors  Last Runtime    Last Run
--------------------------------  -----  ---------  --------  ----------  --------------  -------------------
/opt/airflow/dags/iceberg_dag.py                           1           0  0.43s           2026-03-06T12:17:30
================================================================================
[2026-03-06T12:18:10.170+0000] {manager.py:878} INFO - 
================================================================================
DAG File Processing Stats

File Path                         PID    Runtime      # DAGs    # Errors  Last Runtime    Last Run
--------------------------------  -----  ---------  --------  ----------  --------------  -------------------
/opt/airflow/dags/iceberg_dag.py                           1           0  1.44s           2026-03-06T12:18:02
================================================================================
[2026-03-06T12:18:39.204+0000] {manager.py:878} INFO - 
================================================================================
DAG File Processing Stats

File Path                         PID    Runtime      # DAGs    # Errors  Last Runtime    Last Run
--------------------------------  -----  ---------  --------  ----------  --------------  -------------------
/opt/airflow/dags/iceberg_dag.py                           1           0  0.48s           2026-03-06T12:18:33
================================================================================
[2026-03-06T12:19:08.602+0000] {manager.py:878} INFO - 
================================================================================
DAG File Processing Stats

File Path                         PID    Runtime      # DAGs    # Errors  Last Runtime    Last Run
--------------------------------  -----  ---------  --------  ----------  --------------  -------------------
/opt/airflow/dags/iceberg_dag.py                           1           0  1.01s           2026-03-06T12:19:04
================================================================================
[2026-03-06T12:19:38.224+0000] {manager.py:878} INFO - 
================================================================================
DAG File Processing Stats

File Path                         PID    Runtime      # DAGs    # Errors  Last Runtime    Last Run
--------------------------------  -----  ---------  --------  ----------  --------------  -------------------
/opt/airflow/dags/iceberg_dag.py                           1           0  0.26s           2026-03-06T12:19:35
================================================================================
[2026-03-06T12:20:04.725+0000] {manager.py:737} INFO - Searching for files in /opt/airflow/dags
[2026-03-06T12:20:04.815+0000] {manager.py:740} INFO - There are 1 files in /opt/airflow/dags
[2026-03-06T12:20:07.963+0000] {manager.py:878} INFO - 
================================================================================
DAG File Processing Stats

File Path                         PID    Runtime      # DAGs    # Errors  Last Runtime    Last Run
--------------------------------  -----  ---------  --------  ----------  --------------  -------------------
/opt/airflow/dags/iceberg_dag.py                           1           0  0.29s           2026-03-06T12:20:06
================================================================================
[2026-03-06T12:20:37.577+0000] {manager.py:878} INFO - 
================================================================================
DAG File Processing Stats

File Path                         PID    Runtime      # DAGs    # Errors  Last Runtime    Last Run
--------------------------------  -----  ---------  --------  ----------  --------------  -------------------
/opt/airflow/dags/iceberg_dag.py                           1           0  0.55s           2026-03-06T12:20:36
================================================================================
[2026-03-06T12:21:07.136+0000] {manager.py:878} INFO - 
================================================================================
DAG File Processing Stats

File Path                           PID  Runtime      # DAGs    # Errors  Last Runtime    Last Run
--------------------------------  -----  ---------  --------  ----------  --------------  -------------------
/opt/airflow/dags/iceberg_dag.py   1168  0.01s             1           0  0.55s           2026-03-06T12:20:36
================================================================================
[2026-03-06T12:21:36.835+0000] {manager.py:878} INFO - 
================================================================================
DAG File Processing Stats

File Path                         PID    Runtime      # DAGs    # Errors  Last Runtime    Last Run
--------------------------------  -----  ---------  --------  ----------  --------------  -------------------
/opt/airflow/dags/iceberg_dag.py                           1           0  0.34s           2026-03-06T12:21:07
================================================================================
[2026-03-06T12:22:06.328+0000] {manager.py:878} INFO - 
================================================================================
DAG File Processing Stats

File Path                         PID    Runtime      # DAGs    # Errors  Last Runtime    Last Run
--------------------------------  -----  ---------  --------  ----------  --------------  -------------------
/opt/airflow/dags/iceberg_dag.py                           1           0  0.21s           2026-03-06T12:21:38
================================================================================
[2026-03-06T12:22:35.735+0000] {manager.py:878} INFO - 
================================================================================
DAG File Processing Stats

File Path                         PID    Runtime      # DAGs    # Errors  Last Runtime    Last Run
--------------------------------  -----  ---------  --------  ----------  --------------  -------------------
/opt/airflow/dags/iceberg_dag.py                           1           0  0.19s           2026-03-06T12:22:08
================================================================================
[2026-03-06T12:23:05.682+0000] {manager.py:878} INFO - 
================================================================================
DAG File Processing Stats

File Path                         PID    Runtime      # DAGs    # Errors  Last Runtime    Last Run
--------------------------------  -----  ---------  --------  ----------  --------------  -------------------
/opt/airflow/dags/iceberg_dag.py                           1           0  0.19s           2026-03-06T12:22:38
================================================================================
[2026-03-06T12:23:35.249+0000] {manager.py:878} INFO - 
================================================================================
DAG File Processing Stats

File Path                         PID    Runtime      # DAGs    # Errors  Last Runtime    Last Run
--------------------------------  -----  ---------  --------  ----------  --------------  -------------------
/opt/airflow/dags/iceberg_dag.py                           1           0  0.21s           2026-03-06T12:23:10
================================================================================
[2026-03-06T12:24:04.952+0000] {manager.py:878} INFO - 
================================================================================
DAG File Processing Stats

File Path                         PID    Runtime      # DAGs    # Errors  Last Runtime    Last Run
--------------------------------  -----  ---------  --------  ----------  --------------  -------------------
/opt/airflow/dags/iceberg_dag.py                           1           0  0.29s           2026-03-06T12:23:40
================================================================================
[2026-03-06T12:24:34.619+0000] {manager.py:878} INFO - 
================================================================================
DAG File Processing Stats

File Path                         PID    Runtime      # DAGs    # Errors  Last Runtime    Last Run
--------------------------------  -----  ---------  --------  ----------  --------------  -------------------
/opt/airflow/dags/iceberg_dag.py                           1           0  0.22s           2026-03-06T12:24:11
================================================================================
[2026-03-06T12:25:04.085+0000] {manager.py:878} INFO - 
================================================================================
DAG File Processing Stats

File Path                         PID    Runtime      # DAGs    # Errors  Last Runtime    Last Run
--------------------------------  -----  ---------  --------  ----------  --------------  -------------------
/opt/airflow/dags/iceberg_dag.py                           1           0  0.24s           2026-03-06T12:24:42
================================================================================
[2026-03-06T12:25:05.109+0000] {manager.py:737} INFO - Searching for files in /opt/airflow/dags
[2026-03-06T12:25:05.147+0000] {manager.py:740} INFO - There are 1 files in /opt/airflow/dags
[2026-03-06T12:25:33.718+0000] {manager.py:878} INFO - 
================================================================================
DAG File Processing Stats

File Path                         PID    Runtime      # DAGs    # Errors  Last Runtime    Last Run
--------------------------------  -----  ---------  --------  ----------  --------------  -------------------
/opt/airflow/dags/iceberg_dag.py                           1           0  0.21s           2026-03-06T12:25:12
================================================================================
