[2026-03-06T10:04:53.008+0000] {processor.py:161} INFO - Started process (PID=159) to work on /opt/airflow/dags/iceberg_dag.py
[2026-03-06T10:04:53.028+0000] {processor.py:830} INFO - Processing file /opt/airflow/dags/iceberg_dag.py for tasks to queue
[2026-03-06T10:04:53.072+0000] {logging_mixin.py:188} INFO - [2026-03-06T10:04:53.059+0000] {dagbag.py:545} INFO - Filling up the DagBag from /opt/airflow/dags/iceberg_dag.py
[2026-03-06T10:04:53.355+0000] {processor.py:840} INFO - DAG(s) 'ecommerce_iceberg_pipeline' retrieved from /opt/airflow/dags/iceberg_dag.py
[2026-03-06T10:04:54.277+0000] {logging_mixin.py:188} INFO - [2026-03-06T10:04:54.276+0000] {override.py:1858} INFO - Created Permission View: can edit on DAG:ecommerce_iceberg_pipeline
[2026-03-06T10:04:54.295+0000] {logging_mixin.py:188} INFO - [2026-03-06T10:04:54.295+0000] {override.py:1858} INFO - Created Permission View: can delete on DAG:ecommerce_iceberg_pipeline
[2026-03-06T10:04:54.305+0000] {logging_mixin.py:188} INFO - [2026-03-06T10:04:54.304+0000] {override.py:1858} INFO - Created Permission View: can read on DAG:ecommerce_iceberg_pipeline
[2026-03-06T10:04:54.306+0000] {logging_mixin.py:188} INFO - [2026-03-06T10:04:54.305+0000] {dag.py:3089} INFO - Sync 1 DAGs
[2026-03-06T10:04:54.318+0000] {logging_mixin.py:188} INFO - [2026-03-06T10:04:54.318+0000] {dag.py:3111} INFO - Creating ORM DAG for ecommerce_iceberg_pipeline
[2026-03-06T10:04:54.334+0000] {logging_mixin.py:188} INFO - [2026-03-06T10:04:54.334+0000] {dag.py:3947} INFO - Setting next_dagrun for ecommerce_iceberg_pipeline to 2026-03-05 00:00:00+00:00, run_after=2026-03-06 00:00:00+00:00
[2026-03-06T10:04:54.362+0000] {processor.py:183} INFO - Processing /opt/airflow/dags/iceberg_dag.py took 2.442 seconds
[2026-03-06T10:05:24.714+0000] {processor.py:161} INFO - Started process (PID=164) to work on /opt/airflow/dags/iceberg_dag.py
[2026-03-06T10:05:24.716+0000] {processor.py:830} INFO - Processing file /opt/airflow/dags/iceberg_dag.py for tasks to queue
[2026-03-06T10:05:24.720+0000] {logging_mixin.py:188} INFO - [2026-03-06T10:05:24.719+0000] {dagbag.py:545} INFO - Filling up the DagBag from /opt/airflow/dags/iceberg_dag.py
[2026-03-06T10:05:24.768+0000] {processor.py:840} INFO - DAG(s) 'ecommerce_iceberg_pipeline' retrieved from /opt/airflow/dags/iceberg_dag.py
[2026-03-06T10:05:24.855+0000] {logging_mixin.py:188} INFO - [2026-03-06T10:05:24.854+0000] {dag.py:3089} INFO - Sync 1 DAGs
[2026-03-06T10:05:24.890+0000] {logging_mixin.py:188} INFO - [2026-03-06T10:05:24.890+0000] {dag.py:3947} INFO - Setting next_dagrun for ecommerce_iceberg_pipeline to 2026-03-05 00:00:00+00:00, run_after=2026-03-06 00:00:00+00:00
[2026-03-06T10:05:24.917+0000] {processor.py:183} INFO - Processing /opt/airflow/dags/iceberg_dag.py took 0.214 seconds
[2026-03-06T10:05:55.377+0000] {processor.py:161} INFO - Started process (PID=169) to work on /opt/airflow/dags/iceberg_dag.py
[2026-03-06T10:05:55.379+0000] {processor.py:830} INFO - Processing file /opt/airflow/dags/iceberg_dag.py for tasks to queue
[2026-03-06T10:05:55.384+0000] {logging_mixin.py:188} INFO - [2026-03-06T10:05:55.383+0000] {dagbag.py:545} INFO - Filling up the DagBag from /opt/airflow/dags/iceberg_dag.py
[2026-03-06T10:05:55.420+0000] {processor.py:840} INFO - DAG(s) 'ecommerce_iceberg_pipeline' retrieved from /opt/airflow/dags/iceberg_dag.py
[2026-03-06T10:05:55.470+0000] {logging_mixin.py:188} INFO - [2026-03-06T10:05:55.469+0000] {dag.py:3089} INFO - Sync 1 DAGs
[2026-03-06T10:05:55.497+0000] {logging_mixin.py:188} INFO - [2026-03-06T10:05:55.497+0000] {dag.py:3947} INFO - Setting next_dagrun for ecommerce_iceberg_pipeline to 2026-03-05 00:00:00+00:00, run_after=2026-03-06 00:00:00+00:00
[2026-03-06T10:05:55.521+0000] {processor.py:183} INFO - Processing /opt/airflow/dags/iceberg_dag.py took 0.152 seconds
[2026-03-06T10:06:26.068+0000] {processor.py:161} INFO - Started process (PID=174) to work on /opt/airflow/dags/iceberg_dag.py
[2026-03-06T10:06:26.071+0000] {processor.py:830} INFO - Processing file /opt/airflow/dags/iceberg_dag.py for tasks to queue
[2026-03-06T10:06:26.074+0000] {logging_mixin.py:188} INFO - [2026-03-06T10:06:26.073+0000] {dagbag.py:545} INFO - Filling up the DagBag from /opt/airflow/dags/iceberg_dag.py
[2026-03-06T10:06:26.124+0000] {processor.py:840} INFO - DAG(s) 'ecommerce_iceberg_pipeline' retrieved from /opt/airflow/dags/iceberg_dag.py
[2026-03-06T10:06:26.186+0000] {logging_mixin.py:188} INFO - [2026-03-06T10:06:26.186+0000] {dag.py:3089} INFO - Sync 1 DAGs
[2026-03-06T10:06:26.247+0000] {logging_mixin.py:188} INFO - [2026-03-06T10:06:26.246+0000] {dag.py:3947} INFO - Setting next_dagrun for ecommerce_iceberg_pipeline to 2026-03-05 00:00:00+00:00, run_after=2026-03-06 00:00:00+00:00
[2026-03-06T10:06:26.271+0000] {processor.py:183} INFO - Processing /opt/airflow/dags/iceberg_dag.py took 0.213 seconds
[2026-03-06T10:06:56.621+0000] {processor.py:161} INFO - Started process (PID=179) to work on /opt/airflow/dags/iceberg_dag.py
[2026-03-06T10:06:56.622+0000] {processor.py:830} INFO - Processing file /opt/airflow/dags/iceberg_dag.py for tasks to queue
[2026-03-06T10:06:56.625+0000] {logging_mixin.py:188} INFO - [2026-03-06T10:06:56.625+0000] {dagbag.py:545} INFO - Filling up the DagBag from /opt/airflow/dags/iceberg_dag.py
[2026-03-06T10:06:56.659+0000] {processor.py:840} INFO - DAG(s) 'ecommerce_iceberg_pipeline' retrieved from /opt/airflow/dags/iceberg_dag.py
[2026-03-06T10:06:56.708+0000] {logging_mixin.py:188} INFO - [2026-03-06T10:06:56.708+0000] {dag.py:3089} INFO - Sync 1 DAGs
[2026-03-06T10:06:56.738+0000] {logging_mixin.py:188} INFO - [2026-03-06T10:06:56.738+0000] {dag.py:3947} INFO - Setting next_dagrun for ecommerce_iceberg_pipeline to 2026-03-05 00:00:00+00:00, run_after=2026-03-06 00:00:00+00:00
[2026-03-06T10:06:56.764+0000] {processor.py:183} INFO - Processing /opt/airflow/dags/iceberg_dag.py took 0.155 seconds
[2026-03-06T10:07:27.536+0000] {processor.py:161} INFO - Started process (PID=184) to work on /opt/airflow/dags/iceberg_dag.py
[2026-03-06T10:07:27.541+0000] {processor.py:830} INFO - Processing file /opt/airflow/dags/iceberg_dag.py for tasks to queue
[2026-03-06T10:07:27.559+0000] {logging_mixin.py:188} INFO - [2026-03-06T10:07:27.558+0000] {dagbag.py:545} INFO - Filling up the DagBag from /opt/airflow/dags/iceberg_dag.py
[2026-03-06T10:07:27.651+0000] {processor.py:840} INFO - DAG(s) 'ecommerce_iceberg_pipeline' retrieved from /opt/airflow/dags/iceberg_dag.py
[2026-03-06T10:07:27.848+0000] {logging_mixin.py:188} INFO - [2026-03-06T10:07:27.847+0000] {dag.py:3089} INFO - Sync 1 DAGs
[2026-03-06T10:07:27.943+0000] {logging_mixin.py:188} INFO - [2026-03-06T10:07:27.942+0000] {dag.py:3947} INFO - Setting next_dagrun for ecommerce_iceberg_pipeline to 2026-03-05 00:00:00+00:00, run_after=2026-03-06 00:00:00+00:00
[2026-03-06T10:07:28.027+0000] {processor.py:183} INFO - Processing /opt/airflow/dags/iceberg_dag.py took 0.549 seconds
[2026-03-06T10:07:58.662+0000] {processor.py:161} INFO - Started process (PID=189) to work on /opt/airflow/dags/iceberg_dag.py
[2026-03-06T10:07:58.664+0000] {processor.py:830} INFO - Processing file /opt/airflow/dags/iceberg_dag.py for tasks to queue
[2026-03-06T10:07:58.667+0000] {logging_mixin.py:188} INFO - [2026-03-06T10:07:58.667+0000] {dagbag.py:545} INFO - Filling up the DagBag from /opt/airflow/dags/iceberg_dag.py
[2026-03-06T10:07:58.703+0000] {processor.py:840} INFO - DAG(s) 'ecommerce_iceberg_pipeline' retrieved from /opt/airflow/dags/iceberg_dag.py
[2026-03-06T10:07:58.754+0000] {logging_mixin.py:188} INFO - [2026-03-06T10:07:58.754+0000] {dag.py:3089} INFO - Sync 1 DAGs
[2026-03-06T10:07:58.787+0000] {logging_mixin.py:188} INFO - [2026-03-06T10:07:58.786+0000] {dag.py:3947} INFO - Setting next_dagrun for ecommerce_iceberg_pipeline to 2026-03-05 00:00:00+00:00, run_after=2026-03-06 00:00:00+00:00
[2026-03-06T10:07:58.818+0000] {processor.py:183} INFO - Processing /opt/airflow/dags/iceberg_dag.py took 0.167 seconds
[2026-03-06T10:08:29.390+0000] {processor.py:161} INFO - Started process (PID=194) to work on /opt/airflow/dags/iceberg_dag.py
[2026-03-06T10:08:29.392+0000] {processor.py:830} INFO - Processing file /opt/airflow/dags/iceberg_dag.py for tasks to queue
[2026-03-06T10:08:29.396+0000] {logging_mixin.py:188} INFO - [2026-03-06T10:08:29.395+0000] {dagbag.py:545} INFO - Filling up the DagBag from /opt/airflow/dags/iceberg_dag.py
[2026-03-06T10:08:29.458+0000] {processor.py:840} INFO - DAG(s) 'ecommerce_iceberg_pipeline' retrieved from /opt/airflow/dags/iceberg_dag.py
[2026-03-06T10:08:29.546+0000] {logging_mixin.py:188} INFO - [2026-03-06T10:08:29.545+0000] {dag.py:3089} INFO - Sync 1 DAGs
[2026-03-06T10:08:29.608+0000] {logging_mixin.py:188} INFO - [2026-03-06T10:08:29.607+0000] {dag.py:3947} INFO - Setting next_dagrun for ecommerce_iceberg_pipeline to 2026-03-05 00:00:00+00:00, run_after=2026-03-06 00:00:00+00:00
[2026-03-06T10:08:29.652+0000] {processor.py:183} INFO - Processing /opt/airflow/dags/iceberg_dag.py took 0.276 seconds
[2026-03-06T10:09:00.038+0000] {processor.py:161} INFO - Started process (PID=199) to work on /opt/airflow/dags/iceberg_dag.py
[2026-03-06T10:09:00.041+0000] {processor.py:830} INFO - Processing file /opt/airflow/dags/iceberg_dag.py for tasks to queue
[2026-03-06T10:09:00.047+0000] {logging_mixin.py:188} INFO - [2026-03-06T10:09:00.046+0000] {dagbag.py:545} INFO - Filling up the DagBag from /opt/airflow/dags/iceberg_dag.py
[2026-03-06T10:09:00.091+0000] {processor.py:840} INFO - DAG(s) 'ecommerce_iceberg_pipeline' retrieved from /opt/airflow/dags/iceberg_dag.py
[2026-03-06T10:09:00.155+0000] {logging_mixin.py:188} INFO - [2026-03-06T10:09:00.155+0000] {dag.py:3089} INFO - Sync 1 DAGs
[2026-03-06T10:09:00.189+0000] {logging_mixin.py:188} INFO - [2026-03-06T10:09:00.189+0000] {dag.py:3947} INFO - Setting next_dagrun for ecommerce_iceberg_pipeline to 2026-03-05 00:00:00+00:00, run_after=2026-03-06 00:00:00+00:00
[2026-03-06T10:09:00.220+0000] {processor.py:183} INFO - Processing /opt/airflow/dags/iceberg_dag.py took 0.194 seconds
[2026-03-06T10:09:30.423+0000] {processor.py:161} INFO - Started process (PID=204) to work on /opt/airflow/dags/iceberg_dag.py
[2026-03-06T10:09:30.425+0000] {processor.py:830} INFO - Processing file /opt/airflow/dags/iceberg_dag.py for tasks to queue
[2026-03-06T10:09:30.429+0000] {logging_mixin.py:188} INFO - [2026-03-06T10:09:30.428+0000] {dagbag.py:545} INFO - Filling up the DagBag from /opt/airflow/dags/iceberg_dag.py
[2026-03-06T10:09:30.473+0000] {processor.py:840} INFO - DAG(s) 'ecommerce_iceberg_pipeline' retrieved from /opt/airflow/dags/iceberg_dag.py
[2026-03-06T10:09:30.537+0000] {logging_mixin.py:188} INFO - [2026-03-06T10:09:30.536+0000] {dag.py:3089} INFO - Sync 1 DAGs
[2026-03-06T10:09:30.582+0000] {logging_mixin.py:188} INFO - [2026-03-06T10:09:30.582+0000] {dag.py:3947} INFO - Setting next_dagrun for ecommerce_iceberg_pipeline to 2026-03-05 00:00:00+00:00, run_after=2026-03-06 00:00:00+00:00
[2026-03-06T10:09:30.622+0000] {processor.py:183} INFO - Processing /opt/airflow/dags/iceberg_dag.py took 0.215 seconds
[2026-03-06T10:10:00.802+0000] {processor.py:161} INFO - Started process (PID=209) to work on /opt/airflow/dags/iceberg_dag.py
[2026-03-06T10:10:00.803+0000] {processor.py:830} INFO - Processing file /opt/airflow/dags/iceberg_dag.py for tasks to queue
[2026-03-06T10:10:00.806+0000] {logging_mixin.py:188} INFO - [2026-03-06T10:10:00.806+0000] {dagbag.py:545} INFO - Filling up the DagBag from /opt/airflow/dags/iceberg_dag.py
[2026-03-06T10:10:00.833+0000] {processor.py:840} INFO - DAG(s) 'ecommerce_iceberg_pipeline' retrieved from /opt/airflow/dags/iceberg_dag.py
[2026-03-06T10:10:00.879+0000] {logging_mixin.py:188} INFO - [2026-03-06T10:10:00.879+0000] {dag.py:3089} INFO - Sync 1 DAGs
[2026-03-06T10:10:00.905+0000] {logging_mixin.py:188} INFO - [2026-03-06T10:10:00.905+0000] {dag.py:3947} INFO - Setting next_dagrun for ecommerce_iceberg_pipeline to 2026-03-05 00:00:00+00:00, run_after=2026-03-06 00:00:00+00:00
[2026-03-06T10:10:00.941+0000] {processor.py:183} INFO - Processing /opt/airflow/dags/iceberg_dag.py took 0.148 seconds
[2026-03-06T10:10:31.285+0000] {processor.py:161} INFO - Started process (PID=214) to work on /opt/airflow/dags/iceberg_dag.py
[2026-03-06T10:10:31.288+0000] {processor.py:830} INFO - Processing file /opt/airflow/dags/iceberg_dag.py for tasks to queue
[2026-03-06T10:10:31.294+0000] {logging_mixin.py:188} INFO - [2026-03-06T10:10:31.293+0000] {dagbag.py:545} INFO - Filling up the DagBag from /opt/airflow/dags/iceberg_dag.py
[2026-03-06T10:10:31.337+0000] {processor.py:840} INFO - DAG(s) 'ecommerce_iceberg_pipeline' retrieved from /opt/airflow/dags/iceberg_dag.py
[2026-03-06T10:10:31.406+0000] {logging_mixin.py:188} INFO - [2026-03-06T10:10:31.406+0000] {dag.py:3089} INFO - Sync 1 DAGs
[2026-03-06T10:10:31.448+0000] {logging_mixin.py:188} INFO - [2026-03-06T10:10:31.447+0000] {dag.py:3947} INFO - Setting next_dagrun for ecommerce_iceberg_pipeline to 2026-03-05 00:00:00+00:00, run_after=2026-03-06 00:00:00+00:00
[2026-03-06T10:10:31.492+0000] {processor.py:183} INFO - Processing /opt/airflow/dags/iceberg_dag.py took 0.225 seconds
[2026-03-06T10:11:01.772+0000] {processor.py:161} INFO - Started process (PID=219) to work on /opt/airflow/dags/iceberg_dag.py
[2026-03-06T10:11:01.775+0000] {processor.py:830} INFO - Processing file /opt/airflow/dags/iceberg_dag.py for tasks to queue
[2026-03-06T10:11:01.778+0000] {logging_mixin.py:188} INFO - [2026-03-06T10:11:01.778+0000] {dagbag.py:545} INFO - Filling up the DagBag from /opt/airflow/dags/iceberg_dag.py
[2026-03-06T10:11:01.817+0000] {processor.py:840} INFO - DAG(s) 'ecommerce_iceberg_pipeline' retrieved from /opt/airflow/dags/iceberg_dag.py
[2026-03-06T10:11:01.865+0000] {logging_mixin.py:188} INFO - [2026-03-06T10:11:01.865+0000] {dag.py:3089} INFO - Sync 1 DAGs
[2026-03-06T10:11:01.896+0000] {logging_mixin.py:188} INFO - [2026-03-06T10:11:01.895+0000] {dag.py:3947} INFO - Setting next_dagrun for ecommerce_iceberg_pipeline to 2026-03-05 00:00:00+00:00, run_after=2026-03-06 00:00:00+00:00
[2026-03-06T10:11:01.935+0000] {processor.py:183} INFO - Processing /opt/airflow/dags/iceberg_dag.py took 0.178 seconds
[2026-03-06T10:11:32.207+0000] {processor.py:161} INFO - Started process (PID=224) to work on /opt/airflow/dags/iceberg_dag.py
[2026-03-06T10:11:32.209+0000] {processor.py:830} INFO - Processing file /opt/airflow/dags/iceberg_dag.py for tasks to queue
[2026-03-06T10:11:32.213+0000] {logging_mixin.py:188} INFO - [2026-03-06T10:11:32.212+0000] {dagbag.py:545} INFO - Filling up the DagBag from /opt/airflow/dags/iceberg_dag.py
[2026-03-06T10:11:32.281+0000] {processor.py:840} INFO - DAG(s) 'ecommerce_iceberg_pipeline' retrieved from /opt/airflow/dags/iceberg_dag.py
[2026-03-06T10:11:32.380+0000] {logging_mixin.py:188} INFO - [2026-03-06T10:11:32.380+0000] {dag.py:3089} INFO - Sync 1 DAGs
[2026-03-06T10:11:32.446+0000] {logging_mixin.py:188} INFO - [2026-03-06T10:11:32.446+0000] {dag.py:3947} INFO - Setting next_dagrun for ecommerce_iceberg_pipeline to 2026-03-05 00:00:00+00:00, run_after=2026-03-06 00:00:00+00:00
[2026-03-06T10:11:32.520+0000] {processor.py:183} INFO - Processing /opt/airflow/dags/iceberg_dag.py took 0.329 seconds
[2026-03-06T10:12:02.800+0000] {processor.py:161} INFO - Started process (PID=229) to work on /opt/airflow/dags/iceberg_dag.py
[2026-03-06T10:12:02.802+0000] {processor.py:830} INFO - Processing file /opt/airflow/dags/iceberg_dag.py for tasks to queue
[2026-03-06T10:12:02.804+0000] {logging_mixin.py:188} INFO - [2026-03-06T10:12:02.804+0000] {dagbag.py:545} INFO - Filling up the DagBag from /opt/airflow/dags/iceberg_dag.py
[2026-03-06T10:12:02.840+0000] {processor.py:840} INFO - DAG(s) 'ecommerce_iceberg_pipeline' retrieved from /opt/airflow/dags/iceberg_dag.py
[2026-03-06T10:12:02.890+0000] {logging_mixin.py:188} INFO - [2026-03-06T10:12:02.890+0000] {dag.py:3089} INFO - Sync 1 DAGs
[2026-03-06T10:12:02.925+0000] {logging_mixin.py:188} INFO - [2026-03-06T10:12:02.924+0000] {dag.py:3947} INFO - Setting next_dagrun for ecommerce_iceberg_pipeline to 2026-03-05 00:00:00+00:00, run_after=2026-03-06 00:00:00+00:00
[2026-03-06T10:12:02.957+0000] {processor.py:183} INFO - Processing /opt/airflow/dags/iceberg_dag.py took 0.170 seconds
[2026-03-06T10:12:33.398+0000] {processor.py:161} INFO - Started process (PID=234) to work on /opt/airflow/dags/iceberg_dag.py
[2026-03-06T10:12:33.399+0000] {processor.py:830} INFO - Processing file /opt/airflow/dags/iceberg_dag.py for tasks to queue
[2026-03-06T10:12:33.401+0000] {logging_mixin.py:188} INFO - [2026-03-06T10:12:33.401+0000] {dagbag.py:545} INFO - Filling up the DagBag from /opt/airflow/dags/iceberg_dag.py
[2026-03-06T10:12:33.429+0000] {processor.py:840} INFO - DAG(s) 'ecommerce_iceberg_pipeline' retrieved from /opt/airflow/dags/iceberg_dag.py
[2026-03-06T10:12:33.469+0000] {logging_mixin.py:188} INFO - [2026-03-06T10:12:33.469+0000] {dag.py:3089} INFO - Sync 1 DAGs
[2026-03-06T10:12:33.498+0000] {logging_mixin.py:188} INFO - [2026-03-06T10:12:33.497+0000] {dag.py:3947} INFO - Setting next_dagrun for ecommerce_iceberg_pipeline to 2026-03-05 00:00:00+00:00, run_after=2026-03-06 00:00:00+00:00
[2026-03-06T10:12:33.520+0000] {processor.py:183} INFO - Processing /opt/airflow/dags/iceberg_dag.py took 0.129 seconds
[2026-03-06T10:13:03.974+0000] {processor.py:161} INFO - Started process (PID=239) to work on /opt/airflow/dags/iceberg_dag.py
[2026-03-06T10:13:03.975+0000] {processor.py:830} INFO - Processing file /opt/airflow/dags/iceberg_dag.py for tasks to queue
[2026-03-06T10:13:03.978+0000] {logging_mixin.py:188} INFO - [2026-03-06T10:13:03.977+0000] {dagbag.py:545} INFO - Filling up the DagBag from /opt/airflow/dags/iceberg_dag.py
[2026-03-06T10:13:04.008+0000] {processor.py:840} INFO - DAG(s) 'ecommerce_iceberg_pipeline' retrieved from /opt/airflow/dags/iceberg_dag.py
[2026-03-06T10:13:04.054+0000] {logging_mixin.py:188} INFO - [2026-03-06T10:13:04.054+0000] {dag.py:3089} INFO - Sync 1 DAGs
[2026-03-06T10:13:04.082+0000] {logging_mixin.py:188} INFO - [2026-03-06T10:13:04.081+0000] {dag.py:3947} INFO - Setting next_dagrun for ecommerce_iceberg_pipeline to 2026-03-05 00:00:00+00:00, run_after=2026-03-06 00:00:00+00:00
[2026-03-06T10:13:04.113+0000] {processor.py:183} INFO - Processing /opt/airflow/dags/iceberg_dag.py took 0.147 seconds
[2026-03-06T10:13:34.532+0000] {processor.py:161} INFO - Started process (PID=244) to work on /opt/airflow/dags/iceberg_dag.py
[2026-03-06T10:13:34.535+0000] {processor.py:830} INFO - Processing file /opt/airflow/dags/iceberg_dag.py for tasks to queue
[2026-03-06T10:13:34.540+0000] {logging_mixin.py:188} INFO - [2026-03-06T10:13:34.539+0000] {dagbag.py:545} INFO - Filling up the DagBag from /opt/airflow/dags/iceberg_dag.py
[2026-03-06T10:13:34.577+0000] {processor.py:840} INFO - DAG(s) 'ecommerce_iceberg_pipeline' retrieved from /opt/airflow/dags/iceberg_dag.py
[2026-03-06T10:13:34.630+0000] {logging_mixin.py:188} INFO - [2026-03-06T10:13:34.630+0000] {dag.py:3089} INFO - Sync 1 DAGs
[2026-03-06T10:13:34.675+0000] {logging_mixin.py:188} INFO - [2026-03-06T10:13:34.675+0000] {dag.py:3947} INFO - Setting next_dagrun for ecommerce_iceberg_pipeline to 2026-03-05 00:00:00+00:00, run_after=2026-03-06 00:00:00+00:00
[2026-03-06T10:13:34.726+0000] {processor.py:183} INFO - Processing /opt/airflow/dags/iceberg_dag.py took 0.205 seconds
[2026-03-06T10:14:05.051+0000] {processor.py:161} INFO - Started process (PID=249) to work on /opt/airflow/dags/iceberg_dag.py
[2026-03-06T10:14:05.053+0000] {processor.py:830} INFO - Processing file /opt/airflow/dags/iceberg_dag.py for tasks to queue
[2026-03-06T10:14:05.056+0000] {logging_mixin.py:188} INFO - [2026-03-06T10:14:05.056+0000] {dagbag.py:545} INFO - Filling up the DagBag from /opt/airflow/dags/iceberg_dag.py
[2026-03-06T10:14:05.083+0000] {processor.py:840} INFO - DAG(s) 'ecommerce_iceberg_pipeline' retrieved from /opt/airflow/dags/iceberg_dag.py
[2026-03-06T10:14:05.129+0000] {logging_mixin.py:188} INFO - [2026-03-06T10:14:05.129+0000] {dag.py:3089} INFO - Sync 1 DAGs
[2026-03-06T10:14:05.165+0000] {logging_mixin.py:188} INFO - [2026-03-06T10:14:05.165+0000] {dag.py:3947} INFO - Setting next_dagrun for ecommerce_iceberg_pipeline to 2026-03-05 00:00:00+00:00, run_after=2026-03-06 00:00:00+00:00
[2026-03-06T10:14:05.196+0000] {processor.py:183} INFO - Processing /opt/airflow/dags/iceberg_dag.py took 0.154 seconds
[2026-03-06T10:14:36.211+0000] {processor.py:161} INFO - Started process (PID=254) to work on /opt/airflow/dags/iceberg_dag.py
[2026-03-06T10:14:36.212+0000] {processor.py:830} INFO - Processing file /opt/airflow/dags/iceberg_dag.py for tasks to queue
[2026-03-06T10:14:36.214+0000] {logging_mixin.py:188} INFO - [2026-03-06T10:14:36.214+0000] {dagbag.py:545} INFO - Filling up the DagBag from /opt/airflow/dags/iceberg_dag.py
[2026-03-06T10:14:36.245+0000] {processor.py:840} INFO - DAG(s) 'ecommerce_iceberg_pipeline' retrieved from /opt/airflow/dags/iceberg_dag.py
[2026-03-06T10:14:36.299+0000] {logging_mixin.py:188} INFO - [2026-03-06T10:14:36.298+0000] {dag.py:3089} INFO - Sync 1 DAGs
[2026-03-06T10:14:36.334+0000] {logging_mixin.py:188} INFO - [2026-03-06T10:14:36.334+0000] {dag.py:3947} INFO - Setting next_dagrun for ecommerce_iceberg_pipeline to 2026-03-05 00:00:00+00:00, run_after=2026-03-06 00:00:00+00:00
[2026-03-06T10:14:36.366+0000] {processor.py:183} INFO - Processing /opt/airflow/dags/iceberg_dag.py took 0.234 seconds
[2026-03-06T10:15:06.800+0000] {processor.py:161} INFO - Started process (PID=259) to work on /opt/airflow/dags/iceberg_dag.py
[2026-03-06T10:15:06.802+0000] {processor.py:830} INFO - Processing file /opt/airflow/dags/iceberg_dag.py for tasks to queue
[2026-03-06T10:15:06.805+0000] {logging_mixin.py:188} INFO - [2026-03-06T10:15:06.805+0000] {dagbag.py:545} INFO - Filling up the DagBag from /opt/airflow/dags/iceberg_dag.py
[2026-03-06T10:15:06.832+0000] {processor.py:840} INFO - DAG(s) 'ecommerce_iceberg_pipeline' retrieved from /opt/airflow/dags/iceberg_dag.py
[2026-03-06T10:15:06.883+0000] {logging_mixin.py:188} INFO - [2026-03-06T10:15:06.883+0000] {dag.py:3089} INFO - Sync 1 DAGs
[2026-03-06T10:15:06.914+0000] {logging_mixin.py:188} INFO - [2026-03-06T10:15:06.913+0000] {dag.py:3947} INFO - Setting next_dagrun for ecommerce_iceberg_pipeline to 2026-03-05 00:00:00+00:00, run_after=2026-03-06 00:00:00+00:00
[2026-03-06T10:15:06.941+0000] {processor.py:183} INFO - Processing /opt/airflow/dags/iceberg_dag.py took 0.153 seconds
[2026-03-06T10:15:37.422+0000] {processor.py:161} INFO - Started process (PID=264) to work on /opt/airflow/dags/iceberg_dag.py
[2026-03-06T10:15:37.426+0000] {processor.py:830} INFO - Processing file /opt/airflow/dags/iceberg_dag.py for tasks to queue
[2026-03-06T10:15:37.454+0000] {logging_mixin.py:188} INFO - [2026-03-06T10:15:37.452+0000] {dagbag.py:545} INFO - Filling up the DagBag from /opt/airflow/dags/iceberg_dag.py
[2026-03-06T10:15:37.616+0000] {processor.py:840} INFO - DAG(s) 'ecommerce_iceberg_pipeline' retrieved from /opt/airflow/dags/iceberg_dag.py
[2026-03-06T10:15:37.856+0000] {logging_mixin.py:188} INFO - [2026-03-06T10:15:37.856+0000] {dag.py:3089} INFO - Sync 1 DAGs
[2026-03-06T10:15:37.934+0000] {logging_mixin.py:188} INFO - [2026-03-06T10:15:37.933+0000] {dag.py:3947} INFO - Setting next_dagrun for ecommerce_iceberg_pipeline to 2026-03-05 00:00:00+00:00, run_after=2026-03-06 00:00:00+00:00
[2026-03-06T10:15:37.985+0000] {processor.py:183} INFO - Processing /opt/airflow/dags/iceberg_dag.py took 0.608 seconds
[2026-03-06T10:16:08.462+0000] {processor.py:161} INFO - Started process (PID=269) to work on /opt/airflow/dags/iceberg_dag.py
[2026-03-06T10:16:08.464+0000] {processor.py:830} INFO - Processing file /opt/airflow/dags/iceberg_dag.py for tasks to queue
[2026-03-06T10:16:08.472+0000] {logging_mixin.py:188} INFO - [2026-03-06T10:16:08.471+0000] {dagbag.py:545} INFO - Filling up the DagBag from /opt/airflow/dags/iceberg_dag.py
[2026-03-06T10:16:08.508+0000] {processor.py:840} INFO - DAG(s) 'ecommerce_iceberg_pipeline' retrieved from /opt/airflow/dags/iceberg_dag.py
[2026-03-06T10:16:08.581+0000] {logging_mixin.py:188} INFO - [2026-03-06T10:16:08.581+0000] {dag.py:3089} INFO - Sync 1 DAGs
[2026-03-06T10:16:08.627+0000] {logging_mixin.py:188} INFO - [2026-03-06T10:16:08.626+0000] {dag.py:3947} INFO - Setting next_dagrun for ecommerce_iceberg_pipeline to 2026-03-05 00:00:00+00:00, run_after=2026-03-06 00:00:00+00:00
[2026-03-06T10:16:08.664+0000] {processor.py:183} INFO - Processing /opt/airflow/dags/iceberg_dag.py took 0.215 seconds
[2026-03-06T10:16:38.862+0000] {processor.py:161} INFO - Started process (PID=274) to work on /opt/airflow/dags/iceberg_dag.py
[2026-03-06T10:16:38.863+0000] {processor.py:830} INFO - Processing file /opt/airflow/dags/iceberg_dag.py for tasks to queue
[2026-03-06T10:16:38.867+0000] {logging_mixin.py:188} INFO - [2026-03-06T10:16:38.866+0000] {dagbag.py:545} INFO - Filling up the DagBag from /opt/airflow/dags/iceberg_dag.py
[2026-03-06T10:16:38.900+0000] {processor.py:840} INFO - DAG(s) 'ecommerce_iceberg_pipeline' retrieved from /opt/airflow/dags/iceberg_dag.py
[2026-03-06T10:16:38.955+0000] {logging_mixin.py:188} INFO - [2026-03-06T10:16:38.955+0000] {dag.py:3089} INFO - Sync 1 DAGs
[2026-03-06T10:16:38.989+0000] {logging_mixin.py:188} INFO - [2026-03-06T10:16:38.989+0000] {dag.py:3947} INFO - Setting next_dagrun for ecommerce_iceberg_pipeline to 2026-03-05 00:00:00+00:00, run_after=2026-03-06 00:00:00+00:00
[2026-03-06T10:16:39.016+0000] {processor.py:183} INFO - Processing /opt/airflow/dags/iceberg_dag.py took 0.164 seconds
[2026-03-06T10:17:09.284+0000] {processor.py:161} INFO - Started process (PID=279) to work on /opt/airflow/dags/iceberg_dag.py
[2026-03-06T10:17:09.286+0000] {processor.py:830} INFO - Processing file /opt/airflow/dags/iceberg_dag.py for tasks to queue
[2026-03-06T10:17:09.295+0000] {logging_mixin.py:188} INFO - [2026-03-06T10:17:09.294+0000] {dagbag.py:545} INFO - Filling up the DagBag from /opt/airflow/dags/iceberg_dag.py
[2026-03-06T10:17:09.378+0000] {processor.py:840} INFO - DAG(s) 'ecommerce_iceberg_pipeline' retrieved from /opt/airflow/dags/iceberg_dag.py
[2026-03-06T10:17:09.443+0000] {logging_mixin.py:188} INFO - [2026-03-06T10:17:09.443+0000] {dag.py:3089} INFO - Sync 1 DAGs
[2026-03-06T10:17:09.521+0000] {logging_mixin.py:188} INFO - [2026-03-06T10:17:09.520+0000] {dag.py:3947} INFO - Setting next_dagrun for ecommerce_iceberg_pipeline to 2026-03-05 00:00:00+00:00, run_after=2026-03-06 00:00:00+00:00
[2026-03-06T10:17:09.558+0000] {processor.py:183} INFO - Processing /opt/airflow/dags/iceberg_dag.py took 0.284 seconds
[2026-03-06T10:17:39.999+0000] {processor.py:161} INFO - Started process (PID=284) to work on /opt/airflow/dags/iceberg_dag.py
[2026-03-06T10:17:40.013+0000] {processor.py:830} INFO - Processing file /opt/airflow/dags/iceberg_dag.py for tasks to queue
[2026-03-06T10:17:40.066+0000] {logging_mixin.py:188} INFO - [2026-03-06T10:17:40.062+0000] {dagbag.py:545} INFO - Filling up the DagBag from /opt/airflow/dags/iceberg_dag.py
[2026-03-06T10:17:40.305+0000] {processor.py:840} INFO - DAG(s) 'ecommerce_iceberg_pipeline' retrieved from /opt/airflow/dags/iceberg_dag.py
[2026-03-06T10:17:40.561+0000] {logging_mixin.py:188} INFO - [2026-03-06T10:17:40.559+0000] {dag.py:3089} INFO - Sync 1 DAGs
[2026-03-06T10:17:40.608+0000] {logging_mixin.py:188} INFO - [2026-03-06T10:17:40.608+0000] {dag.py:3947} INFO - Setting next_dagrun for ecommerce_iceberg_pipeline to 2026-03-05 00:00:00+00:00, run_after=2026-03-06 00:00:00+00:00
[2026-03-06T10:17:40.648+0000] {processor.py:183} INFO - Processing /opt/airflow/dags/iceberg_dag.py took 0.723 seconds
[2026-03-06T10:18:11.107+0000] {processor.py:161} INFO - Started process (PID=289) to work on /opt/airflow/dags/iceberg_dag.py
[2026-03-06T10:18:11.110+0000] {processor.py:830} INFO - Processing file /opt/airflow/dags/iceberg_dag.py for tasks to queue
[2026-03-06T10:18:11.113+0000] {logging_mixin.py:188} INFO - [2026-03-06T10:18:11.113+0000] {dagbag.py:545} INFO - Filling up the DagBag from /opt/airflow/dags/iceberg_dag.py
[2026-03-06T10:18:11.141+0000] {processor.py:840} INFO - DAG(s) 'ecommerce_iceberg_pipeline' retrieved from /opt/airflow/dags/iceberg_dag.py
[2026-03-06T10:18:11.185+0000] {logging_mixin.py:188} INFO - [2026-03-06T10:18:11.184+0000] {dag.py:3089} INFO - Sync 1 DAGs
[2026-03-06T10:18:11.210+0000] {logging_mixin.py:188} INFO - [2026-03-06T10:18:11.210+0000] {dag.py:3947} INFO - Setting next_dagrun for ecommerce_iceberg_pipeline to 2026-03-05 00:00:00+00:00, run_after=2026-03-06 00:00:00+00:00
[2026-03-06T10:18:11.234+0000] {processor.py:183} INFO - Processing /opt/airflow/dags/iceberg_dag.py took 0.135 seconds
[2026-03-06T10:18:41.885+0000] {processor.py:161} INFO - Started process (PID=294) to work on /opt/airflow/dags/iceberg_dag.py
[2026-03-06T10:18:41.887+0000] {processor.py:830} INFO - Processing file /opt/airflow/dags/iceberg_dag.py for tasks to queue
[2026-03-06T10:18:41.891+0000] {logging_mixin.py:188} INFO - [2026-03-06T10:18:41.890+0000] {dagbag.py:545} INFO - Filling up the DagBag from /opt/airflow/dags/iceberg_dag.py
[2026-03-06T10:18:41.972+0000] {processor.py:840} INFO - DAG(s) 'ecommerce_iceberg_pipeline' retrieved from /opt/airflow/dags/iceberg_dag.py
[2026-03-06T10:18:42.085+0000] {logging_mixin.py:188} INFO - [2026-03-06T10:18:42.084+0000] {dag.py:3089} INFO - Sync 1 DAGs
[2026-03-06T10:18:42.165+0000] {logging_mixin.py:188} INFO - [2026-03-06T10:18:42.165+0000] {dag.py:3947} INFO - Setting next_dagrun for ecommerce_iceberg_pipeline to 2026-03-05 00:00:00+00:00, run_after=2026-03-06 00:00:00+00:00
[2026-03-06T10:18:42.208+0000] {processor.py:183} INFO - Processing /opt/airflow/dags/iceberg_dag.py took 0.343 seconds
[2026-03-06T10:19:12.653+0000] {processor.py:161} INFO - Started process (PID=299) to work on /opt/airflow/dags/iceberg_dag.py
[2026-03-06T10:19:12.654+0000] {processor.py:830} INFO - Processing file /opt/airflow/dags/iceberg_dag.py for tasks to queue
[2026-03-06T10:19:12.658+0000] {logging_mixin.py:188} INFO - [2026-03-06T10:19:12.657+0000] {dagbag.py:545} INFO - Filling up the DagBag from /opt/airflow/dags/iceberg_dag.py
[2026-03-06T10:19:12.721+0000] {processor.py:840} INFO - DAG(s) 'ecommerce_iceberg_pipeline' retrieved from /opt/airflow/dags/iceberg_dag.py
[2026-03-06T10:19:12.779+0000] {logging_mixin.py:188} INFO - [2026-03-06T10:19:12.779+0000] {dag.py:3089} INFO - Sync 1 DAGs
[2026-03-06T10:19:12.819+0000] {logging_mixin.py:188} INFO - [2026-03-06T10:19:12.819+0000] {dag.py:3947} INFO - Setting next_dagrun for ecommerce_iceberg_pipeline to 2026-03-05 00:00:00+00:00, run_after=2026-03-06 00:00:00+00:00
[2026-03-06T10:19:12.898+0000] {processor.py:183} INFO - Processing /opt/airflow/dags/iceberg_dag.py took 0.255 seconds
[2026-03-06T10:19:43.143+0000] {processor.py:161} INFO - Started process (PID=304) to work on /opt/airflow/dags/iceberg_dag.py
[2026-03-06T10:19:43.146+0000] {processor.py:830} INFO - Processing file /opt/airflow/dags/iceberg_dag.py for tasks to queue
[2026-03-06T10:19:43.150+0000] {logging_mixin.py:188} INFO - [2026-03-06T10:19:43.150+0000] {dagbag.py:545} INFO - Filling up the DagBag from /opt/airflow/dags/iceberg_dag.py
[2026-03-06T10:19:43.193+0000] {processor.py:840} INFO - DAG(s) 'ecommerce_iceberg_pipeline' retrieved from /opt/airflow/dags/iceberg_dag.py
[2026-03-06T10:19:43.265+0000] {logging_mixin.py:188} INFO - [2026-03-06T10:19:43.265+0000] {dag.py:3089} INFO - Sync 1 DAGs
[2026-03-06T10:19:43.321+0000] {logging_mixin.py:188} INFO - [2026-03-06T10:19:43.321+0000] {dag.py:3947} INFO - Setting next_dagrun for ecommerce_iceberg_pipeline to 2026-03-05 00:00:00+00:00, run_after=2026-03-06 00:00:00+00:00
[2026-03-06T10:19:43.358+0000] {processor.py:183} INFO - Processing /opt/airflow/dags/iceberg_dag.py took 0.229 seconds
[2026-03-06T10:20:14.325+0000] {processor.py:161} INFO - Started process (PID=309) to work on /opt/airflow/dags/iceberg_dag.py
[2026-03-06T10:20:14.326+0000] {processor.py:830} INFO - Processing file /opt/airflow/dags/iceberg_dag.py for tasks to queue
[2026-03-06T10:20:14.330+0000] {logging_mixin.py:188} INFO - [2026-03-06T10:20:14.330+0000] {dagbag.py:545} INFO - Filling up the DagBag from /opt/airflow/dags/iceberg_dag.py
[2026-03-06T10:20:14.364+0000] {processor.py:840} INFO - DAG(s) 'ecommerce_iceberg_pipeline' retrieved from /opt/airflow/dags/iceberg_dag.py
[2026-03-06T10:20:14.409+0000] {logging_mixin.py:188} INFO - [2026-03-06T10:20:14.408+0000] {dag.py:3089} INFO - Sync 1 DAGs
[2026-03-06T10:20:14.437+0000] {logging_mixin.py:188} INFO - [2026-03-06T10:20:14.436+0000] {dag.py:3947} INFO - Setting next_dagrun for ecommerce_iceberg_pipeline to 2026-03-05 00:00:00+00:00, run_after=2026-03-06 00:00:00+00:00
[2026-03-06T10:20:14.464+0000] {processor.py:183} INFO - Processing /opt/airflow/dags/iceberg_dag.py took 0.147 seconds
[2026-03-06T10:20:45.055+0000] {processor.py:161} INFO - Started process (PID=314) to work on /opt/airflow/dags/iceberg_dag.py
[2026-03-06T10:20:45.057+0000] {processor.py:830} INFO - Processing file /opt/airflow/dags/iceberg_dag.py for tasks to queue
[2026-03-06T10:20:45.061+0000] {logging_mixin.py:188} INFO - [2026-03-06T10:20:45.060+0000] {dagbag.py:545} INFO - Filling up the DagBag from /opt/airflow/dags/iceberg_dag.py
[2026-03-06T10:20:45.113+0000] {processor.py:840} INFO - DAG(s) 'ecommerce_iceberg_pipeline' retrieved from /opt/airflow/dags/iceberg_dag.py
[2026-03-06T10:20:45.184+0000] {logging_mixin.py:188} INFO - [2026-03-06T10:20:45.184+0000] {dag.py:3089} INFO - Sync 1 DAGs
[2026-03-06T10:20:45.237+0000] {logging_mixin.py:188} INFO - [2026-03-06T10:20:45.236+0000] {dag.py:3947} INFO - Setting next_dagrun for ecommerce_iceberg_pipeline to 2026-03-05 00:00:00+00:00, run_after=2026-03-06 00:00:00+00:00
[2026-03-06T10:20:45.273+0000] {processor.py:183} INFO - Processing /opt/airflow/dags/iceberg_dag.py took 0.231 seconds
[2026-03-06T10:21:15.632+0000] {processor.py:161} INFO - Started process (PID=319) to work on /opt/airflow/dags/iceberg_dag.py
[2026-03-06T10:21:15.633+0000] {processor.py:830} INFO - Processing file /opt/airflow/dags/iceberg_dag.py for tasks to queue
[2026-03-06T10:21:15.636+0000] {logging_mixin.py:188} INFO - [2026-03-06T10:21:15.636+0000] {dagbag.py:545} INFO - Filling up the DagBag from /opt/airflow/dags/iceberg_dag.py
[2026-03-06T10:21:15.668+0000] {processor.py:840} INFO - DAG(s) 'ecommerce_iceberg_pipeline' retrieved from /opt/airflow/dags/iceberg_dag.py
[2026-03-06T10:21:15.714+0000] {logging_mixin.py:188} INFO - [2026-03-06T10:21:15.714+0000] {dag.py:3089} INFO - Sync 1 DAGs
[2026-03-06T10:21:15.739+0000] {logging_mixin.py:188} INFO - [2026-03-06T10:21:15.739+0000] {dag.py:3947} INFO - Setting next_dagrun for ecommerce_iceberg_pipeline to 2026-03-05 00:00:00+00:00, run_after=2026-03-06 00:00:00+00:00
[2026-03-06T10:21:15.764+0000] {processor.py:183} INFO - Processing /opt/airflow/dags/iceberg_dag.py took 0.140 seconds
[2026-03-06T10:21:46.218+0000] {processor.py:161} INFO - Started process (PID=324) to work on /opt/airflow/dags/iceberg_dag.py
[2026-03-06T10:21:46.221+0000] {processor.py:830} INFO - Processing file /opt/airflow/dags/iceberg_dag.py for tasks to queue
[2026-03-06T10:21:46.227+0000] {logging_mixin.py:188} INFO - [2026-03-06T10:21:46.226+0000] {dagbag.py:545} INFO - Filling up the DagBag from /opt/airflow/dags/iceberg_dag.py
[2026-03-06T10:21:46.266+0000] {processor.py:840} INFO - DAG(s) 'ecommerce_iceberg_pipeline' retrieved from /opt/airflow/dags/iceberg_dag.py
[2026-03-06T10:21:46.321+0000] {logging_mixin.py:188} INFO - [2026-03-06T10:21:46.321+0000] {dag.py:3089} INFO - Sync 1 DAGs
[2026-03-06T10:21:46.355+0000] {logging_mixin.py:188} INFO - [2026-03-06T10:21:46.355+0000] {dag.py:3947} INFO - Setting next_dagrun for ecommerce_iceberg_pipeline to 2026-03-05 00:00:00+00:00, run_after=2026-03-06 00:00:00+00:00
[2026-03-06T10:21:46.386+0000] {processor.py:183} INFO - Processing /opt/airflow/dags/iceberg_dag.py took 0.179 seconds
[2026-03-06T10:22:17.315+0000] {processor.py:161} INFO - Started process (PID=333) to work on /opt/airflow/dags/iceberg_dag.py
[2026-03-06T10:22:17.318+0000] {processor.py:830} INFO - Processing file /opt/airflow/dags/iceberg_dag.py for tasks to queue
[2026-03-06T10:22:17.342+0000] {logging_mixin.py:188} INFO - [2026-03-06T10:22:17.341+0000] {dagbag.py:545} INFO - Filling up the DagBag from /opt/airflow/dags/iceberg_dag.py
[2026-03-06T10:22:17.440+0000] {processor.py:840} INFO - DAG(s) 'ecommerce_iceberg_pipeline' retrieved from /opt/airflow/dags/iceberg_dag.py
[2026-03-06T10:22:17.501+0000] {logging_mixin.py:188} INFO - [2026-03-06T10:22:17.500+0000] {dag.py:3089} INFO - Sync 1 DAGs
[2026-03-06T10:22:17.570+0000] {logging_mixin.py:188} INFO - [2026-03-06T10:22:17.570+0000] {dag.py:3947} INFO - Setting next_dagrun for ecommerce_iceberg_pipeline to 2026-03-06 00:00:00+00:00, run_after=2026-03-07 00:00:00+00:00
[2026-03-06T10:22:17.648+0000] {processor.py:183} INFO - Processing /opt/airflow/dags/iceberg_dag.py took 0.346 seconds
[2026-03-06T10:22:49.829+0000] {processor.py:161} INFO - Started process (PID=338) to work on /opt/airflow/dags/iceberg_dag.py
[2026-03-06T10:22:49.898+0000] {processor.py:830} INFO - Processing file /opt/airflow/dags/iceberg_dag.py for tasks to queue
[2026-03-06T10:22:50.205+0000] {logging_mixin.py:188} INFO - [2026-03-06T10:22:50.200+0000] {dagbag.py:545} INFO - Filling up the DagBag from /opt/airflow/dags/iceberg_dag.py
[2026-03-06T10:22:51.711+0000] {processor.py:840} INFO - DAG(s) 'ecommerce_iceberg_pipeline' retrieved from /opt/airflow/dags/iceberg_dag.py
[2026-03-06T10:22:55.096+0000] {logging_mixin.py:188} INFO - [2026-03-06T10:22:55.090+0000] {dag.py:3089} INFO - Sync 1 DAGs
[2026-03-06T10:22:55.799+0000] {logging_mixin.py:188} INFO - [2026-03-06T10:22:55.799+0000] {dag.py:3947} INFO - Setting next_dagrun for ecommerce_iceberg_pipeline to 2026-03-06 00:00:00+00:00, run_after=2026-03-07 00:00:00+00:00
[2026-03-06T10:22:55.966+0000] {processor.py:183} INFO - Processing /opt/airflow/dags/iceberg_dag.py took 7.446 seconds
[2026-03-06T10:23:27.545+0000] {processor.py:161} INFO - Started process (PID=343) to work on /opt/airflow/dags/iceberg_dag.py
[2026-03-06T10:23:27.577+0000] {processor.py:830} INFO - Processing file /opt/airflow/dags/iceberg_dag.py for tasks to queue
[2026-03-06T10:23:27.695+0000] {logging_mixin.py:188} INFO - [2026-03-06T10:23:27.693+0000] {dagbag.py:545} INFO - Filling up the DagBag from /opt/airflow/dags/iceberg_dag.py
[2026-03-06T10:23:28.262+0000] {processor.py:840} INFO - DAG(s) 'ecommerce_iceberg_pipeline' retrieved from /opt/airflow/dags/iceberg_dag.py
[2026-03-06T10:23:28.837+0000] {logging_mixin.py:188} INFO - [2026-03-06T10:23:28.836+0000] {dag.py:3089} INFO - Sync 1 DAGs
[2026-03-06T10:23:29.302+0000] {logging_mixin.py:188} INFO - [2026-03-06T10:23:29.300+0000] {dag.py:3947} INFO - Setting next_dagrun for ecommerce_iceberg_pipeline to 2026-03-06 00:00:00+00:00, run_after=2026-03-07 00:00:00+00:00
[2026-03-06T10:23:29.647+0000] {processor.py:183} INFO - Processing /opt/airflow/dags/iceberg_dag.py took 2.277 seconds
[2026-03-06T10:24:03.461+0000] {processor.py:161} INFO - Started process (PID=348) to work on /opt/airflow/dags/iceberg_dag.py
[2026-03-06T10:24:03.545+0000] {processor.py:830} INFO - Processing file /opt/airflow/dags/iceberg_dag.py for tasks to queue
[2026-03-06T10:24:03.861+0000] {logging_mixin.py:188} INFO - [2026-03-06T10:24:03.836+0000] {dagbag.py:545} INFO - Filling up the DagBag from /opt/airflow/dags/iceberg_dag.py
[2026-03-06T10:24:08.807+0000] {processor.py:840} INFO - DAG(s) 'ecommerce_iceberg_pipeline' retrieved from /opt/airflow/dags/iceberg_dag.py
[2026-03-06T10:24:13.342+0000] {logging_mixin.py:188} INFO - [2026-03-06T10:24:13.336+0000] {dag.py:3089} INFO - Sync 1 DAGs
[2026-03-06T10:24:14.336+0000] {logging_mixin.py:188} INFO - [2026-03-06T10:24:14.335+0000] {dag.py:3947} INFO - Setting next_dagrun for ecommerce_iceberg_pipeline to 2026-03-06 00:00:00+00:00, run_after=2026-03-07 00:00:00+00:00
[2026-03-06T10:24:14.777+0000] {processor.py:183} INFO - Processing /opt/airflow/dags/iceberg_dag.py took 13.494 seconds
[2026-03-06T10:24:47.511+0000] {processor.py:161} INFO - Started process (PID=353) to work on /opt/airflow/dags/iceberg_dag.py
[2026-03-06T10:24:47.531+0000] {processor.py:830} INFO - Processing file /opt/airflow/dags/iceberg_dag.py for tasks to queue
[2026-03-06T10:24:47.618+0000] {logging_mixin.py:188} INFO - [2026-03-06T10:24:47.609+0000] {dagbag.py:545} INFO - Filling up the DagBag from /opt/airflow/dags/iceberg_dag.py
[2026-03-06T10:24:48.021+0000] {processor.py:840} INFO - DAG(s) 'ecommerce_iceberg_pipeline' retrieved from /opt/airflow/dags/iceberg_dag.py
[2026-03-06T10:24:48.681+0000] {logging_mixin.py:188} INFO - [2026-03-06T10:24:48.679+0000] {dag.py:3089} INFO - Sync 1 DAGs
[2026-03-06T10:24:49.002+0000] {logging_mixin.py:188} INFO - [2026-03-06T10:24:49.001+0000] {dag.py:3947} INFO - Setting next_dagrun for ecommerce_iceberg_pipeline to 2026-03-06 00:00:00+00:00, run_after=2026-03-07 00:00:00+00:00
[2026-03-06T10:24:49.216+0000] {processor.py:183} INFO - Processing /opt/airflow/dags/iceberg_dag.py took 2.943 seconds
[2026-03-06T10:25:19.503+0000] {processor.py:161} INFO - Started process (PID=360) to work on /opt/airflow/dags/iceberg_dag.py
[2026-03-06T10:25:19.508+0000] {processor.py:830} INFO - Processing file /opt/airflow/dags/iceberg_dag.py for tasks to queue
[2026-03-06T10:25:19.521+0000] {logging_mixin.py:188} INFO - [2026-03-06T10:25:19.518+0000] {dagbag.py:545} INFO - Filling up the DagBag from /opt/airflow/dags/iceberg_dag.py
[2026-03-06T10:25:19.583+0000] {processor.py:840} INFO - DAG(s) 'ecommerce_iceberg_pipeline' retrieved from /opt/airflow/dags/iceberg_dag.py
[2026-03-06T10:25:19.741+0000] {logging_mixin.py:188} INFO - [2026-03-06T10:25:19.740+0000] {dag.py:3089} INFO - Sync 1 DAGs
[2026-03-06T10:25:19.808+0000] {logging_mixin.py:188} INFO - [2026-03-06T10:25:19.808+0000] {dag.py:3947} INFO - Setting next_dagrun for ecommerce_iceberg_pipeline to 2026-03-06 00:00:00+00:00, run_after=2026-03-07 00:00:00+00:00
[2026-03-06T10:25:19.867+0000] {processor.py:183} INFO - Processing /opt/airflow/dags/iceberg_dag.py took 0.421 seconds
[2026-03-06T10:25:51.432+0000] {processor.py:161} INFO - Started process (PID=367) to work on /opt/airflow/dags/iceberg_dag.py
[2026-03-06T10:25:51.456+0000] {processor.py:830} INFO - Processing file /opt/airflow/dags/iceberg_dag.py for tasks to queue
[2026-03-06T10:25:51.581+0000] {logging_mixin.py:188} INFO - [2026-03-06T10:25:51.534+0000] {dagbag.py:545} INFO - Filling up the DagBag from /opt/airflow/dags/iceberg_dag.py
[2026-03-06T10:25:52.368+0000] {processor.py:840} INFO - DAG(s) 'ecommerce_iceberg_pipeline' retrieved from /opt/airflow/dags/iceberg_dag.py
[2026-03-06T10:25:52.613+0000] {logging_mixin.py:188} INFO - [2026-03-06T10:25:52.612+0000] {dag.py:3089} INFO - Sync 1 DAGs
[2026-03-06T10:25:52.809+0000] {logging_mixin.py:188} INFO - [2026-03-06T10:25:52.807+0000] {dag.py:3947} INFO - Setting next_dagrun for ecommerce_iceberg_pipeline to 2026-03-06 00:00:00+00:00, run_after=2026-03-07 00:00:00+00:00
[2026-03-06T10:25:52.953+0000] {processor.py:183} INFO - Processing /opt/airflow/dags/iceberg_dag.py took 2.400 seconds
[2026-03-06T10:26:24.405+0000] {processor.py:161} INFO - Started process (PID=372) to work on /opt/airflow/dags/iceberg_dag.py
[2026-03-06T10:26:24.642+0000] {processor.py:830} INFO - Processing file /opt/airflow/dags/iceberg_dag.py for tasks to queue
[2026-03-06T10:26:25.070+0000] {logging_mixin.py:188} INFO - [2026-03-06T10:26:25.049+0000] {dagbag.py:545} INFO - Filling up the DagBag from /opt/airflow/dags/iceberg_dag.py
[2026-03-06T10:26:26.321+0000] {processor.py:840} INFO - DAG(s) 'ecommerce_iceberg_pipeline' retrieved from /opt/airflow/dags/iceberg_dag.py
[2026-03-06T10:26:26.995+0000] {logging_mixin.py:188} INFO - [2026-03-06T10:26:26.994+0000] {dag.py:3089} INFO - Sync 1 DAGs
[2026-03-06T10:26:27.251+0000] {logging_mixin.py:188} INFO - [2026-03-06T10:26:27.250+0000] {dag.py:3947} INFO - Setting next_dagrun for ecommerce_iceberg_pipeline to 2026-03-06 00:00:00+00:00, run_after=2026-03-07 00:00:00+00:00
[2026-03-06T10:26:27.455+0000] {processor.py:183} INFO - Processing /opt/airflow/dags/iceberg_dag.py took 3.773 seconds
[2026-03-06T10:26:58.668+0000] {processor.py:161} INFO - Started process (PID=377) to work on /opt/airflow/dags/iceberg_dag.py
[2026-03-06T10:26:58.802+0000] {processor.py:830} INFO - Processing file /opt/airflow/dags/iceberg_dag.py for tasks to queue
[2026-03-06T10:26:58.807+0000] {logging_mixin.py:188} INFO - [2026-03-06T10:26:58.806+0000] {dagbag.py:545} INFO - Filling up the DagBag from /opt/airflow/dags/iceberg_dag.py
[2026-03-06T10:26:59.421+0000] {processor.py:840} INFO - DAG(s) 'ecommerce_iceberg_pipeline' retrieved from /opt/airflow/dags/iceberg_dag.py
[2026-03-06T10:27:00.189+0000] {logging_mixin.py:188} INFO - [2026-03-06T10:27:00.188+0000] {dag.py:3089} INFO - Sync 1 DAGs
[2026-03-06T10:27:00.661+0000] {logging_mixin.py:188} INFO - [2026-03-06T10:27:00.658+0000] {dag.py:3947} INFO - Setting next_dagrun for ecommerce_iceberg_pipeline to 2026-03-06 00:00:00+00:00, run_after=2026-03-07 00:00:00+00:00
[2026-03-06T10:27:00.807+0000] {processor.py:183} INFO - Processing /opt/airflow/dags/iceberg_dag.py took 2.551 seconds
[2026-03-06T10:27:31.355+0000] {processor.py:161} INFO - Started process (PID=382) to work on /opt/airflow/dags/iceberg_dag.py
[2026-03-06T10:27:31.358+0000] {processor.py:830} INFO - Processing file /opt/airflow/dags/iceberg_dag.py for tasks to queue
[2026-03-06T10:27:31.363+0000] {logging_mixin.py:188} INFO - [2026-03-06T10:27:31.362+0000] {dagbag.py:545} INFO - Filling up the DagBag from /opt/airflow/dags/iceberg_dag.py
[2026-03-06T10:27:31.495+0000] {processor.py:840} INFO - DAG(s) 'ecommerce_iceberg_pipeline' retrieved from /opt/airflow/dags/iceberg_dag.py
[2026-03-06T10:27:32.283+0000] {logging_mixin.py:188} INFO - [2026-03-06T10:27:32.279+0000] {dag.py:3089} INFO - Sync 1 DAGs
[2026-03-06T10:27:32.646+0000] {logging_mixin.py:188} INFO - [2026-03-06T10:27:32.645+0000] {dag.py:3947} INFO - Setting next_dagrun for ecommerce_iceberg_pipeline to 2026-03-06 00:00:00+00:00, run_after=2026-03-07 00:00:00+00:00
[2026-03-06T10:27:32.772+0000] {processor.py:183} INFO - Processing /opt/airflow/dags/iceberg_dag.py took 1.432 seconds
[2026-03-06T10:28:03.713+0000] {processor.py:161} INFO - Started process (PID=387) to work on /opt/airflow/dags/iceberg_dag.py
[2026-03-06T10:28:03.726+0000] {processor.py:830} INFO - Processing file /opt/airflow/dags/iceberg_dag.py for tasks to queue
[2026-03-06T10:28:03.733+0000] {logging_mixin.py:188} INFO - [2026-03-06T10:28:03.732+0000] {dagbag.py:545} INFO - Filling up the DagBag from /opt/airflow/dags/iceberg_dag.py
[2026-03-06T10:28:03.808+0000] {processor.py:840} INFO - DAG(s) 'ecommerce_iceberg_pipeline' retrieved from /opt/airflow/dags/iceberg_dag.py
[2026-03-06T10:28:03.959+0000] {logging_mixin.py:188} INFO - [2026-03-06T10:28:03.959+0000] {dag.py:3089} INFO - Sync 1 DAGs
[2026-03-06T10:28:04.276+0000] {logging_mixin.py:188} INFO - [2026-03-06T10:28:04.275+0000] {dag.py:3947} INFO - Setting next_dagrun for ecommerce_iceberg_pipeline to 2026-03-06 00:00:00+00:00, run_after=2026-03-07 00:00:00+00:00
[2026-03-06T10:28:04.427+0000] {processor.py:183} INFO - Processing /opt/airflow/dags/iceberg_dag.py took 0.738 seconds
[2026-03-06T10:28:34.958+0000] {processor.py:161} INFO - Started process (PID=392) to work on /opt/airflow/dags/iceberg_dag.py
[2026-03-06T10:28:34.959+0000] {processor.py:830} INFO - Processing file /opt/airflow/dags/iceberg_dag.py for tasks to queue
[2026-03-06T10:28:34.962+0000] {logging_mixin.py:188} INFO - [2026-03-06T10:28:34.961+0000] {dagbag.py:545} INFO - Filling up the DagBag from /opt/airflow/dags/iceberg_dag.py
[2026-03-06T10:28:34.996+0000] {processor.py:840} INFO - DAG(s) 'ecommerce_iceberg_pipeline' retrieved from /opt/airflow/dags/iceberg_dag.py
[2026-03-06T10:28:35.064+0000] {logging_mixin.py:188} INFO - [2026-03-06T10:28:35.064+0000] {dag.py:3089} INFO - Sync 1 DAGs
[2026-03-06T10:28:35.098+0000] {logging_mixin.py:188} INFO - [2026-03-06T10:28:35.097+0000] {dag.py:3947} INFO - Setting next_dagrun for ecommerce_iceberg_pipeline to 2026-03-06 00:00:00+00:00, run_after=2026-03-07 00:00:00+00:00
[2026-03-06T10:28:35.134+0000] {processor.py:183} INFO - Processing /opt/airflow/dags/iceberg_dag.py took 0.187 seconds
[2026-03-06T10:29:05.422+0000] {processor.py:161} INFO - Started process (PID=397) to work on /opt/airflow/dags/iceberg_dag.py
[2026-03-06T10:29:05.424+0000] {processor.py:830} INFO - Processing file /opt/airflow/dags/iceberg_dag.py for tasks to queue
[2026-03-06T10:29:05.427+0000] {logging_mixin.py:188} INFO - [2026-03-06T10:29:05.427+0000] {dagbag.py:545} INFO - Filling up the DagBag from /opt/airflow/dags/iceberg_dag.py
[2026-03-06T10:29:05.479+0000] {processor.py:840} INFO - DAG(s) 'ecommerce_iceberg_pipeline' retrieved from /opt/airflow/dags/iceberg_dag.py
[2026-03-06T10:29:05.529+0000] {logging_mixin.py:188} INFO - [2026-03-06T10:29:05.528+0000] {dag.py:3089} INFO - Sync 1 DAGs
[2026-03-06T10:29:05.559+0000] {logging_mixin.py:188} INFO - [2026-03-06T10:29:05.559+0000] {dag.py:3947} INFO - Setting next_dagrun for ecommerce_iceberg_pipeline to 2026-03-06 00:00:00+00:00, run_after=2026-03-07 00:00:00+00:00
[2026-03-06T10:29:05.589+0000] {processor.py:183} INFO - Processing /opt/airflow/dags/iceberg_dag.py took 0.176 seconds
[2026-03-06T10:29:35.907+0000] {processor.py:161} INFO - Started process (PID=402) to work on /opt/airflow/dags/iceberg_dag.py
[2026-03-06T10:29:35.908+0000] {processor.py:830} INFO - Processing file /opt/airflow/dags/iceberg_dag.py for tasks to queue
[2026-03-06T10:29:35.911+0000] {logging_mixin.py:188} INFO - [2026-03-06T10:29:35.911+0000] {dagbag.py:545} INFO - Filling up the DagBag from /opt/airflow/dags/iceberg_dag.py
[2026-03-06T10:29:35.941+0000] {processor.py:840} INFO - DAG(s) 'ecommerce_iceberg_pipeline' retrieved from /opt/airflow/dags/iceberg_dag.py
[2026-03-06T10:29:35.984+0000] {logging_mixin.py:188} INFO - [2026-03-06T10:29:35.983+0000] {dag.py:3089} INFO - Sync 1 DAGs
[2026-03-06T10:29:36.035+0000] {logging_mixin.py:188} INFO - [2026-03-06T10:29:36.032+0000] {dag.py:3947} INFO - Setting next_dagrun for ecommerce_iceberg_pipeline to 2026-03-06 00:00:00+00:00, run_after=2026-03-07 00:00:00+00:00
[2026-03-06T10:29:36.199+0000] {processor.py:183} INFO - Processing /opt/airflow/dags/iceberg_dag.py took 0.301 seconds
[2026-03-06T10:30:06.652+0000] {processor.py:161} INFO - Started process (PID=407) to work on /opt/airflow/dags/iceberg_dag.py
[2026-03-06T10:30:06.655+0000] {processor.py:830} INFO - Processing file /opt/airflow/dags/iceberg_dag.py for tasks to queue
[2026-03-06T10:30:06.657+0000] {logging_mixin.py:188} INFO - [2026-03-06T10:30:06.657+0000] {dagbag.py:545} INFO - Filling up the DagBag from /opt/airflow/dags/iceberg_dag.py
[2026-03-06T10:30:06.686+0000] {processor.py:840} INFO - DAG(s) 'ecommerce_iceberg_pipeline' retrieved from /opt/airflow/dags/iceberg_dag.py
[2026-03-06T10:30:06.738+0000] {logging_mixin.py:188} INFO - [2026-03-06T10:30:06.737+0000] {dag.py:3089} INFO - Sync 1 DAGs
[2026-03-06T10:30:06.906+0000] {logging_mixin.py:188} INFO - [2026-03-06T10:30:06.903+0000] {dag.py:3947} INFO - Setting next_dagrun for ecommerce_iceberg_pipeline to 2026-03-06 00:00:00+00:00, run_after=2026-03-07 00:00:00+00:00
[2026-03-06T10:30:07.092+0000] {processor.py:183} INFO - Processing /opt/airflow/dags/iceberg_dag.py took 0.454 seconds
[2026-03-06T10:30:37.247+0000] {processor.py:161} INFO - Started process (PID=412) to work on /opt/airflow/dags/iceberg_dag.py
[2026-03-06T10:30:37.249+0000] {processor.py:830} INFO - Processing file /opt/airflow/dags/iceberg_dag.py for tasks to queue
[2026-03-06T10:30:37.252+0000] {logging_mixin.py:188} INFO - [2026-03-06T10:30:37.251+0000] {dagbag.py:545} INFO - Filling up the DagBag from /opt/airflow/dags/iceberg_dag.py
[2026-03-06T10:30:37.291+0000] {processor.py:840} INFO - DAG(s) 'ecommerce_iceberg_pipeline' retrieved from /opt/airflow/dags/iceberg_dag.py
[2026-03-06T10:30:37.337+0000] {logging_mixin.py:188} INFO - [2026-03-06T10:30:37.337+0000] {dag.py:3089} INFO - Sync 1 DAGs
[2026-03-06T10:30:37.425+0000] {logging_mixin.py:188} INFO - [2026-03-06T10:30:37.424+0000] {dag.py:3947} INFO - Setting next_dagrun for ecommerce_iceberg_pipeline to 2026-03-06 00:00:00+00:00, run_after=2026-03-07 00:00:00+00:00
[2026-03-06T10:30:37.705+0000] {processor.py:183} INFO - Processing /opt/airflow/dags/iceberg_dag.py took 0.467 seconds
[2026-03-06T10:31:08.331+0000] {processor.py:161} INFO - Started process (PID=417) to work on /opt/airflow/dags/iceberg_dag.py
[2026-03-06T10:31:08.333+0000] {processor.py:830} INFO - Processing file /opt/airflow/dags/iceberg_dag.py for tasks to queue
[2026-03-06T10:31:08.337+0000] {logging_mixin.py:188} INFO - [2026-03-06T10:31:08.336+0000] {dagbag.py:545} INFO - Filling up the DagBag from /opt/airflow/dags/iceberg_dag.py
[2026-03-06T10:31:08.380+0000] {processor.py:840} INFO - DAG(s) 'ecommerce_iceberg_pipeline' retrieved from /opt/airflow/dags/iceberg_dag.py
[2026-03-06T10:31:08.538+0000] {logging_mixin.py:188} INFO - [2026-03-06T10:31:08.535+0000] {dag.py:3089} INFO - Sync 1 DAGs
[2026-03-06T10:31:08.805+0000] {logging_mixin.py:188} INFO - [2026-03-06T10:31:08.804+0000] {dag.py:3947} INFO - Setting next_dagrun for ecommerce_iceberg_pipeline to 2026-03-06 00:00:00+00:00, run_after=2026-03-07 00:00:00+00:00
[2026-03-06T10:31:08.900+0000] {processor.py:183} INFO - Processing /opt/airflow/dags/iceberg_dag.py took 0.589 seconds
[2026-03-06T10:31:16.208+0000] {processor.py:161} INFO - Started process (PID=422) to work on /opt/airflow/dags/iceberg_dag.py
[2026-03-06T10:31:16.210+0000] {processor.py:830} INFO - Processing file /opt/airflow/dags/iceberg_dag.py for tasks to queue
[2026-03-06T10:31:16.214+0000] {logging_mixin.py:188} INFO - [2026-03-06T10:31:16.214+0000] {dagbag.py:545} INFO - Filling up the DagBag from /opt/airflow/dags/iceberg_dag.py
[2026-03-06T10:31:16.295+0000] {processor.py:840} INFO - DAG(s) 'ecommerce_iceberg_pipeline' retrieved from /opt/airflow/dags/iceberg_dag.py
[2026-03-06T10:31:18.028+0000] {logging_mixin.py:188} INFO - [2026-03-06T10:31:18.028+0000] {dag.py:3089} INFO - Sync 1 DAGs
[2026-03-06T10:31:18.177+0000] {logging_mixin.py:188} INFO - [2026-03-06T10:31:18.177+0000] {dag.py:3947} INFO - Setting next_dagrun for ecommerce_iceberg_pipeline to 2026-03-06 00:00:00+00:00, run_after=2026-03-07 00:00:00+00:00
[2026-03-06T10:31:18.308+0000] {processor.py:183} INFO - Processing /opt/airflow/dags/iceberg_dag.py took 2.108 seconds
[2026-03-06T10:31:48.715+0000] {processor.py:161} INFO - Started process (PID=431) to work on /opt/airflow/dags/iceberg_dag.py
[2026-03-06T10:31:48.718+0000] {processor.py:830} INFO - Processing file /opt/airflow/dags/iceberg_dag.py for tasks to queue
[2026-03-06T10:31:48.722+0000] {logging_mixin.py:188} INFO - [2026-03-06T10:31:48.721+0000] {dagbag.py:545} INFO - Filling up the DagBag from /opt/airflow/dags/iceberg_dag.py
[2026-03-06T10:31:48.804+0000] {processor.py:840} INFO - DAG(s) 'ecommerce_iceberg_pipeline' retrieved from /opt/airflow/dags/iceberg_dag.py
[2026-03-06T10:31:48.924+0000] {logging_mixin.py:188} INFO - [2026-03-06T10:31:48.923+0000] {dag.py:3089} INFO - Sync 1 DAGs
[2026-03-06T10:31:49.009+0000] {logging_mixin.py:188} INFO - [2026-03-06T10:31:49.008+0000] {dag.py:3947} INFO - Setting next_dagrun for ecommerce_iceberg_pipeline to 2026-03-06 00:00:00+00:00, run_after=2026-03-07 00:00:00+00:00
[2026-03-06T10:31:49.086+0000] {processor.py:183} INFO - Processing /opt/airflow/dags/iceberg_dag.py took 0.387 seconds
[2026-03-06T10:32:19.702+0000] {processor.py:161} INFO - Started process (PID=436) to work on /opt/airflow/dags/iceberg_dag.py
[2026-03-06T10:32:19.703+0000] {processor.py:830} INFO - Processing file /opt/airflow/dags/iceberg_dag.py for tasks to queue
[2026-03-06T10:32:19.706+0000] {logging_mixin.py:188} INFO - [2026-03-06T10:32:19.706+0000] {dagbag.py:545} INFO - Filling up the DagBag from /opt/airflow/dags/iceberg_dag.py
[2026-03-06T10:32:19.749+0000] {processor.py:840} INFO - DAG(s) 'ecommerce_iceberg_pipeline' retrieved from /opt/airflow/dags/iceberg_dag.py
[2026-03-06T10:32:19.801+0000] {logging_mixin.py:188} INFO - [2026-03-06T10:32:19.801+0000] {dag.py:3089} INFO - Sync 1 DAGs
[2026-03-06T10:32:19.834+0000] {logging_mixin.py:188} INFO - [2026-03-06T10:32:19.834+0000] {dag.py:3947} INFO - Setting next_dagrun for ecommerce_iceberg_pipeline to 2026-03-06 00:00:00+00:00, run_after=2026-03-07 00:00:00+00:00
[2026-03-06T10:32:19.860+0000] {processor.py:183} INFO - Processing /opt/airflow/dags/iceberg_dag.py took 0.171 seconds
[2026-03-06T10:32:50.127+0000] {processor.py:161} INFO - Started process (PID=441) to work on /opt/airflow/dags/iceberg_dag.py
[2026-03-06T10:32:50.129+0000] {processor.py:830} INFO - Processing file /opt/airflow/dags/iceberg_dag.py for tasks to queue
[2026-03-06T10:32:50.132+0000] {logging_mixin.py:188} INFO - [2026-03-06T10:32:50.131+0000] {dagbag.py:545} INFO - Filling up the DagBag from /opt/airflow/dags/iceberg_dag.py
[2026-03-06T10:32:50.170+0000] {processor.py:840} INFO - DAG(s) 'ecommerce_iceberg_pipeline' retrieved from /opt/airflow/dags/iceberg_dag.py
[2026-03-06T10:32:50.232+0000] {logging_mixin.py:188} INFO - [2026-03-06T10:32:50.232+0000] {dag.py:3089} INFO - Sync 1 DAGs
[2026-03-06T10:32:50.290+0000] {logging_mixin.py:188} INFO - [2026-03-06T10:32:50.289+0000] {dag.py:3947} INFO - Setting next_dagrun for ecommerce_iceberg_pipeline to 2026-03-06 00:00:00+00:00, run_after=2026-03-07 00:00:00+00:00
[2026-03-06T10:32:50.351+0000] {processor.py:183} INFO - Processing /opt/airflow/dags/iceberg_dag.py took 0.236 seconds
[2026-03-06T10:33:20.819+0000] {processor.py:161} INFO - Started process (PID=446) to work on /opt/airflow/dags/iceberg_dag.py
[2026-03-06T10:33:20.820+0000] {processor.py:830} INFO - Processing file /opt/airflow/dags/iceberg_dag.py for tasks to queue
[2026-03-06T10:33:20.822+0000] {logging_mixin.py:188} INFO - [2026-03-06T10:33:20.822+0000] {dagbag.py:545} INFO - Filling up the DagBag from /opt/airflow/dags/iceberg_dag.py
[2026-03-06T10:33:20.854+0000] {processor.py:840} INFO - DAG(s) 'ecommerce_iceberg_pipeline' retrieved from /opt/airflow/dags/iceberg_dag.py
[2026-03-06T10:33:20.900+0000] {logging_mixin.py:188} INFO - [2026-03-06T10:33:20.899+0000] {dag.py:3089} INFO - Sync 1 DAGs
[2026-03-06T10:33:20.925+0000] {logging_mixin.py:188} INFO - [2026-03-06T10:33:20.925+0000] {dag.py:3947} INFO - Setting next_dagrun for ecommerce_iceberg_pipeline to 2026-03-06 00:00:00+00:00, run_after=2026-03-07 00:00:00+00:00
[2026-03-06T10:33:20.947+0000] {processor.py:183} INFO - Processing /opt/airflow/dags/iceberg_dag.py took 0.136 seconds
[2026-03-06T10:33:51.365+0000] {processor.py:161} INFO - Started process (PID=451) to work on /opt/airflow/dags/iceberg_dag.py
[2026-03-06T10:33:51.367+0000] {processor.py:830} INFO - Processing file /opt/airflow/dags/iceberg_dag.py for tasks to queue
[2026-03-06T10:33:51.370+0000] {logging_mixin.py:188} INFO - [2026-03-06T10:33:51.370+0000] {dagbag.py:545} INFO - Filling up the DagBag from /opt/airflow/dags/iceberg_dag.py
[2026-03-06T10:33:51.418+0000] {processor.py:840} INFO - DAG(s) 'ecommerce_iceberg_pipeline' retrieved from /opt/airflow/dags/iceberg_dag.py
[2026-03-06T10:33:51.472+0000] {logging_mixin.py:188} INFO - [2026-03-06T10:33:51.472+0000] {dag.py:3089} INFO - Sync 1 DAGs
[2026-03-06T10:33:51.526+0000] {logging_mixin.py:188} INFO - [2026-03-06T10:33:51.525+0000] {dag.py:3947} INFO - Setting next_dagrun for ecommerce_iceberg_pipeline to 2026-03-06 00:00:00+00:00, run_after=2026-03-07 00:00:00+00:00
[2026-03-06T10:33:51.554+0000] {processor.py:183} INFO - Processing /opt/airflow/dags/iceberg_dag.py took 0.198 seconds
[2026-03-06T10:34:21.932+0000] {processor.py:161} INFO - Started process (PID=456) to work on /opt/airflow/dags/iceberg_dag.py
[2026-03-06T10:34:21.935+0000] {processor.py:830} INFO - Processing file /opt/airflow/dags/iceberg_dag.py for tasks to queue
[2026-03-06T10:34:21.943+0000] {logging_mixin.py:188} INFO - [2026-03-06T10:34:21.942+0000] {dagbag.py:545} INFO - Filling up the DagBag from /opt/airflow/dags/iceberg_dag.py
[2026-03-06T10:34:21.999+0000] {processor.py:840} INFO - DAG(s) 'ecommerce_iceberg_pipeline' retrieved from /opt/airflow/dags/iceberg_dag.py
[2026-03-06T10:34:22.093+0000] {logging_mixin.py:188} INFO - [2026-03-06T10:34:22.092+0000] {dag.py:3089} INFO - Sync 1 DAGs
[2026-03-06T10:34:22.150+0000] {logging_mixin.py:188} INFO - [2026-03-06T10:34:22.150+0000] {dag.py:3947} INFO - Setting next_dagrun for ecommerce_iceberg_pipeline to 2026-03-06 00:00:00+00:00, run_after=2026-03-07 00:00:00+00:00
[2026-03-06T10:34:22.177+0000] {processor.py:183} INFO - Processing /opt/airflow/dags/iceberg_dag.py took 0.257 seconds
[2026-03-06T10:34:52.573+0000] {processor.py:161} INFO - Started process (PID=461) to work on /opt/airflow/dags/iceberg_dag.py
[2026-03-06T10:34:52.575+0000] {processor.py:830} INFO - Processing file /opt/airflow/dags/iceberg_dag.py for tasks to queue
[2026-03-06T10:34:52.578+0000] {logging_mixin.py:188} INFO - [2026-03-06T10:34:52.578+0000] {dagbag.py:545} INFO - Filling up the DagBag from /opt/airflow/dags/iceberg_dag.py
[2026-03-06T10:34:52.647+0000] {processor.py:840} INFO - DAG(s) 'ecommerce_iceberg_pipeline' retrieved from /opt/airflow/dags/iceberg_dag.py
[2026-03-06T10:34:52.776+0000] {logging_mixin.py:188} INFO - [2026-03-06T10:34:52.776+0000] {dag.py:3089} INFO - Sync 1 DAGs
[2026-03-06T10:34:52.837+0000] {logging_mixin.py:188} INFO - [2026-03-06T10:34:52.836+0000] {dag.py:3947} INFO - Setting next_dagrun for ecommerce_iceberg_pipeline to 2026-03-06 00:00:00+00:00, run_after=2026-03-07 00:00:00+00:00
[2026-03-06T10:34:52.929+0000] {processor.py:183} INFO - Processing /opt/airflow/dags/iceberg_dag.py took 0.367 seconds
[2026-03-06T10:40:00.124+0000] {processor.py:161} INFO - Started process (PID=160) to work on /opt/airflow/dags/iceberg_dag.py
[2026-03-06T10:40:00.135+0000] {processor.py:830} INFO - Processing file /opt/airflow/dags/iceberg_dag.py for tasks to queue
[2026-03-06T10:40:00.139+0000] {logging_mixin.py:188} INFO - [2026-03-06T10:40:00.139+0000] {dagbag.py:545} INFO - Filling up the DagBag from /opt/airflow/dags/iceberg_dag.py
[2026-03-06T10:40:00.352+0000] {processor.py:840} INFO - DAG(s) 'ecommerce_iceberg_pipeline' retrieved from /opt/airflow/dags/iceberg_dag.py
[2026-03-06T10:40:02.383+0000] {logging_mixin.py:188} INFO - [2026-03-06T10:40:02.382+0000] {override.py:1858} INFO - Created Permission View: can read on DAG:ecommerce_iceberg_pipeline
[2026-03-06T10:40:02.402+0000] {logging_mixin.py:188} INFO - [2026-03-06T10:40:02.402+0000] {override.py:1858} INFO - Created Permission View: can delete on DAG:ecommerce_iceberg_pipeline
[2026-03-06T10:40:02.414+0000] {logging_mixin.py:188} INFO - [2026-03-06T10:40:02.414+0000] {override.py:1858} INFO - Created Permission View: can edit on DAG:ecommerce_iceberg_pipeline
[2026-03-06T10:40:02.416+0000] {logging_mixin.py:188} INFO - [2026-03-06T10:40:02.415+0000] {dag.py:3089} INFO - Sync 1 DAGs
[2026-03-06T10:40:02.437+0000] {logging_mixin.py:188} INFO - [2026-03-06T10:40:02.437+0000] {dag.py:3111} INFO - Creating ORM DAG for ecommerce_iceberg_pipeline
[2026-03-06T10:40:02.455+0000] {logging_mixin.py:188} INFO - [2026-03-06T10:40:02.455+0000] {dag.py:3947} INFO - Setting next_dagrun for ecommerce_iceberg_pipeline to 2026-03-05 00:00:00+00:00, run_after=2026-03-06 00:00:00+00:00
[2026-03-06T10:40:02.500+0000] {processor.py:183} INFO - Processing /opt/airflow/dags/iceberg_dag.py took 2.396 seconds
[2026-03-06T10:40:33.105+0000] {processor.py:161} INFO - Started process (PID=165) to work on /opt/airflow/dags/iceberg_dag.py
[2026-03-06T10:40:33.119+0000] {processor.py:830} INFO - Processing file /opt/airflow/dags/iceberg_dag.py for tasks to queue
[2026-03-06T10:40:33.146+0000] {logging_mixin.py:188} INFO - [2026-03-06T10:40:33.144+0000] {dagbag.py:545} INFO - Filling up the DagBag from /opt/airflow/dags/iceberg_dag.py
[2026-03-06T10:40:33.400+0000] {processor.py:840} INFO - DAG(s) 'ecommerce_iceberg_pipeline' retrieved from /opt/airflow/dags/iceberg_dag.py
[2026-03-06T10:40:33.860+0000] {logging_mixin.py:188} INFO - [2026-03-06T10:40:33.860+0000] {dag.py:3089} INFO - Sync 1 DAGs
[2026-03-06T10:40:33.901+0000] {logging_mixin.py:188} INFO - [2026-03-06T10:40:33.901+0000] {dag.py:3947} INFO - Setting next_dagrun for ecommerce_iceberg_pipeline to 2026-03-05 00:00:00+00:00, run_after=2026-03-06 00:00:00+00:00
[2026-03-06T10:40:34.090+0000] {processor.py:183} INFO - Processing /opt/airflow/dags/iceberg_dag.py took 1.035 seconds
[2026-03-06T10:41:04.490+0000] {processor.py:161} INFO - Started process (PID=170) to work on /opt/airflow/dags/iceberg_dag.py
[2026-03-06T10:41:04.492+0000] {processor.py:830} INFO - Processing file /opt/airflow/dags/iceberg_dag.py for tasks to queue
[2026-03-06T10:41:04.499+0000] {logging_mixin.py:188} INFO - [2026-03-06T10:41:04.499+0000] {dagbag.py:545} INFO - Filling up the DagBag from /opt/airflow/dags/iceberg_dag.py
[2026-03-06T10:41:04.539+0000] {processor.py:840} INFO - DAG(s) 'ecommerce_iceberg_pipeline' retrieved from /opt/airflow/dags/iceberg_dag.py
[2026-03-06T10:41:04.606+0000] {logging_mixin.py:188} INFO - [2026-03-06T10:41:04.606+0000] {dag.py:3089} INFO - Sync 1 DAGs
[2026-03-06T10:41:04.652+0000] {logging_mixin.py:188} INFO - [2026-03-06T10:41:04.652+0000] {dag.py:3947} INFO - Setting next_dagrun for ecommerce_iceberg_pipeline to 2026-03-05 00:00:00+00:00, run_after=2026-03-06 00:00:00+00:00
[2026-03-06T10:41:04.713+0000] {processor.py:183} INFO - Processing /opt/airflow/dags/iceberg_dag.py took 0.230 seconds
[2026-03-06T10:41:35.767+0000] {processor.py:161} INFO - Started process (PID=175) to work on /opt/airflow/dags/iceberg_dag.py
[2026-03-06T10:41:35.776+0000] {processor.py:830} INFO - Processing file /opt/airflow/dags/iceberg_dag.py for tasks to queue
[2026-03-06T10:41:35.798+0000] {logging_mixin.py:188} INFO - [2026-03-06T10:41:35.797+0000] {dagbag.py:545} INFO - Filling up the DagBag from /opt/airflow/dags/iceberg_dag.py
[2026-03-06T10:41:36.232+0000] {processor.py:840} INFO - DAG(s) 'ecommerce_iceberg_pipeline' retrieved from /opt/airflow/dags/iceberg_dag.py
[2026-03-06T10:41:36.505+0000] {logging_mixin.py:188} INFO - [2026-03-06T10:41:36.505+0000] {dag.py:3089} INFO - Sync 1 DAGs
[2026-03-06T10:41:36.572+0000] {logging_mixin.py:188} INFO - [2026-03-06T10:41:36.571+0000] {dag.py:3947} INFO - Setting next_dagrun for ecommerce_iceberg_pipeline to 2026-03-05 00:00:00+00:00, run_after=2026-03-06 00:00:00+00:00
[2026-03-06T10:41:36.624+0000] {processor.py:183} INFO - Processing /opt/airflow/dags/iceberg_dag.py took 0.936 seconds
[2026-03-06T10:42:06.101+0000] {processor.py:161} INFO - Started process (PID=180) to work on /opt/airflow/dags/iceberg_dag.py
[2026-03-06T10:42:06.110+0000] {processor.py:830} INFO - Processing file /opt/airflow/dags/iceberg_dag.py for tasks to queue
[2026-03-06T10:42:06.124+0000] {logging_mixin.py:188} INFO - [2026-03-06T10:42:06.123+0000] {dagbag.py:545} INFO - Filling up the DagBag from /opt/airflow/dags/iceberg_dag.py
[2026-03-06T10:42:06.200+0000] {processor.py:840} INFO - DAG(s) 'ecommerce_iceberg_pipeline' retrieved from /opt/airflow/dags/iceberg_dag.py
[2026-03-06T10:42:06.307+0000] {logging_mixin.py:188} INFO - [2026-03-06T10:42:06.307+0000] {dag.py:3089} INFO - Sync 1 DAGs
[2026-03-06T10:42:06.359+0000] {logging_mixin.py:188} INFO - [2026-03-06T10:42:06.358+0000] {dag.py:3947} INFO - Setting next_dagrun for ecommerce_iceberg_pipeline to 2026-03-05 00:00:00+00:00, run_after=2026-03-06 00:00:00+00:00
[2026-03-06T10:42:06.403+0000] {processor.py:183} INFO - Processing /opt/airflow/dags/iceberg_dag.py took 0.319 seconds
[2026-03-06T10:42:36.679+0000] {processor.py:161} INFO - Started process (PID=185) to work on /opt/airflow/dags/iceberg_dag.py
[2026-03-06T10:42:36.681+0000] {processor.py:830} INFO - Processing file /opt/airflow/dags/iceberg_dag.py for tasks to queue
[2026-03-06T10:42:36.683+0000] {logging_mixin.py:188} INFO - [2026-03-06T10:42:36.683+0000] {dagbag.py:545} INFO - Filling up the DagBag from /opt/airflow/dags/iceberg_dag.py
[2026-03-06T10:42:36.725+0000] {processor.py:840} INFO - DAG(s) 'ecommerce_iceberg_pipeline' retrieved from /opt/airflow/dags/iceberg_dag.py
[2026-03-06T10:42:36.780+0000] {logging_mixin.py:188} INFO - [2026-03-06T10:42:36.779+0000] {dag.py:3089} INFO - Sync 1 DAGs
[2026-03-06T10:42:36.811+0000] {logging_mixin.py:188} INFO - [2026-03-06T10:42:36.810+0000] {dag.py:3947} INFO - Setting next_dagrun for ecommerce_iceberg_pipeline to 2026-03-05 00:00:00+00:00, run_after=2026-03-06 00:00:00+00:00
[2026-03-06T10:42:36.835+0000] {processor.py:183} INFO - Processing /opt/airflow/dags/iceberg_dag.py took 0.169 seconds
[2026-03-06T10:43:07.342+0000] {processor.py:161} INFO - Started process (PID=190) to work on /opt/airflow/dags/iceberg_dag.py
[2026-03-06T10:43:07.344+0000] {processor.py:830} INFO - Processing file /opt/airflow/dags/iceberg_dag.py for tasks to queue
[2026-03-06T10:43:07.347+0000] {logging_mixin.py:188} INFO - [2026-03-06T10:43:07.347+0000] {dagbag.py:545} INFO - Filling up the DagBag from /opt/airflow/dags/iceberg_dag.py
[2026-03-06T10:43:07.385+0000] {processor.py:840} INFO - DAG(s) 'ecommerce_iceberg_pipeline' retrieved from /opt/airflow/dags/iceberg_dag.py
[2026-03-06T10:43:07.453+0000] {logging_mixin.py:188} INFO - [2026-03-06T10:43:07.453+0000] {dag.py:3089} INFO - Sync 1 DAGs
[2026-03-06T10:43:07.496+0000] {logging_mixin.py:188} INFO - [2026-03-06T10:43:07.496+0000] {dag.py:3947} INFO - Setting next_dagrun for ecommerce_iceberg_pipeline to 2026-03-05 00:00:00+00:00, run_after=2026-03-06 00:00:00+00:00
[2026-03-06T10:43:07.532+0000] {processor.py:183} INFO - Processing /opt/airflow/dags/iceberg_dag.py took 0.200 seconds
[2026-03-06T10:43:38.754+0000] {processor.py:161} INFO - Started process (PID=199) to work on /opt/airflow/dags/iceberg_dag.py
[2026-03-06T10:43:38.765+0000] {processor.py:830} INFO - Processing file /opt/airflow/dags/iceberg_dag.py for tasks to queue
[2026-03-06T10:43:38.771+0000] {logging_mixin.py:188} INFO - [2026-03-06T10:43:38.770+0000] {dagbag.py:545} INFO - Filling up the DagBag from /opt/airflow/dags/iceberg_dag.py
[2026-03-06T10:43:38.912+0000] {processor.py:840} INFO - DAG(s) 'ecommerce_iceberg_pipeline' retrieved from /opt/airflow/dags/iceberg_dag.py
[2026-03-06T10:43:39.313+0000] {logging_mixin.py:188} INFO - [2026-03-06T10:43:39.312+0000] {dag.py:3089} INFO - Sync 1 DAGs
[2026-03-06T10:43:39.461+0000] {logging_mixin.py:188} INFO - [2026-03-06T10:43:39.460+0000] {dag.py:3947} INFO - Setting next_dagrun for ecommerce_iceberg_pipeline to 2026-03-06 00:00:00+00:00, run_after=2026-03-07 00:00:00+00:00
[2026-03-06T10:43:39.674+0000] {processor.py:183} INFO - Processing /opt/airflow/dags/iceberg_dag.py took 0.940 seconds
[2026-03-06T10:44:10.865+0000] {processor.py:161} INFO - Started process (PID=204) to work on /opt/airflow/dags/iceberg_dag.py
[2026-03-06T10:44:10.870+0000] {processor.py:830} INFO - Processing file /opt/airflow/dags/iceberg_dag.py for tasks to queue
[2026-03-06T10:44:10.881+0000] {logging_mixin.py:188} INFO - [2026-03-06T10:44:10.880+0000] {dagbag.py:545} INFO - Filling up the DagBag from /opt/airflow/dags/iceberg_dag.py
[2026-03-06T10:44:10.962+0000] {processor.py:840} INFO - DAG(s) 'ecommerce_iceberg_pipeline' retrieved from /opt/airflow/dags/iceberg_dag.py
[2026-03-06T10:44:11.059+0000] {logging_mixin.py:188} INFO - [2026-03-06T10:44:11.058+0000] {dag.py:3089} INFO - Sync 1 DAGs
[2026-03-06T10:44:11.145+0000] {logging_mixin.py:188} INFO - [2026-03-06T10:44:11.145+0000] {dag.py:3947} INFO - Setting next_dagrun for ecommerce_iceberg_pipeline to 2026-03-06 00:00:00+00:00, run_after=2026-03-07 00:00:00+00:00
[2026-03-06T10:44:11.204+0000] {processor.py:183} INFO - Processing /opt/airflow/dags/iceberg_dag.py took 0.359 seconds
[2026-03-06T10:44:41.898+0000] {processor.py:161} INFO - Started process (PID=209) to work on /opt/airflow/dags/iceberg_dag.py
[2026-03-06T10:44:41.904+0000] {processor.py:830} INFO - Processing file /opt/airflow/dags/iceberg_dag.py for tasks to queue
[2026-03-06T10:44:41.910+0000] {logging_mixin.py:188} INFO - [2026-03-06T10:44:41.909+0000] {dagbag.py:545} INFO - Filling up the DagBag from /opt/airflow/dags/iceberg_dag.py
[2026-03-06T10:44:42.640+0000] {processor.py:840} INFO - DAG(s) 'ecommerce_iceberg_pipeline' retrieved from /opt/airflow/dags/iceberg_dag.py
[2026-03-06T10:44:43.578+0000] {logging_mixin.py:188} INFO - [2026-03-06T10:44:43.577+0000] {dag.py:3089} INFO - Sync 1 DAGs
[2026-03-06T10:44:44.060+0000] {logging_mixin.py:188} INFO - [2026-03-06T10:44:44.060+0000] {dag.py:3947} INFO - Setting next_dagrun for ecommerce_iceberg_pipeline to 2026-03-06 00:00:00+00:00, run_after=2026-03-07 00:00:00+00:00
[2026-03-06T10:44:44.188+0000] {processor.py:183} INFO - Processing /opt/airflow/dags/iceberg_dag.py took 2.365 seconds
[2026-03-06T10:45:16.518+0000] {processor.py:161} INFO - Started process (PID=218) to work on /opt/airflow/dags/iceberg_dag.py
[2026-03-06T10:45:16.643+0000] {processor.py:830} INFO - Processing file /opt/airflow/dags/iceberg_dag.py for tasks to queue
[2026-03-06T10:45:16.671+0000] {logging_mixin.py:188} INFO - [2026-03-06T10:45:16.670+0000] {dagbag.py:545} INFO - Filling up the DagBag from /opt/airflow/dags/iceberg_dag.py
[2026-03-06T10:45:18.043+0000] {processor.py:840} INFO - DAG(s) 'ecommerce_iceberg_pipeline' retrieved from /opt/airflow/dags/iceberg_dag.py
[2026-03-06T10:45:18.859+0000] {logging_mixin.py:188} INFO - [2026-03-06T10:45:18.858+0000] {dag.py:3089} INFO - Sync 1 DAGs
[2026-03-06T10:45:19.355+0000] {logging_mixin.py:188} INFO - [2026-03-06T10:45:19.354+0000] {dag.py:3947} INFO - Setting next_dagrun for ecommerce_iceberg_pipeline to 2026-03-06 00:00:00+00:00, run_after=2026-03-07 00:00:00+00:00
[2026-03-06T10:45:24.169+0000] {processor.py:183} INFO - Processing /opt/airflow/dags/iceberg_dag.py took 8.029 seconds
[2026-03-06T10:45:56.015+0000] {processor.py:161} INFO - Started process (PID=223) to work on /opt/airflow/dags/iceberg_dag.py
[2026-03-06T10:45:56.022+0000] {processor.py:830} INFO - Processing file /opt/airflow/dags/iceberg_dag.py for tasks to queue
[2026-03-06T10:45:56.081+0000] {logging_mixin.py:188} INFO - [2026-03-06T10:45:56.070+0000] {dagbag.py:545} INFO - Filling up the DagBag from /opt/airflow/dags/iceberg_dag.py
[2026-03-06T10:45:56.648+0000] {processor.py:840} INFO - DAG(s) 'ecommerce_iceberg_pipeline' retrieved from /opt/airflow/dags/iceberg_dag.py
[2026-03-06T10:45:57.143+0000] {logging_mixin.py:188} INFO - [2026-03-06T10:45:57.142+0000] {dag.py:3089} INFO - Sync 1 DAGs
[2026-03-06T10:45:57.222+0000] {logging_mixin.py:188} INFO - [2026-03-06T10:45:57.221+0000] {dag.py:3947} INFO - Setting next_dagrun for ecommerce_iceberg_pipeline to 2026-03-06 00:00:00+00:00, run_after=2026-03-07 00:00:00+00:00
[2026-03-06T10:45:57.272+0000] {processor.py:183} INFO - Processing /opt/airflow/dags/iceberg_dag.py took 1.354 seconds
[2026-03-06T10:46:27.786+0000] {processor.py:161} INFO - Started process (PID=228) to work on /opt/airflow/dags/iceberg_dag.py
[2026-03-06T10:46:27.806+0000] {processor.py:830} INFO - Processing file /opt/airflow/dags/iceberg_dag.py for tasks to queue
[2026-03-06T10:46:27.856+0000] {logging_mixin.py:188} INFO - [2026-03-06T10:46:27.855+0000] {dagbag.py:545} INFO - Filling up the DagBag from /opt/airflow/dags/iceberg_dag.py
[2026-03-06T10:46:27.058+0000] {processor.py:840} INFO - DAG(s) 'ecommerce_iceberg_pipeline' retrieved from /opt/airflow/dags/iceberg_dag.py
[2026-03-06T10:46:27.561+0000] {logging_mixin.py:188} INFO - [2026-03-06T10:46:27.548+0000] {dag.py:3089} INFO - Sync 1 DAGs
[2026-03-06T10:46:27.681+0000] {logging_mixin.py:188} INFO - [2026-03-06T10:46:27.681+0000] {dag.py:3947} INFO - Setting next_dagrun for ecommerce_iceberg_pipeline to 2026-03-06 00:00:00+00:00, run_after=2026-03-07 00:00:00+00:00
[2026-03-06T10:46:27.752+0000] {processor.py:183} INFO - Processing /opt/airflow/dags/iceberg_dag.py took 1.021 seconds
[2026-03-06T10:46:58.167+0000] {processor.py:161} INFO - Started process (PID=237) to work on /opt/airflow/dags/iceberg_dag.py
[2026-03-06T10:46:58.173+0000] {processor.py:830} INFO - Processing file /opt/airflow/dags/iceberg_dag.py for tasks to queue
[2026-03-06T10:46:58.197+0000] {logging_mixin.py:188} INFO - [2026-03-06T10:46:58.191+0000] {dagbag.py:545} INFO - Filling up the DagBag from /opt/airflow/dags/iceberg_dag.py
[2026-03-06T10:46:58.413+0000] {processor.py:840} INFO - DAG(s) 'ecommerce_iceberg_pipeline' retrieved from /opt/airflow/dags/iceberg_dag.py
[2026-03-06T10:46:58.732+0000] {logging_mixin.py:188} INFO - [2026-03-06T10:46:58.732+0000] {dag.py:3089} INFO - Sync 1 DAGs
[2026-03-06T10:46:59.105+0000] {logging_mixin.py:188} INFO - [2026-03-06T10:46:59.104+0000] {dag.py:3947} INFO - Setting next_dagrun for ecommerce_iceberg_pipeline to 2026-03-06 00:00:00+00:00, run_after=2026-03-07 00:00:00+00:00
[2026-03-06T10:46:59.274+0000] {processor.py:183} INFO - Processing /opt/airflow/dags/iceberg_dag.py took 1.189 seconds
[2026-03-06T10:47:30.194+0000] {processor.py:161} INFO - Started process (PID=242) to work on /opt/airflow/dags/iceberg_dag.py
[2026-03-06T10:47:30.204+0000] {processor.py:830} INFO - Processing file /opt/airflow/dags/iceberg_dag.py for tasks to queue
[2026-03-06T10:47:30.211+0000] {logging_mixin.py:188} INFO - [2026-03-06T10:47:30.210+0000] {dagbag.py:545} INFO - Filling up the DagBag from /opt/airflow/dags/iceberg_dag.py
[2026-03-06T10:47:30.331+0000] {processor.py:840} INFO - DAG(s) 'ecommerce_iceberg_pipeline' retrieved from /opt/airflow/dags/iceberg_dag.py
[2026-03-06T10:47:30.486+0000] {logging_mixin.py:188} INFO - [2026-03-06T10:47:30.486+0000] {dag.py:3089} INFO - Sync 1 DAGs
[2026-03-06T10:47:30.567+0000] {logging_mixin.py:188} INFO - [2026-03-06T10:47:30.567+0000] {dag.py:3947} INFO - Setting next_dagrun for ecommerce_iceberg_pipeline to 2026-03-06 00:00:00+00:00, run_after=2026-03-07 00:00:00+00:00
[2026-03-06T10:47:30.686+0000] {processor.py:183} INFO - Processing /opt/airflow/dags/iceberg_dag.py took 0.524 seconds
[2026-03-06T10:48:01.302+0000] {processor.py:161} INFO - Started process (PID=247) to work on /opt/airflow/dags/iceberg_dag.py
[2026-03-06T10:48:01.308+0000] {processor.py:830} INFO - Processing file /opt/airflow/dags/iceberg_dag.py for tasks to queue
[2026-03-06T10:48:01.313+0000] {logging_mixin.py:188} INFO - [2026-03-06T10:48:01.312+0000] {dagbag.py:545} INFO - Filling up the DagBag from /opt/airflow/dags/iceberg_dag.py
[2026-03-06T10:48:01.350+0000] {processor.py:840} INFO - DAG(s) 'ecommerce_iceberg_pipeline' retrieved from /opt/airflow/dags/iceberg_dag.py
[2026-03-06T10:48:01.477+0000] {logging_mixin.py:188} INFO - [2026-03-06T10:48:01.477+0000] {dag.py:3089} INFO - Sync 1 DAGs
[2026-03-06T10:48:01.553+0000] {logging_mixin.py:188} INFO - [2026-03-06T10:48:01.552+0000] {dag.py:3947} INFO - Setting next_dagrun for ecommerce_iceberg_pipeline to 2026-03-06 00:00:00+00:00, run_after=2026-03-07 00:00:00+00:00
[2026-03-06T10:48:01.617+0000] {processor.py:183} INFO - Processing /opt/airflow/dags/iceberg_dag.py took 0.346 seconds
[2026-03-06T10:48:32.201+0000] {processor.py:161} INFO - Started process (PID=252) to work on /opt/airflow/dags/iceberg_dag.py
[2026-03-06T10:48:32.203+0000] {processor.py:830} INFO - Processing file /opt/airflow/dags/iceberg_dag.py for tasks to queue
[2026-03-06T10:48:32.206+0000] {logging_mixin.py:188} INFO - [2026-03-06T10:48:32.206+0000] {dagbag.py:545} INFO - Filling up the DagBag from /opt/airflow/dags/iceberg_dag.py
[2026-03-06T10:48:32.362+0000] {processor.py:840} INFO - DAG(s) 'ecommerce_iceberg_pipeline' retrieved from /opt/airflow/dags/iceberg_dag.py
[2026-03-06T10:48:32.422+0000] {logging_mixin.py:188} INFO - [2026-03-06T10:48:32.421+0000] {dag.py:3089} INFO - Sync 1 DAGs
[2026-03-06T10:48:32.487+0000] {logging_mixin.py:188} INFO - [2026-03-06T10:48:32.487+0000] {dag.py:3947} INFO - Setting next_dagrun for ecommerce_iceberg_pipeline to 2026-03-06 00:00:00+00:00, run_after=2026-03-07 00:00:00+00:00
[2026-03-06T10:48:32.537+0000] {processor.py:183} INFO - Processing /opt/airflow/dags/iceberg_dag.py took 0.349 seconds
[2026-03-06T10:49:02.958+0000] {processor.py:161} INFO - Started process (PID=257) to work on /opt/airflow/dags/iceberg_dag.py
[2026-03-06T10:49:02.961+0000] {processor.py:830} INFO - Processing file /opt/airflow/dags/iceberg_dag.py for tasks to queue
[2026-03-06T10:49:02.963+0000] {logging_mixin.py:188} INFO - [2026-03-06T10:49:02.963+0000] {dagbag.py:545} INFO - Filling up the DagBag from /opt/airflow/dags/iceberg_dag.py
[2026-03-06T10:49:02.998+0000] {processor.py:840} INFO - DAG(s) 'ecommerce_iceberg_pipeline' retrieved from /opt/airflow/dags/iceberg_dag.py
[2026-03-06T10:49:03.051+0000] {logging_mixin.py:188} INFO - [2026-03-06T10:49:03.051+0000] {dag.py:3089} INFO - Sync 1 DAGs
[2026-03-06T10:49:03.137+0000] {logging_mixin.py:188} INFO - [2026-03-06T10:49:03.137+0000] {dag.py:3947} INFO - Setting next_dagrun for ecommerce_iceberg_pipeline to 2026-03-06 00:00:00+00:00, run_after=2026-03-07 00:00:00+00:00
[2026-03-06T10:49:03.167+0000] {processor.py:183} INFO - Processing /opt/airflow/dags/iceberg_dag.py took 0.219 seconds
[2026-03-06T10:49:33.644+0000] {processor.py:161} INFO - Started process (PID=262) to work on /opt/airflow/dags/iceberg_dag.py
[2026-03-06T10:49:33.650+0000] {processor.py:830} INFO - Processing file /opt/airflow/dags/iceberg_dag.py for tasks to queue
[2026-03-06T10:49:33.661+0000] {logging_mixin.py:188} INFO - [2026-03-06T10:49:33.659+0000] {dagbag.py:545} INFO - Filling up the DagBag from /opt/airflow/dags/iceberg_dag.py
[2026-03-06T10:49:33.831+0000] {processor.py:840} INFO - DAG(s) 'ecommerce_iceberg_pipeline' retrieved from /opt/airflow/dags/iceberg_dag.py
[2026-03-06T10:49:33.943+0000] {logging_mixin.py:188} INFO - [2026-03-06T10:49:33.943+0000] {dag.py:3089} INFO - Sync 1 DAGs
[2026-03-06T10:49:34.014+0000] {logging_mixin.py:188} INFO - [2026-03-06T10:49:34.013+0000] {dag.py:3947} INFO - Setting next_dagrun for ecommerce_iceberg_pipeline to 2026-03-06 00:00:00+00:00, run_after=2026-03-07 00:00:00+00:00
[2026-03-06T10:49:34.058+0000] {processor.py:183} INFO - Processing /opt/airflow/dags/iceberg_dag.py took 0.464 seconds
[2026-03-06T10:50:04.154+0000] {processor.py:161} INFO - Started process (PID=267) to work on /opt/airflow/dags/iceberg_dag.py
[2026-03-06T10:50:04.155+0000] {processor.py:830} INFO - Processing file /opt/airflow/dags/iceberg_dag.py for tasks to queue
[2026-03-06T10:50:04.158+0000] {logging_mixin.py:188} INFO - [2026-03-06T10:50:04.158+0000] {dagbag.py:545} INFO - Filling up the DagBag from /opt/airflow/dags/iceberg_dag.py
[2026-03-06T10:50:04.291+0000] {processor.py:840} INFO - DAG(s) 'ecommerce_iceberg_pipeline' retrieved from /opt/airflow/dags/iceberg_dag.py
[2026-03-06T10:50:04.644+0000] {logging_mixin.py:188} INFO - [2026-03-06T10:50:04.644+0000] {dag.py:3089} INFO - Sync 1 DAGs
[2026-03-06T10:50:04.800+0000] {logging_mixin.py:188} INFO - [2026-03-06T10:50:04.799+0000] {dag.py:3947} INFO - Setting next_dagrun for ecommerce_iceberg_pipeline to 2026-03-06 00:00:00+00:00, run_after=2026-03-07 00:00:00+00:00
[2026-03-06T10:50:04.862+0000] {processor.py:183} INFO - Processing /opt/airflow/dags/iceberg_dag.py took 0.718 seconds
[2026-03-06T10:50:35.382+0000] {processor.py:161} INFO - Started process (PID=272) to work on /opt/airflow/dags/iceberg_dag.py
[2026-03-06T10:50:35.384+0000] {processor.py:830} INFO - Processing file /opt/airflow/dags/iceberg_dag.py for tasks to queue
[2026-03-06T10:50:35.387+0000] {logging_mixin.py:188} INFO - [2026-03-06T10:50:35.386+0000] {dagbag.py:545} INFO - Filling up the DagBag from /opt/airflow/dags/iceberg_dag.py
[2026-03-06T10:50:35.435+0000] {processor.py:840} INFO - DAG(s) 'ecommerce_iceberg_pipeline' retrieved from /opt/airflow/dags/iceberg_dag.py
[2026-03-06T10:50:35.523+0000] {logging_mixin.py:188} INFO - [2026-03-06T10:50:35.522+0000] {dag.py:3089} INFO - Sync 1 DAGs
[2026-03-06T10:50:35.594+0000] {logging_mixin.py:188} INFO - [2026-03-06T10:50:35.593+0000] {dag.py:3947} INFO - Setting next_dagrun for ecommerce_iceberg_pipeline to 2026-03-06 00:00:00+00:00, run_after=2026-03-07 00:00:00+00:00
[2026-03-06T10:50:35.645+0000] {processor.py:183} INFO - Processing /opt/airflow/dags/iceberg_dag.py took 0.277 seconds
[2026-03-06T10:51:06.070+0000] {processor.py:161} INFO - Started process (PID=277) to work on /opt/airflow/dags/iceberg_dag.py
[2026-03-06T10:51:06.073+0000] {processor.py:830} INFO - Processing file /opt/airflow/dags/iceberg_dag.py for tasks to queue
[2026-03-06T10:51:06.075+0000] {logging_mixin.py:188} INFO - [2026-03-06T10:51:06.075+0000] {dagbag.py:545} INFO - Filling up the DagBag from /opt/airflow/dags/iceberg_dag.py
[2026-03-06T10:51:06.113+0000] {processor.py:840} INFO - DAG(s) 'ecommerce_iceberg_pipeline' retrieved from /opt/airflow/dags/iceberg_dag.py
[2026-03-06T10:51:06.163+0000] {logging_mixin.py:188} INFO - [2026-03-06T10:51:06.162+0000] {dag.py:3089} INFO - Sync 1 DAGs
[2026-03-06T10:51:06.314+0000] {logging_mixin.py:188} INFO - [2026-03-06T10:51:06.312+0000] {dag.py:3947} INFO - Setting next_dagrun for ecommerce_iceberg_pipeline to 2026-03-06 00:00:00+00:00, run_after=2026-03-07 00:00:00+00:00
[2026-03-06T10:51:06.443+0000] {processor.py:183} INFO - Processing /opt/airflow/dags/iceberg_dag.py took 0.384 seconds
[2026-03-06T10:51:37.078+0000] {processor.py:161} INFO - Started process (PID=282) to work on /opt/airflow/dags/iceberg_dag.py
[2026-03-06T10:51:37.080+0000] {processor.py:830} INFO - Processing file /opt/airflow/dags/iceberg_dag.py for tasks to queue
[2026-03-06T10:51:37.083+0000] {logging_mixin.py:188} INFO - [2026-03-06T10:51:37.082+0000] {dagbag.py:545} INFO - Filling up the DagBag from /opt/airflow/dags/iceberg_dag.py
[2026-03-06T10:51:37.118+0000] {processor.py:840} INFO - DAG(s) 'ecommerce_iceberg_pipeline' retrieved from /opt/airflow/dags/iceberg_dag.py
[2026-03-06T10:51:37.162+0000] {logging_mixin.py:188} INFO - [2026-03-06T10:51:37.162+0000] {dag.py:3089} INFO - Sync 1 DAGs
[2026-03-06T10:51:37.188+0000] {logging_mixin.py:188} INFO - [2026-03-06T10:51:37.188+0000] {dag.py:3947} INFO - Setting next_dagrun for ecommerce_iceberg_pipeline to 2026-03-06 00:00:00+00:00, run_after=2026-03-07 00:00:00+00:00
[2026-03-06T10:51:37.212+0000] {processor.py:183} INFO - Processing /opt/airflow/dags/iceberg_dag.py took 0.142 seconds
[2026-03-06T10:52:07.438+0000] {processor.py:161} INFO - Started process (PID=287) to work on /opt/airflow/dags/iceberg_dag.py
[2026-03-06T10:52:07.440+0000] {processor.py:830} INFO - Processing file /opt/airflow/dags/iceberg_dag.py for tasks to queue
[2026-03-06T10:52:07.444+0000] {logging_mixin.py:188} INFO - [2026-03-06T10:52:07.443+0000] {dagbag.py:545} INFO - Filling up the DagBag from /opt/airflow/dags/iceberg_dag.py
[2026-03-06T10:52:07.477+0000] {processor.py:840} INFO - DAG(s) 'ecommerce_iceberg_pipeline' retrieved from /opt/airflow/dags/iceberg_dag.py
[2026-03-06T10:52:07.535+0000] {logging_mixin.py:188} INFO - [2026-03-06T10:52:07.535+0000] {dag.py:3089} INFO - Sync 1 DAGs
[2026-03-06T10:52:07.584+0000] {logging_mixin.py:188} INFO - [2026-03-06T10:52:07.584+0000] {dag.py:3947} INFO - Setting next_dagrun for ecommerce_iceberg_pipeline to 2026-03-06 00:00:00+00:00, run_after=2026-03-07 00:00:00+00:00
[2026-03-06T10:52:07.650+0000] {processor.py:183} INFO - Processing /opt/airflow/dags/iceberg_dag.py took 0.223 seconds
[2026-03-06T10:52:38.268+0000] {processor.py:161} INFO - Started process (PID=294) to work on /opt/airflow/dags/iceberg_dag.py
[2026-03-06T10:52:38.286+0000] {processor.py:830} INFO - Processing file /opt/airflow/dags/iceberg_dag.py for tasks to queue
[2026-03-06T10:52:38.315+0000] {logging_mixin.py:188} INFO - [2026-03-06T10:52:38.312+0000] {dagbag.py:545} INFO - Filling up the DagBag from /opt/airflow/dags/iceberg_dag.py
[2026-03-06T10:52:38.499+0000] {processor.py:840} INFO - DAG(s) 'ecommerce_iceberg_pipeline' retrieved from /opt/airflow/dags/iceberg_dag.py
[2026-03-06T10:52:38.689+0000] {logging_mixin.py:188} INFO - [2026-03-06T10:52:38.688+0000] {dag.py:3089} INFO - Sync 1 DAGs
[2026-03-06T10:52:38.814+0000] {logging_mixin.py:188} INFO - [2026-03-06T10:52:38.814+0000] {dag.py:3947} INFO - Setting next_dagrun for ecommerce_iceberg_pipeline to 2026-03-06 00:00:00+00:00, run_after=2026-03-07 00:00:00+00:00
[2026-03-06T10:52:38.868+0000] {processor.py:183} INFO - Processing /opt/airflow/dags/iceberg_dag.py took 0.754 seconds
[2026-03-06T10:53:09.792+0000] {processor.py:161} INFO - Started process (PID=299) to work on /opt/airflow/dags/iceberg_dag.py
[2026-03-06T10:53:09.811+0000] {processor.py:830} INFO - Processing file /opt/airflow/dags/iceberg_dag.py for tasks to queue
[2026-03-06T10:53:09.852+0000] {logging_mixin.py:188} INFO - [2026-03-06T10:53:09.836+0000] {dagbag.py:545} INFO - Filling up the DagBag from /opt/airflow/dags/iceberg_dag.py
[2026-03-06T10:53:10.006+0000] {processor.py:840} INFO - DAG(s) 'ecommerce_iceberg_pipeline' retrieved from /opt/airflow/dags/iceberg_dag.py
[2026-03-06T10:53:10.206+0000] {logging_mixin.py:188} INFO - [2026-03-06T10:53:10.206+0000] {dag.py:3089} INFO - Sync 1 DAGs
[2026-03-06T10:53:10.365+0000] {logging_mixin.py:188} INFO - [2026-03-06T10:53:10.364+0000] {dag.py:3947} INFO - Setting next_dagrun for ecommerce_iceberg_pipeline to 2026-03-06 00:00:00+00:00, run_after=2026-03-07 00:00:00+00:00
[2026-03-06T10:53:10.424+0000] {processor.py:183} INFO - Processing /opt/airflow/dags/iceberg_dag.py took 0.701 seconds
[2026-03-06T10:53:40.813+0000] {processor.py:161} INFO - Started process (PID=306) to work on /opt/airflow/dags/iceberg_dag.py
[2026-03-06T10:53:40.817+0000] {processor.py:830} INFO - Processing file /opt/airflow/dags/iceberg_dag.py for tasks to queue
[2026-03-06T10:53:40.823+0000] {logging_mixin.py:188} INFO - [2026-03-06T10:53:40.822+0000] {dagbag.py:545} INFO - Filling up the DagBag from /opt/airflow/dags/iceberg_dag.py
[2026-03-06T10:53:40.895+0000] {processor.py:840} INFO - DAG(s) 'ecommerce_iceberg_pipeline' retrieved from /opt/airflow/dags/iceberg_dag.py
[2026-03-06T10:53:40.975+0000] {logging_mixin.py:188} INFO - [2026-03-06T10:53:40.974+0000] {dag.py:3089} INFO - Sync 1 DAGs
[2026-03-06T10:53:41.048+0000] {logging_mixin.py:188} INFO - [2026-03-06T10:53:41.047+0000] {dag.py:3947} INFO - Setting next_dagrun for ecommerce_iceberg_pipeline to 2026-03-06 00:00:00+00:00, run_after=2026-03-07 00:00:00+00:00
[2026-03-06T10:53:41.096+0000] {processor.py:183} INFO - Processing /opt/airflow/dags/iceberg_dag.py took 0.297 seconds
[2026-03-06T10:54:11.716+0000] {processor.py:161} INFO - Started process (PID=313) to work on /opt/airflow/dags/iceberg_dag.py
[2026-03-06T10:54:11.717+0000] {processor.py:830} INFO - Processing file /opt/airflow/dags/iceberg_dag.py for tasks to queue
[2026-03-06T10:54:11.720+0000] {logging_mixin.py:188} INFO - [2026-03-06T10:54:11.720+0000] {dagbag.py:545} INFO - Filling up the DagBag from /opt/airflow/dags/iceberg_dag.py
[2026-03-06T10:54:11.763+0000] {processor.py:840} INFO - DAG(s) 'ecommerce_iceberg_pipeline' retrieved from /opt/airflow/dags/iceberg_dag.py
[2026-03-06T10:54:11.823+0000] {logging_mixin.py:188} INFO - [2026-03-06T10:54:11.823+0000] {dag.py:3089} INFO - Sync 1 DAGs
[2026-03-06T10:54:11.869+0000] {logging_mixin.py:188} INFO - [2026-03-06T10:54:11.869+0000] {dag.py:3947} INFO - Setting next_dagrun for ecommerce_iceberg_pipeline to 2026-03-06 00:00:00+00:00, run_after=2026-03-07 00:00:00+00:00
[2026-03-06T10:54:11.935+0000] {processor.py:183} INFO - Processing /opt/airflow/dags/iceberg_dag.py took 0.230 seconds
[2026-03-06T10:54:42.869+0000] {processor.py:161} INFO - Started process (PID=318) to work on /opt/airflow/dags/iceberg_dag.py
[2026-03-06T10:54:42.872+0000] {processor.py:830} INFO - Processing file /opt/airflow/dags/iceberg_dag.py for tasks to queue
[2026-03-06T10:54:42.878+0000] {logging_mixin.py:188} INFO - [2026-03-06T10:54:42.877+0000] {dagbag.py:545} INFO - Filling up the DagBag from /opt/airflow/dags/iceberg_dag.py
[2026-03-06T10:54:42.937+0000] {processor.py:840} INFO - DAG(s) 'ecommerce_iceberg_pipeline' retrieved from /opt/airflow/dags/iceberg_dag.py
[2026-03-06T10:54:43.006+0000] {logging_mixin.py:188} INFO - [2026-03-06T10:54:43.006+0000] {dag.py:3089} INFO - Sync 1 DAGs
[2026-03-06T10:54:43.134+0000] {logging_mixin.py:188} INFO - [2026-03-06T10:54:43.133+0000] {dag.py:3947} INFO - Setting next_dagrun for ecommerce_iceberg_pipeline to 2026-03-06 00:00:00+00:00, run_after=2026-03-07 00:00:00+00:00
[2026-03-06T10:54:43.299+0000] {processor.py:183} INFO - Processing /opt/airflow/dags/iceberg_dag.py took 0.449 seconds
[2026-03-06T10:55:14.177+0000] {processor.py:161} INFO - Started process (PID=323) to work on /opt/airflow/dags/iceberg_dag.py
[2026-03-06T10:55:14.179+0000] {processor.py:830} INFO - Processing file /opt/airflow/dags/iceberg_dag.py for tasks to queue
[2026-03-06T10:55:14.191+0000] {logging_mixin.py:188} INFO - [2026-03-06T10:55:14.190+0000] {dagbag.py:545} INFO - Filling up the DagBag from /opt/airflow/dags/iceberg_dag.py
[2026-03-06T10:55:14.259+0000] {processor.py:840} INFO - DAG(s) 'ecommerce_iceberg_pipeline' retrieved from /opt/airflow/dags/iceberg_dag.py
[2026-03-06T10:55:14.354+0000] {logging_mixin.py:188} INFO - [2026-03-06T10:55:14.354+0000] {dag.py:3089} INFO - Sync 1 DAGs
[2026-03-06T10:55:14.402+0000] {logging_mixin.py:188} INFO - [2026-03-06T10:55:14.402+0000] {dag.py:3947} INFO - Setting next_dagrun for ecommerce_iceberg_pipeline to 2026-03-06 00:00:00+00:00, run_after=2026-03-07 00:00:00+00:00
[2026-03-06T10:55:14.448+0000] {processor.py:183} INFO - Processing /opt/airflow/dags/iceberg_dag.py took 0.289 seconds
[2026-03-06T10:55:44.701+0000] {processor.py:161} INFO - Started process (PID=328) to work on /opt/airflow/dags/iceberg_dag.py
[2026-03-06T10:55:44.703+0000] {processor.py:830} INFO - Processing file /opt/airflow/dags/iceberg_dag.py for tasks to queue
[2026-03-06T10:55:44.706+0000] {logging_mixin.py:188} INFO - [2026-03-06T10:55:44.705+0000] {dagbag.py:545} INFO - Filling up the DagBag from /opt/airflow/dags/iceberg_dag.py
[2026-03-06T10:55:44.744+0000] {processor.py:840} INFO - DAG(s) 'ecommerce_iceberg_pipeline' retrieved from /opt/airflow/dags/iceberg_dag.py
[2026-03-06T10:55:44.790+0000] {logging_mixin.py:188} INFO - [2026-03-06T10:55:44.790+0000] {dag.py:3089} INFO - Sync 1 DAGs
[2026-03-06T10:55:44.879+0000] {logging_mixin.py:188} INFO - [2026-03-06T10:55:44.878+0000] {dag.py:3947} INFO - Setting next_dagrun for ecommerce_iceberg_pipeline to 2026-03-06 00:00:00+00:00, run_after=2026-03-07 00:00:00+00:00
[2026-03-06T10:55:44.939+0000] {processor.py:183} INFO - Processing /opt/airflow/dags/iceberg_dag.py took 0.248 seconds
[2026-03-06T10:56:15.381+0000] {processor.py:161} INFO - Started process (PID=333) to work on /opt/airflow/dags/iceberg_dag.py
[2026-03-06T10:56:15.382+0000] {processor.py:830} INFO - Processing file /opt/airflow/dags/iceberg_dag.py for tasks to queue
[2026-03-06T10:56:15.385+0000] {logging_mixin.py:188} INFO - [2026-03-06T10:56:15.385+0000] {dagbag.py:545} INFO - Filling up the DagBag from /opt/airflow/dags/iceberg_dag.py
[2026-03-06T10:56:15.410+0000] {processor.py:840} INFO - DAG(s) 'ecommerce_iceberg_pipeline' retrieved from /opt/airflow/dags/iceberg_dag.py
[2026-03-06T10:56:15.459+0000] {logging_mixin.py:188} INFO - [2026-03-06T10:56:15.459+0000] {dag.py:3089} INFO - Sync 1 DAGs
[2026-03-06T10:56:15.499+0000] {logging_mixin.py:188} INFO - [2026-03-06T10:56:15.498+0000] {dag.py:3947} INFO - Setting next_dagrun for ecommerce_iceberg_pipeline to 2026-03-06 00:00:00+00:00, run_after=2026-03-07 00:00:00+00:00
[2026-03-06T10:56:15.536+0000] {processor.py:183} INFO - Processing /opt/airflow/dags/iceberg_dag.py took 0.163 seconds
[2026-03-06T10:56:45.843+0000] {processor.py:161} INFO - Started process (PID=338) to work on /opt/airflow/dags/iceberg_dag.py
[2026-03-06T10:56:45.844+0000] {processor.py:830} INFO - Processing file /opt/airflow/dags/iceberg_dag.py for tasks to queue
[2026-03-06T10:56:45.847+0000] {logging_mixin.py:188} INFO - [2026-03-06T10:56:45.846+0000] {dagbag.py:545} INFO - Filling up the DagBag from /opt/airflow/dags/iceberg_dag.py
[2026-03-06T10:56:45.878+0000] {processor.py:840} INFO - DAG(s) 'ecommerce_iceberg_pipeline' retrieved from /opt/airflow/dags/iceberg_dag.py
[2026-03-06T10:56:45.959+0000] {logging_mixin.py:188} INFO - [2026-03-06T10:56:45.959+0000] {dag.py:3089} INFO - Sync 1 DAGs
[2026-03-06T10:56:46.030+0000] {logging_mixin.py:188} INFO - [2026-03-06T10:56:46.030+0000] {dag.py:3947} INFO - Setting next_dagrun for ecommerce_iceberg_pipeline to 2026-03-06 00:00:00+00:00, run_after=2026-03-07 00:00:00+00:00
[2026-03-06T10:56:46.084+0000] {processor.py:183} INFO - Processing /opt/airflow/dags/iceberg_dag.py took 0.251 seconds
[2026-03-06T10:57:16.414+0000] {processor.py:161} INFO - Started process (PID=343) to work on /opt/airflow/dags/iceberg_dag.py
[2026-03-06T10:57:16.416+0000] {processor.py:830} INFO - Processing file /opt/airflow/dags/iceberg_dag.py for tasks to queue
[2026-03-06T10:57:16.419+0000] {logging_mixin.py:188} INFO - [2026-03-06T10:57:16.418+0000] {dagbag.py:545} INFO - Filling up the DagBag from /opt/airflow/dags/iceberg_dag.py
[2026-03-06T10:57:16.454+0000] {processor.py:840} INFO - DAG(s) 'ecommerce_iceberg_pipeline' retrieved from /opt/airflow/dags/iceberg_dag.py
[2026-03-06T10:57:16.576+0000] {logging_mixin.py:188} INFO - [2026-03-06T10:57:16.576+0000] {dag.py:3089} INFO - Sync 1 DAGs
[2026-03-06T10:57:16.751+0000] {logging_mixin.py:188} INFO - [2026-03-06T10:57:16.751+0000] {dag.py:3947} INFO - Setting next_dagrun for ecommerce_iceberg_pipeline to 2026-03-06 00:00:00+00:00, run_after=2026-03-07 00:00:00+00:00
[2026-03-06T10:57:16.832+0000] {processor.py:183} INFO - Processing /opt/airflow/dags/iceberg_dag.py took 0.430 seconds
[2026-03-06T10:57:46.972+0000] {processor.py:161} INFO - Started process (PID=348) to work on /opt/airflow/dags/iceberg_dag.py
[2026-03-06T10:57:46.974+0000] {processor.py:830} INFO - Processing file /opt/airflow/dags/iceberg_dag.py for tasks to queue
[2026-03-06T10:57:46.977+0000] {logging_mixin.py:188} INFO - [2026-03-06T10:57:46.976+0000] {dagbag.py:545} INFO - Filling up the DagBag from /opt/airflow/dags/iceberg_dag.py
[2026-03-06T10:57:47.028+0000] {processor.py:840} INFO - DAG(s) 'ecommerce_iceberg_pipeline' retrieved from /opt/airflow/dags/iceberg_dag.py
[2026-03-06T10:57:47.085+0000] {logging_mixin.py:188} INFO - [2026-03-06T10:57:47.084+0000] {dag.py:3089} INFO - Sync 1 DAGs
[2026-03-06T10:57:47.152+0000] {logging_mixin.py:188} INFO - [2026-03-06T10:57:47.151+0000] {dag.py:3947} INFO - Setting next_dagrun for ecommerce_iceberg_pipeline to 2026-03-06 00:00:00+00:00, run_after=2026-03-07 00:00:00+00:00
[2026-03-06T10:57:47.203+0000] {processor.py:183} INFO - Processing /opt/airflow/dags/iceberg_dag.py took 0.240 seconds
[2026-03-06T10:58:17.432+0000] {processor.py:161} INFO - Started process (PID=353) to work on /opt/airflow/dags/iceberg_dag.py
[2026-03-06T10:58:17.434+0000] {processor.py:830} INFO - Processing file /opt/airflow/dags/iceberg_dag.py for tasks to queue
[2026-03-06T10:58:17.437+0000] {logging_mixin.py:188} INFO - [2026-03-06T10:58:17.437+0000] {dagbag.py:545} INFO - Filling up the DagBag from /opt/airflow/dags/iceberg_dag.py
[2026-03-06T10:58:17.476+0000] {processor.py:840} INFO - DAG(s) 'ecommerce_iceberg_pipeline' retrieved from /opt/airflow/dags/iceberg_dag.py
[2026-03-06T10:58:17.541+0000] {logging_mixin.py:188} INFO - [2026-03-06T10:58:17.541+0000] {dag.py:3089} INFO - Sync 1 DAGs
[2026-03-06T10:58:17.626+0000] {logging_mixin.py:188} INFO - [2026-03-06T10:58:17.625+0000] {dag.py:3947} INFO - Setting next_dagrun for ecommerce_iceberg_pipeline to 2026-03-06 00:00:00+00:00, run_after=2026-03-07 00:00:00+00:00
[2026-03-06T10:58:17.670+0000] {processor.py:183} INFO - Processing /opt/airflow/dags/iceberg_dag.py took 0.251 seconds
[2026-03-06T10:58:48.128+0000] {processor.py:161} INFO - Started process (PID=358) to work on /opt/airflow/dags/iceberg_dag.py
[2026-03-06T10:58:48.130+0000] {processor.py:830} INFO - Processing file /opt/airflow/dags/iceberg_dag.py for tasks to queue
[2026-03-06T10:58:48.134+0000] {logging_mixin.py:188} INFO - [2026-03-06T10:58:48.133+0000] {dagbag.py:545} INFO - Filling up the DagBag from /opt/airflow/dags/iceberg_dag.py
[2026-03-06T10:58:48.208+0000] {processor.py:840} INFO - DAG(s) 'ecommerce_iceberg_pipeline' retrieved from /opt/airflow/dags/iceberg_dag.py
[2026-03-06T10:58:48.336+0000] {logging_mixin.py:188} INFO - [2026-03-06T10:58:48.336+0000] {dag.py:3089} INFO - Sync 1 DAGs
[2026-03-06T10:58:48.440+0000] {logging_mixin.py:188} INFO - [2026-03-06T10:58:48.440+0000] {dag.py:3947} INFO - Setting next_dagrun for ecommerce_iceberg_pipeline to 2026-03-06 00:00:00+00:00, run_after=2026-03-07 00:00:00+00:00
[2026-03-06T10:58:48.471+0000] {processor.py:183} INFO - Processing /opt/airflow/dags/iceberg_dag.py took 0.358 seconds
[2026-03-06T10:59:18.670+0000] {processor.py:161} INFO - Started process (PID=363) to work on /opt/airflow/dags/iceberg_dag.py
[2026-03-06T10:59:18.672+0000] {processor.py:830} INFO - Processing file /opt/airflow/dags/iceberg_dag.py for tasks to queue
[2026-03-06T10:59:18.674+0000] {logging_mixin.py:188} INFO - [2026-03-06T10:59:18.674+0000] {dagbag.py:545} INFO - Filling up the DagBag from /opt/airflow/dags/iceberg_dag.py
[2026-03-06T10:59:18.706+0000] {processor.py:840} INFO - DAG(s) 'ecommerce_iceberg_pipeline' retrieved from /opt/airflow/dags/iceberg_dag.py
[2026-03-06T10:59:18.747+0000] {logging_mixin.py:188} INFO - [2026-03-06T10:59:18.747+0000] {dag.py:3089} INFO - Sync 1 DAGs
[2026-03-06T10:59:18.776+0000] {logging_mixin.py:188} INFO - [2026-03-06T10:59:18.775+0000] {dag.py:3947} INFO - Setting next_dagrun for ecommerce_iceberg_pipeline to 2026-03-06 00:00:00+00:00, run_after=2026-03-07 00:00:00+00:00
[2026-03-06T10:59:18.814+0000] {processor.py:183} INFO - Processing /opt/airflow/dags/iceberg_dag.py took 0.173 seconds
[2026-03-06T10:59:49.238+0000] {processor.py:161} INFO - Started process (PID=368) to work on /opt/airflow/dags/iceberg_dag.py
[2026-03-06T10:59:49.241+0000] {processor.py:830} INFO - Processing file /opt/airflow/dags/iceberg_dag.py for tasks to queue
[2026-03-06T10:59:49.244+0000] {logging_mixin.py:188} INFO - [2026-03-06T10:59:49.244+0000] {dagbag.py:545} INFO - Filling up the DagBag from /opt/airflow/dags/iceberg_dag.py
[2026-03-06T10:59:49.286+0000] {processor.py:840} INFO - DAG(s) 'ecommerce_iceberg_pipeline' retrieved from /opt/airflow/dags/iceberg_dag.py
[2026-03-06T10:59:49.328+0000] {logging_mixin.py:188} INFO - [2026-03-06T10:59:49.328+0000] {dag.py:3089} INFO - Sync 1 DAGs
[2026-03-06T10:59:49.355+0000] {logging_mixin.py:188} INFO - [2026-03-06T10:59:49.355+0000] {dag.py:3947} INFO - Setting next_dagrun for ecommerce_iceberg_pipeline to 2026-03-06 00:00:00+00:00, run_after=2026-03-07 00:00:00+00:00
[2026-03-06T10:59:49.379+0000] {processor.py:183} INFO - Processing /opt/airflow/dags/iceberg_dag.py took 0.194 seconds
[2026-03-06T11:00:19.736+0000] {processor.py:161} INFO - Started process (PID=373) to work on /opt/airflow/dags/iceberg_dag.py
[2026-03-06T11:00:19.737+0000] {processor.py:830} INFO - Processing file /opt/airflow/dags/iceberg_dag.py for tasks to queue
[2026-03-06T11:00:19.741+0000] {logging_mixin.py:188} INFO - [2026-03-06T11:00:19.740+0000] {dagbag.py:545} INFO - Filling up the DagBag from /opt/airflow/dags/iceberg_dag.py
[2026-03-06T11:00:19.776+0000] {processor.py:840} INFO - DAG(s) 'ecommerce_iceberg_pipeline' retrieved from /opt/airflow/dags/iceberg_dag.py
[2026-03-06T11:00:19.822+0000] {logging_mixin.py:188} INFO - [2026-03-06T11:00:19.822+0000] {dag.py:3089} INFO - Sync 1 DAGs
[2026-03-06T11:00:19.847+0000] {logging_mixin.py:188} INFO - [2026-03-06T11:00:19.847+0000] {dag.py:3947} INFO - Setting next_dagrun for ecommerce_iceberg_pipeline to 2026-03-06 00:00:00+00:00, run_after=2026-03-07 00:00:00+00:00
[2026-03-06T11:00:19.874+0000] {processor.py:183} INFO - Processing /opt/airflow/dags/iceberg_dag.py took 0.147 seconds
[2026-03-06T11:00:50.129+0000] {processor.py:161} INFO - Started process (PID=378) to work on /opt/airflow/dags/iceberg_dag.py
[2026-03-06T11:00:50.131+0000] {processor.py:830} INFO - Processing file /opt/airflow/dags/iceberg_dag.py for tasks to queue
[2026-03-06T11:00:50.137+0000] {logging_mixin.py:188} INFO - [2026-03-06T11:00:50.137+0000] {dagbag.py:545} INFO - Filling up the DagBag from /opt/airflow/dags/iceberg_dag.py
[2026-03-06T11:00:50.172+0000] {processor.py:840} INFO - DAG(s) 'ecommerce_iceberg_pipeline' retrieved from /opt/airflow/dags/iceberg_dag.py
[2026-03-06T11:00:50.215+0000] {logging_mixin.py:188} INFO - [2026-03-06T11:00:50.215+0000] {dag.py:3089} INFO - Sync 1 DAGs
[2026-03-06T11:00:50.341+0000] {logging_mixin.py:188} INFO - [2026-03-06T11:00:50.340+0000] {dag.py:3947} INFO - Setting next_dagrun for ecommerce_iceberg_pipeline to 2026-03-06 00:00:00+00:00, run_after=2026-03-07 00:00:00+00:00
[2026-03-06T11:00:50.406+0000] {processor.py:183} INFO - Processing /opt/airflow/dags/iceberg_dag.py took 0.285 seconds
[2026-03-06T11:01:20.798+0000] {processor.py:161} INFO - Started process (PID=383) to work on /opt/airflow/dags/iceberg_dag.py
[2026-03-06T11:01:20.800+0000] {processor.py:830} INFO - Processing file /opt/airflow/dags/iceberg_dag.py for tasks to queue
[2026-03-06T11:01:20.804+0000] {logging_mixin.py:188} INFO - [2026-03-06T11:01:20.803+0000] {dagbag.py:545} INFO - Filling up the DagBag from /opt/airflow/dags/iceberg_dag.py
[2026-03-06T11:01:20.846+0000] {processor.py:840} INFO - DAG(s) 'ecommerce_iceberg_pipeline' retrieved from /opt/airflow/dags/iceberg_dag.py
[2026-03-06T11:01:20.908+0000] {logging_mixin.py:188} INFO - [2026-03-06T11:01:20.908+0000] {dag.py:3089} INFO - Sync 1 DAGs
[2026-03-06T11:01:20.957+0000] {logging_mixin.py:188} INFO - [2026-03-06T11:01:20.956+0000] {dag.py:3947} INFO - Setting next_dagrun for ecommerce_iceberg_pipeline to 2026-03-06 00:00:00+00:00, run_after=2026-03-07 00:00:00+00:00
[2026-03-06T11:01:20.995+0000] {processor.py:183} INFO - Processing /opt/airflow/dags/iceberg_dag.py took 0.210 seconds
[2026-03-06T11:01:51.343+0000] {processor.py:161} INFO - Started process (PID=388) to work on /opt/airflow/dags/iceberg_dag.py
[2026-03-06T11:01:51.344+0000] {processor.py:830} INFO - Processing file /opt/airflow/dags/iceberg_dag.py for tasks to queue
[2026-03-06T11:01:51.346+0000] {logging_mixin.py:188} INFO - [2026-03-06T11:01:51.346+0000] {dagbag.py:545} INFO - Filling up the DagBag from /opt/airflow/dags/iceberg_dag.py
[2026-03-06T11:01:51.381+0000] {processor.py:840} INFO - DAG(s) 'ecommerce_iceberg_pipeline' retrieved from /opt/airflow/dags/iceberg_dag.py
[2026-03-06T11:01:51.430+0000] {logging_mixin.py:188} INFO - [2026-03-06T11:01:51.430+0000] {dag.py:3089} INFO - Sync 1 DAGs
[2026-03-06T11:01:51.556+0000] {logging_mixin.py:188} INFO - [2026-03-06T11:01:51.555+0000] {dag.py:3947} INFO - Setting next_dagrun for ecommerce_iceberg_pipeline to 2026-03-06 00:00:00+00:00, run_after=2026-03-07 00:00:00+00:00
[2026-03-06T11:01:51.583+0000] {processor.py:183} INFO - Processing /opt/airflow/dags/iceberg_dag.py took 0.252 seconds
[2026-03-06T11:02:21.839+0000] {processor.py:161} INFO - Started process (PID=393) to work on /opt/airflow/dags/iceberg_dag.py
[2026-03-06T11:02:21.841+0000] {processor.py:830} INFO - Processing file /opt/airflow/dags/iceberg_dag.py for tasks to queue
[2026-03-06T11:02:21.844+0000] {logging_mixin.py:188} INFO - [2026-03-06T11:02:21.844+0000] {dagbag.py:545} INFO - Filling up the DagBag from /opt/airflow/dags/iceberg_dag.py
[2026-03-06T11:02:21.885+0000] {processor.py:840} INFO - DAG(s) 'ecommerce_iceberg_pipeline' retrieved from /opt/airflow/dags/iceberg_dag.py
[2026-03-06T11:02:21.952+0000] {logging_mixin.py:188} INFO - [2026-03-06T11:02:21.951+0000] {dag.py:3089} INFO - Sync 1 DAGs
[2026-03-06T11:02:21.994+0000] {logging_mixin.py:188} INFO - [2026-03-06T11:02:21.993+0000] {dag.py:3947} INFO - Setting next_dagrun for ecommerce_iceberg_pipeline to 2026-03-06 00:00:00+00:00, run_after=2026-03-07 00:00:00+00:00
[2026-03-06T11:02:22.028+0000] {processor.py:183} INFO - Processing /opt/airflow/dags/iceberg_dag.py took 0.203 seconds
[2026-03-06T11:02:52.550+0000] {processor.py:161} INFO - Started process (PID=398) to work on /opt/airflow/dags/iceberg_dag.py
[2026-03-06T11:02:52.551+0000] {processor.py:830} INFO - Processing file /opt/airflow/dags/iceberg_dag.py for tasks to queue
[2026-03-06T11:02:52.554+0000] {logging_mixin.py:188} INFO - [2026-03-06T11:02:52.553+0000] {dagbag.py:545} INFO - Filling up the DagBag from /opt/airflow/dags/iceberg_dag.py
[2026-03-06T11:02:52.588+0000] {processor.py:840} INFO - DAG(s) 'ecommerce_iceberg_pipeline' retrieved from /opt/airflow/dags/iceberg_dag.py
[2026-03-06T11:02:52.636+0000] {logging_mixin.py:188} INFO - [2026-03-06T11:02:52.636+0000] {dag.py:3089} INFO - Sync 1 DAGs
[2026-03-06T11:02:52.667+0000] {logging_mixin.py:188} INFO - [2026-03-06T11:02:52.667+0000] {dag.py:3947} INFO - Setting next_dagrun for ecommerce_iceberg_pipeline to 2026-03-06 00:00:00+00:00, run_after=2026-03-07 00:00:00+00:00
[2026-03-06T11:02:52.688+0000] {processor.py:183} INFO - Processing /opt/airflow/dags/iceberg_dag.py took 0.150 seconds
[2026-03-06T11:03:22.436+0000] {processor.py:161} INFO - Started process (PID=403) to work on /opt/airflow/dags/iceberg_dag.py
[2026-03-06T11:03:22.439+0000] {processor.py:830} INFO - Processing file /opt/airflow/dags/iceberg_dag.py for tasks to queue
[2026-03-06T11:03:22.442+0000] {logging_mixin.py:188} INFO - [2026-03-06T11:03:22.442+0000] {dagbag.py:545} INFO - Filling up the DagBag from /opt/airflow/dags/iceberg_dag.py
[2026-03-06T11:03:21.954+0000] {processor.py:840} INFO - DAG(s) 'ecommerce_iceberg_pipeline' retrieved from /opt/airflow/dags/iceberg_dag.py
[2026-03-06T11:03:22.028+0000] {logging_mixin.py:188} INFO - [2026-03-06T11:03:22.028+0000] {dag.py:3089} INFO - Sync 1 DAGs
[2026-03-06T11:03:22.085+0000] {logging_mixin.py:188} INFO - [2026-03-06T11:03:22.084+0000] {dag.py:3947} INFO - Setting next_dagrun for ecommerce_iceberg_pipeline to 2026-03-06 00:00:00+00:00, run_after=2026-03-07 00:00:00+00:00
[2026-03-06T11:03:22.143+0000] {processor.py:183} INFO - Processing /opt/airflow/dags/iceberg_dag.py took 0.252 seconds
[2026-03-06T11:03:52.436+0000] {processor.py:161} INFO - Started process (PID=408) to work on /opt/airflow/dags/iceberg_dag.py
[2026-03-06T11:03:52.437+0000] {processor.py:830} INFO - Processing file /opt/airflow/dags/iceberg_dag.py for tasks to queue
[2026-03-06T11:03:52.440+0000] {logging_mixin.py:188} INFO - [2026-03-06T11:03:52.440+0000] {dagbag.py:545} INFO - Filling up the DagBag from /opt/airflow/dags/iceberg_dag.py
[2026-03-06T11:03:52.474+0000] {processor.py:840} INFO - DAG(s) 'ecommerce_iceberg_pipeline' retrieved from /opt/airflow/dags/iceberg_dag.py
[2026-03-06T11:03:52.536+0000] {logging_mixin.py:188} INFO - [2026-03-06T11:03:52.534+0000] {dag.py:3089} INFO - Sync 1 DAGs
[2026-03-06T11:03:52.573+0000] {logging_mixin.py:188} INFO - [2026-03-06T11:03:52.573+0000] {dag.py:3947} INFO - Setting next_dagrun for ecommerce_iceberg_pipeline to 2026-03-06 00:00:00+00:00, run_after=2026-03-07 00:00:00+00:00
[2026-03-06T11:03:52.612+0000] {processor.py:183} INFO - Processing /opt/airflow/dags/iceberg_dag.py took 0.189 seconds
[2026-03-06T11:04:22.978+0000] {processor.py:161} INFO - Started process (PID=413) to work on /opt/airflow/dags/iceberg_dag.py
[2026-03-06T11:04:22.981+0000] {processor.py:830} INFO - Processing file /opt/airflow/dags/iceberg_dag.py for tasks to queue
[2026-03-06T11:04:22.984+0000] {logging_mixin.py:188} INFO - [2026-03-06T11:04:22.983+0000] {dagbag.py:545} INFO - Filling up the DagBag from /opt/airflow/dags/iceberg_dag.py
[2026-03-06T11:04:23.012+0000] {processor.py:840} INFO - DAG(s) 'ecommerce_iceberg_pipeline' retrieved from /opt/airflow/dags/iceberg_dag.py
[2026-03-06T11:04:23.061+0000] {logging_mixin.py:188} INFO - [2026-03-06T11:04:23.060+0000] {dag.py:3089} INFO - Sync 1 DAGs
[2026-03-06T11:04:23.217+0000] {logging_mixin.py:188} INFO - [2026-03-06T11:04:23.217+0000] {dag.py:3947} INFO - Setting next_dagrun for ecommerce_iceberg_pipeline to 2026-03-06 00:00:00+00:00, run_after=2026-03-07 00:00:00+00:00
[2026-03-06T11:04:23.295+0000] {processor.py:183} INFO - Processing /opt/airflow/dags/iceberg_dag.py took 0.325 seconds
[2026-03-06T11:04:53.504+0000] {processor.py:161} INFO - Started process (PID=418) to work on /opt/airflow/dags/iceberg_dag.py
[2026-03-06T11:04:53.506+0000] {processor.py:830} INFO - Processing file /opt/airflow/dags/iceberg_dag.py for tasks to queue
[2026-03-06T11:04:53.526+0000] {logging_mixin.py:188} INFO - [2026-03-06T11:04:53.525+0000] {dagbag.py:545} INFO - Filling up the DagBag from /opt/airflow/dags/iceberg_dag.py
[2026-03-06T11:04:53.576+0000] {processor.py:840} INFO - DAG(s) 'ecommerce_iceberg_pipeline' retrieved from /opt/airflow/dags/iceberg_dag.py
[2026-03-06T11:04:53.630+0000] {logging_mixin.py:188} INFO - [2026-03-06T11:04:53.629+0000] {dag.py:3089} INFO - Sync 1 DAGs
[2026-03-06T11:04:53.701+0000] {logging_mixin.py:188} INFO - [2026-03-06T11:04:53.701+0000] {dag.py:3947} INFO - Setting next_dagrun for ecommerce_iceberg_pipeline to 2026-03-06 00:00:00+00:00, run_after=2026-03-07 00:00:00+00:00
[2026-03-06T11:04:53.778+0000] {processor.py:183} INFO - Processing /opt/airflow/dags/iceberg_dag.py took 0.300 seconds
[2026-03-06T11:05:24.375+0000] {processor.py:161} INFO - Started process (PID=423) to work on /opt/airflow/dags/iceberg_dag.py
[2026-03-06T11:05:24.378+0000] {processor.py:830} INFO - Processing file /opt/airflow/dags/iceberg_dag.py for tasks to queue
[2026-03-06T11:05:24.381+0000] {logging_mixin.py:188} INFO - [2026-03-06T11:05:24.380+0000] {dagbag.py:545} INFO - Filling up the DagBag from /opt/airflow/dags/iceberg_dag.py
[2026-03-06T11:05:24.409+0000] {processor.py:840} INFO - DAG(s) 'ecommerce_iceberg_pipeline' retrieved from /opt/airflow/dags/iceberg_dag.py
[2026-03-06T11:05:24.449+0000] {logging_mixin.py:188} INFO - [2026-03-06T11:05:24.449+0000] {dag.py:3089} INFO - Sync 1 DAGs
[2026-03-06T11:05:24.476+0000] {logging_mixin.py:188} INFO - [2026-03-06T11:05:24.476+0000] {dag.py:3947} INFO - Setting next_dagrun for ecommerce_iceberg_pipeline to 2026-03-06 00:00:00+00:00, run_after=2026-03-07 00:00:00+00:00
[2026-03-06T11:05:24.499+0000] {processor.py:183} INFO - Processing /opt/airflow/dags/iceberg_dag.py took 0.131 seconds
[2026-03-06T11:05:55.739+0000] {processor.py:161} INFO - Started process (PID=428) to work on /opt/airflow/dags/iceberg_dag.py
[2026-03-06T11:05:55.778+0000] {processor.py:830} INFO - Processing file /opt/airflow/dags/iceberg_dag.py for tasks to queue
[2026-03-06T11:05:55.797+0000] {logging_mixin.py:188} INFO - [2026-03-06T11:05:55.790+0000] {dagbag.py:545} INFO - Filling up the DagBag from /opt/airflow/dags/iceberg_dag.py
[2026-03-06T11:05:55.981+0000] {processor.py:840} INFO - DAG(s) 'ecommerce_iceberg_pipeline' retrieved from /opt/airflow/dags/iceberg_dag.py
[2026-03-06T11:05:57.574+0000] {logging_mixin.py:188} INFO - [2026-03-06T11:05:57.573+0000] {dag.py:3089} INFO - Sync 1 DAGs
[2026-03-06T11:05:58.462+0000] {logging_mixin.py:188} INFO - [2026-03-06T11:05:58.460+0000] {dag.py:3947} INFO - Setting next_dagrun for ecommerce_iceberg_pipeline to 2026-03-06 00:00:00+00:00, run_after=2026-03-07 00:00:00+00:00
[2026-03-06T11:05:58.723+0000] {processor.py:183} INFO - Processing /opt/airflow/dags/iceberg_dag.py took 3.124 seconds
[2026-03-06T11:06:29.417+0000] {processor.py:161} INFO - Started process (PID=433) to work on /opt/airflow/dags/iceberg_dag.py
[2026-03-06T11:06:29.418+0000] {processor.py:830} INFO - Processing file /opt/airflow/dags/iceberg_dag.py for tasks to queue
[2026-03-06T11:06:29.422+0000] {logging_mixin.py:188} INFO - [2026-03-06T11:06:29.421+0000] {dagbag.py:545} INFO - Filling up the DagBag from /opt/airflow/dags/iceberg_dag.py
[2026-03-06T11:06:29.457+0000] {processor.py:840} INFO - DAG(s) 'ecommerce_iceberg_pipeline' retrieved from /opt/airflow/dags/iceberg_dag.py
[2026-03-06T11:06:29.544+0000] {logging_mixin.py:188} INFO - [2026-03-06T11:06:29.543+0000] {dag.py:3089} INFO - Sync 1 DAGs
[2026-03-06T11:06:29.680+0000] {logging_mixin.py:188} INFO - [2026-03-06T11:06:29.680+0000] {dag.py:3947} INFO - Setting next_dagrun for ecommerce_iceberg_pipeline to 2026-03-06 00:00:00+00:00, run_after=2026-03-07 00:00:00+00:00
[2026-03-06T11:06:29.759+0000] {processor.py:183} INFO - Processing /opt/airflow/dags/iceberg_dag.py took 0.351 seconds
[2026-03-06T11:07:00.638+0000] {processor.py:161} INFO - Started process (PID=438) to work on /opt/airflow/dags/iceberg_dag.py
[2026-03-06T11:07:00.640+0000] {processor.py:830} INFO - Processing file /opt/airflow/dags/iceberg_dag.py for tasks to queue
[2026-03-06T11:07:00.646+0000] {logging_mixin.py:188} INFO - [2026-03-06T11:07:00.645+0000] {dagbag.py:545} INFO - Filling up the DagBag from /opt/airflow/dags/iceberg_dag.py
[2026-03-06T11:07:00.730+0000] {processor.py:840} INFO - DAG(s) 'ecommerce_iceberg_pipeline' retrieved from /opt/airflow/dags/iceberg_dag.py
[2026-03-06T11:07:00.840+0000] {logging_mixin.py:188} INFO - [2026-03-06T11:07:00.839+0000] {dag.py:3089} INFO - Sync 1 DAGs
[2026-03-06T11:07:00.898+0000] {logging_mixin.py:188} INFO - [2026-03-06T11:07:00.898+0000] {dag.py:3947} INFO - Setting next_dagrun for ecommerce_iceberg_pipeline to 2026-03-06 00:00:00+00:00, run_after=2026-03-07 00:00:00+00:00
[2026-03-06T11:07:00.973+0000] {processor.py:183} INFO - Processing /opt/airflow/dags/iceberg_dag.py took 0.376 seconds
[2026-03-06T11:07:31.258+0000] {processor.py:161} INFO - Started process (PID=443) to work on /opt/airflow/dags/iceberg_dag.py
[2026-03-06T11:07:31.259+0000] {processor.py:830} INFO - Processing file /opt/airflow/dags/iceberg_dag.py for tasks to queue
[2026-03-06T11:07:31.262+0000] {logging_mixin.py:188} INFO - [2026-03-06T11:07:31.262+0000] {dagbag.py:545} INFO - Filling up the DagBag from /opt/airflow/dags/iceberg_dag.py
[2026-03-06T11:07:31.327+0000] {processor.py:840} INFO - DAG(s) 'ecommerce_iceberg_pipeline' retrieved from /opt/airflow/dags/iceberg_dag.py
[2026-03-06T11:07:31.368+0000] {logging_mixin.py:188} INFO - [2026-03-06T11:07:31.368+0000] {dag.py:3089} INFO - Sync 1 DAGs
[2026-03-06T11:07:31.396+0000] {logging_mixin.py:188} INFO - [2026-03-06T11:07:31.395+0000] {dag.py:3947} INFO - Setting next_dagrun for ecommerce_iceberg_pipeline to 2026-03-06 00:00:00+00:00, run_after=2026-03-07 00:00:00+00:00
[2026-03-06T11:07:31.421+0000] {processor.py:183} INFO - Processing /opt/airflow/dags/iceberg_dag.py took 0.175 seconds
[2026-03-06T11:08:02.482+0000] {processor.py:161} INFO - Started process (PID=448) to work on /opt/airflow/dags/iceberg_dag.py
[2026-03-06T11:08:02.484+0000] {processor.py:830} INFO - Processing file /opt/airflow/dags/iceberg_dag.py for tasks to queue
[2026-03-06T11:08:02.487+0000] {logging_mixin.py:188} INFO - [2026-03-06T11:08:02.486+0000] {dagbag.py:545} INFO - Filling up the DagBag from /opt/airflow/dags/iceberg_dag.py
[2026-03-06T11:08:02.541+0000] {processor.py:840} INFO - DAG(s) 'ecommerce_iceberg_pipeline' retrieved from /opt/airflow/dags/iceberg_dag.py
[2026-03-06T11:08:02.595+0000] {logging_mixin.py:188} INFO - [2026-03-06T11:08:02.594+0000] {dag.py:3089} INFO - Sync 1 DAGs
[2026-03-06T11:08:02.630+0000] {logging_mixin.py:188} INFO - [2026-03-06T11:08:02.630+0000] {dag.py:3947} INFO - Setting next_dagrun for ecommerce_iceberg_pipeline to 2026-03-06 00:00:00+00:00, run_after=2026-03-07 00:00:00+00:00
[2026-03-06T11:08:02.653+0000] {processor.py:183} INFO - Processing /opt/airflow/dags/iceberg_dag.py took 0.179 seconds
[2026-03-06T11:08:33.243+0000] {processor.py:161} INFO - Started process (PID=453) to work on /opt/airflow/dags/iceberg_dag.py
[2026-03-06T11:08:33.245+0000] {processor.py:830} INFO - Processing file /opt/airflow/dags/iceberg_dag.py for tasks to queue
[2026-03-06T11:08:33.248+0000] {logging_mixin.py:188} INFO - [2026-03-06T11:08:33.247+0000] {dagbag.py:545} INFO - Filling up the DagBag from /opt/airflow/dags/iceberg_dag.py
[2026-03-06T11:08:33.289+0000] {processor.py:840} INFO - DAG(s) 'ecommerce_iceberg_pipeline' retrieved from /opt/airflow/dags/iceberg_dag.py
[2026-03-06T11:08:33.335+0000] {logging_mixin.py:188} INFO - [2026-03-06T11:08:33.334+0000] {dag.py:3089} INFO - Sync 1 DAGs
[2026-03-06T11:08:33.416+0000] {logging_mixin.py:188} INFO - [2026-03-06T11:08:33.416+0000] {dag.py:3947} INFO - Setting next_dagrun for ecommerce_iceberg_pipeline to 2026-03-06 00:00:00+00:00, run_after=2026-03-07 00:00:00+00:00
[2026-03-06T11:08:33.451+0000] {processor.py:183} INFO - Processing /opt/airflow/dags/iceberg_dag.py took 0.214 seconds
[2026-03-06T11:09:03.742+0000] {processor.py:161} INFO - Started process (PID=458) to work on /opt/airflow/dags/iceberg_dag.py
[2026-03-06T11:09:03.745+0000] {processor.py:830} INFO - Processing file /opt/airflow/dags/iceberg_dag.py for tasks to queue
[2026-03-06T11:09:03.752+0000] {logging_mixin.py:188} INFO - [2026-03-06T11:09:03.751+0000] {dagbag.py:545} INFO - Filling up the DagBag from /opt/airflow/dags/iceberg_dag.py
[2026-03-06T11:09:03.823+0000] {processor.py:840} INFO - DAG(s) 'ecommerce_iceberg_pipeline' retrieved from /opt/airflow/dags/iceberg_dag.py
[2026-03-06T11:09:03.885+0000] {logging_mixin.py:188} INFO - [2026-03-06T11:09:03.884+0000] {dag.py:3089} INFO - Sync 1 DAGs
[2026-03-06T11:09:03.933+0000] {logging_mixin.py:188} INFO - [2026-03-06T11:09:03.933+0000] {dag.py:3947} INFO - Setting next_dagrun for ecommerce_iceberg_pipeline to 2026-03-06 00:00:00+00:00, run_after=2026-03-07 00:00:00+00:00
[2026-03-06T11:09:03.979+0000] {processor.py:183} INFO - Processing /opt/airflow/dags/iceberg_dag.py took 0.278 seconds
[2026-03-06T11:09:34.451+0000] {processor.py:161} INFO - Started process (PID=463) to work on /opt/airflow/dags/iceberg_dag.py
[2026-03-06T11:09:34.455+0000] {processor.py:830} INFO - Processing file /opt/airflow/dags/iceberg_dag.py for tasks to queue
[2026-03-06T11:09:34.462+0000] {logging_mixin.py:188} INFO - [2026-03-06T11:09:34.462+0000] {dagbag.py:545} INFO - Filling up the DagBag from /opt/airflow/dags/iceberg_dag.py
[2026-03-06T11:09:34.497+0000] {processor.py:840} INFO - DAG(s) 'ecommerce_iceberg_pipeline' retrieved from /opt/airflow/dags/iceberg_dag.py
[2026-03-06T11:09:34.542+0000] {logging_mixin.py:188} INFO - [2026-03-06T11:09:34.542+0000] {dag.py:3089} INFO - Sync 1 DAGs
[2026-03-06T11:09:34.568+0000] {logging_mixin.py:188} INFO - [2026-03-06T11:09:34.568+0000] {dag.py:3947} INFO - Setting next_dagrun for ecommerce_iceberg_pipeline to 2026-03-06 00:00:00+00:00, run_after=2026-03-07 00:00:00+00:00
[2026-03-06T11:09:34.600+0000] {processor.py:183} INFO - Processing /opt/airflow/dags/iceberg_dag.py took 0.157 seconds
[2026-03-06T11:10:05.087+0000] {processor.py:161} INFO - Started process (PID=468) to work on /opt/airflow/dags/iceberg_dag.py
[2026-03-06T11:10:05.088+0000] {processor.py:830} INFO - Processing file /opt/airflow/dags/iceberg_dag.py for tasks to queue
[2026-03-06T11:10:05.091+0000] {logging_mixin.py:188} INFO - [2026-03-06T11:10:05.090+0000] {dagbag.py:545} INFO - Filling up the DagBag from /opt/airflow/dags/iceberg_dag.py
[2026-03-06T11:10:05.126+0000] {processor.py:840} INFO - DAG(s) 'ecommerce_iceberg_pipeline' retrieved from /opt/airflow/dags/iceberg_dag.py
[2026-03-06T11:10:05.224+0000] {logging_mixin.py:188} INFO - [2026-03-06T11:10:05.224+0000] {dag.py:3089} INFO - Sync 1 DAGs
[2026-03-06T11:10:05.298+0000] {logging_mixin.py:188} INFO - [2026-03-06T11:10:05.298+0000] {dag.py:3947} INFO - Setting next_dagrun for ecommerce_iceberg_pipeline to 2026-03-06 00:00:00+00:00, run_after=2026-03-07 00:00:00+00:00
[2026-03-06T11:10:05.365+0000] {processor.py:183} INFO - Processing /opt/airflow/dags/iceberg_dag.py took 0.288 seconds
[2026-03-06T11:10:35.663+0000] {processor.py:161} INFO - Started process (PID=473) to work on /opt/airflow/dags/iceberg_dag.py
[2026-03-06T11:10:35.665+0000] {processor.py:830} INFO - Processing file /opt/airflow/dags/iceberg_dag.py for tasks to queue
[2026-03-06T11:10:35.669+0000] {logging_mixin.py:188} INFO - [2026-03-06T11:10:35.668+0000] {dagbag.py:545} INFO - Filling up the DagBag from /opt/airflow/dags/iceberg_dag.py
[2026-03-06T11:10:35.717+0000] {processor.py:840} INFO - DAG(s) 'ecommerce_iceberg_pipeline' retrieved from /opt/airflow/dags/iceberg_dag.py
[2026-03-06T11:10:35.810+0000] {logging_mixin.py:188} INFO - [2026-03-06T11:10:35.810+0000] {dag.py:3089} INFO - Sync 1 DAGs
[2026-03-06T11:10:35.842+0000] {logging_mixin.py:188} INFO - [2026-03-06T11:10:35.842+0000] {dag.py:3947} INFO - Setting next_dagrun for ecommerce_iceberg_pipeline to 2026-03-06 00:00:00+00:00, run_after=2026-03-07 00:00:00+00:00
[2026-03-06T11:10:35.867+0000] {processor.py:183} INFO - Processing /opt/airflow/dags/iceberg_dag.py took 0.213 seconds
[2026-03-06T11:11:06.045+0000] {processor.py:161} INFO - Started process (PID=478) to work on /opt/airflow/dags/iceberg_dag.py
[2026-03-06T11:11:06.047+0000] {processor.py:830} INFO - Processing file /opt/airflow/dags/iceberg_dag.py for tasks to queue
[2026-03-06T11:11:06.050+0000] {logging_mixin.py:188} INFO - [2026-03-06T11:11:06.049+0000] {dagbag.py:545} INFO - Filling up the DagBag from /opt/airflow/dags/iceberg_dag.py
[2026-03-06T11:11:06.155+0000] {processor.py:840} INFO - DAG(s) 'ecommerce_iceberg_pipeline' retrieved from /opt/airflow/dags/iceberg_dag.py
[2026-03-06T11:11:06.207+0000] {logging_mixin.py:188} INFO - [2026-03-06T11:11:06.207+0000] {dag.py:3089} INFO - Sync 1 DAGs
[2026-03-06T11:11:06.237+0000] {logging_mixin.py:188} INFO - [2026-03-06T11:11:06.237+0000] {dag.py:3947} INFO - Setting next_dagrun for ecommerce_iceberg_pipeline to 2026-03-06 00:00:00+00:00, run_after=2026-03-07 00:00:00+00:00
[2026-03-06T11:11:06.267+0000] {processor.py:183} INFO - Processing /opt/airflow/dags/iceberg_dag.py took 0.232 seconds
[2026-03-06T11:11:36.610+0000] {processor.py:161} INFO - Started process (PID=483) to work on /opt/airflow/dags/iceberg_dag.py
[2026-03-06T11:11:36.611+0000] {processor.py:830} INFO - Processing file /opt/airflow/dags/iceberg_dag.py for tasks to queue
[2026-03-06T11:11:36.616+0000] {logging_mixin.py:188} INFO - [2026-03-06T11:11:36.614+0000] {dagbag.py:545} INFO - Filling up the DagBag from /opt/airflow/dags/iceberg_dag.py
[2026-03-06T11:11:36.656+0000] {processor.py:840} INFO - DAG(s) 'ecommerce_iceberg_pipeline' retrieved from /opt/airflow/dags/iceberg_dag.py
[2026-03-06T11:11:36.707+0000] {logging_mixin.py:188} INFO - [2026-03-06T11:11:36.707+0000] {dag.py:3089} INFO - Sync 1 DAGs
[2026-03-06T11:11:36.735+0000] {logging_mixin.py:188} INFO - [2026-03-06T11:11:36.735+0000] {dag.py:3947} INFO - Setting next_dagrun for ecommerce_iceberg_pipeline to 2026-03-06 00:00:00+00:00, run_after=2026-03-07 00:00:00+00:00
[2026-03-06T11:11:36.760+0000] {processor.py:183} INFO - Processing /opt/airflow/dags/iceberg_dag.py took 0.159 seconds
[2026-03-06T11:12:06.950+0000] {processor.py:161} INFO - Started process (PID=488) to work on /opt/airflow/dags/iceberg_dag.py
[2026-03-06T11:12:06.952+0000] {processor.py:830} INFO - Processing file /opt/airflow/dags/iceberg_dag.py for tasks to queue
[2026-03-06T11:12:06.954+0000] {logging_mixin.py:188} INFO - [2026-03-06T11:12:06.954+0000] {dagbag.py:545} INFO - Filling up the DagBag from /opt/airflow/dags/iceberg_dag.py
[2026-03-06T11:12:06.988+0000] {processor.py:840} INFO - DAG(s) 'ecommerce_iceberg_pipeline' retrieved from /opt/airflow/dags/iceberg_dag.py
[2026-03-06T11:12:07.034+0000] {logging_mixin.py:188} INFO - [2026-03-06T11:12:07.034+0000] {dag.py:3089} INFO - Sync 1 DAGs
[2026-03-06T11:12:07.069+0000] {logging_mixin.py:188} INFO - [2026-03-06T11:12:07.068+0000] {dag.py:3947} INFO - Setting next_dagrun for ecommerce_iceberg_pipeline to 2026-03-06 00:00:00+00:00, run_after=2026-03-07 00:00:00+00:00
[2026-03-06T11:12:07.091+0000] {processor.py:183} INFO - Processing /opt/airflow/dags/iceberg_dag.py took 0.148 seconds
[2026-03-06T11:12:37.345+0000] {processor.py:161} INFO - Started process (PID=493) to work on /opt/airflow/dags/iceberg_dag.py
[2026-03-06T11:12:37.346+0000] {processor.py:830} INFO - Processing file /opt/airflow/dags/iceberg_dag.py for tasks to queue
[2026-03-06T11:12:37.350+0000] {logging_mixin.py:188} INFO - [2026-03-06T11:12:37.349+0000] {dagbag.py:545} INFO - Filling up the DagBag from /opt/airflow/dags/iceberg_dag.py
[2026-03-06T11:12:37.419+0000] {processor.py:840} INFO - DAG(s) 'ecommerce_iceberg_pipeline' retrieved from /opt/airflow/dags/iceberg_dag.py
[2026-03-06T11:12:37.489+0000] {logging_mixin.py:188} INFO - [2026-03-06T11:12:37.488+0000] {dag.py:3089} INFO - Sync 1 DAGs
[2026-03-06T11:12:37.536+0000] {logging_mixin.py:188} INFO - [2026-03-06T11:12:37.536+0000] {dag.py:3947} INFO - Setting next_dagrun for ecommerce_iceberg_pipeline to 2026-03-06 00:00:00+00:00, run_after=2026-03-07 00:00:00+00:00
[2026-03-06T11:12:37.568+0000] {processor.py:183} INFO - Processing /opt/airflow/dags/iceberg_dag.py took 0.245 seconds
[2026-03-06T11:13:07.826+0000] {processor.py:161} INFO - Started process (PID=498) to work on /opt/airflow/dags/iceberg_dag.py
[2026-03-06T11:13:07.828+0000] {processor.py:830} INFO - Processing file /opt/airflow/dags/iceberg_dag.py for tasks to queue
[2026-03-06T11:13:07.831+0000] {logging_mixin.py:188} INFO - [2026-03-06T11:13:07.830+0000] {dagbag.py:545} INFO - Filling up the DagBag from /opt/airflow/dags/iceberg_dag.py
[2026-03-06T11:13:07.861+0000] {processor.py:840} INFO - DAG(s) 'ecommerce_iceberg_pipeline' retrieved from /opt/airflow/dags/iceberg_dag.py
[2026-03-06T11:13:07.957+0000] {logging_mixin.py:188} INFO - [2026-03-06T11:13:07.956+0000] {dag.py:3089} INFO - Sync 1 DAGs
[2026-03-06T11:13:07.991+0000] {logging_mixin.py:188} INFO - [2026-03-06T11:13:07.990+0000] {dag.py:3947} INFO - Setting next_dagrun for ecommerce_iceberg_pipeline to 2026-03-06 00:00:00+00:00, run_after=2026-03-07 00:00:00+00:00
[2026-03-06T11:13:08.020+0000] {processor.py:183} INFO - Processing /opt/airflow/dags/iceberg_dag.py took 0.203 seconds
[2026-03-06T11:13:38.281+0000] {processor.py:161} INFO - Started process (PID=503) to work on /opt/airflow/dags/iceberg_dag.py
[2026-03-06T11:13:38.283+0000] {processor.py:830} INFO - Processing file /opt/airflow/dags/iceberg_dag.py for tasks to queue
[2026-03-06T11:13:38.287+0000] {logging_mixin.py:188} INFO - [2026-03-06T11:13:38.286+0000] {dagbag.py:545} INFO - Filling up the DagBag from /opt/airflow/dags/iceberg_dag.py
[2026-03-06T11:13:38.324+0000] {processor.py:840} INFO - DAG(s) 'ecommerce_iceberg_pipeline' retrieved from /opt/airflow/dags/iceberg_dag.py
[2026-03-06T11:13:38.370+0000] {logging_mixin.py:188} INFO - [2026-03-06T11:13:38.370+0000] {dag.py:3089} INFO - Sync 1 DAGs
[2026-03-06T11:13:38.397+0000] {logging_mixin.py:188} INFO - [2026-03-06T11:13:38.397+0000] {dag.py:3947} INFO - Setting next_dagrun for ecommerce_iceberg_pipeline to 2026-03-06 00:00:00+00:00, run_after=2026-03-07 00:00:00+00:00
[2026-03-06T11:13:38.421+0000] {processor.py:183} INFO - Processing /opt/airflow/dags/iceberg_dag.py took 0.149 seconds
[2026-03-06T11:14:08.821+0000] {processor.py:161} INFO - Started process (PID=508) to work on /opt/airflow/dags/iceberg_dag.py
[2026-03-06T11:14:08.822+0000] {processor.py:830} INFO - Processing file /opt/airflow/dags/iceberg_dag.py for tasks to queue
[2026-03-06T11:14:08.825+0000] {logging_mixin.py:188} INFO - [2026-03-06T11:14:08.824+0000] {dagbag.py:545} INFO - Filling up the DagBag from /opt/airflow/dags/iceberg_dag.py
[2026-03-06T11:14:08.864+0000] {processor.py:840} INFO - DAG(s) 'ecommerce_iceberg_pipeline' retrieved from /opt/airflow/dags/iceberg_dag.py
[2026-03-06T11:14:08.908+0000] {logging_mixin.py:188} INFO - [2026-03-06T11:14:08.908+0000] {dag.py:3089} INFO - Sync 1 DAGs
[2026-03-06T11:14:08.944+0000] {logging_mixin.py:188} INFO - [2026-03-06T11:14:08.944+0000] {dag.py:3947} INFO - Setting next_dagrun for ecommerce_iceberg_pipeline to 2026-03-06 00:00:00+00:00, run_after=2026-03-07 00:00:00+00:00
[2026-03-06T11:14:08.978+0000] {processor.py:183} INFO - Processing /opt/airflow/dags/iceberg_dag.py took 0.166 seconds
[2026-03-06T11:14:39.304+0000] {processor.py:161} INFO - Started process (PID=513) to work on /opt/airflow/dags/iceberg_dag.py
[2026-03-06T11:14:39.306+0000] {processor.py:830} INFO - Processing file /opt/airflow/dags/iceberg_dag.py for tasks to queue
[2026-03-06T11:14:39.308+0000] {logging_mixin.py:188} INFO - [2026-03-06T11:14:39.308+0000] {dagbag.py:545} INFO - Filling up the DagBag from /opt/airflow/dags/iceberg_dag.py
[2026-03-06T11:14:39.344+0000] {processor.py:840} INFO - DAG(s) 'ecommerce_iceberg_pipeline' retrieved from /opt/airflow/dags/iceberg_dag.py
[2026-03-06T11:14:39.387+0000] {logging_mixin.py:188} INFO - [2026-03-06T11:14:39.387+0000] {dag.py:3089} INFO - Sync 1 DAGs
[2026-03-06T11:14:39.415+0000] {logging_mixin.py:188} INFO - [2026-03-06T11:14:39.415+0000] {dag.py:3947} INFO - Setting next_dagrun for ecommerce_iceberg_pipeline to 2026-03-06 00:00:00+00:00, run_after=2026-03-07 00:00:00+00:00
[2026-03-06T11:14:39.438+0000] {processor.py:183} INFO - Processing /opt/airflow/dags/iceberg_dag.py took 0.143 seconds
[2026-03-06T11:15:09.750+0000] {processor.py:161} INFO - Started process (PID=518) to work on /opt/airflow/dags/iceberg_dag.py
[2026-03-06T11:15:09.751+0000] {processor.py:830} INFO - Processing file /opt/airflow/dags/iceberg_dag.py for tasks to queue
[2026-03-06T11:15:09.754+0000] {logging_mixin.py:188} INFO - [2026-03-06T11:15:09.753+0000] {dagbag.py:545} INFO - Filling up the DagBag from /opt/airflow/dags/iceberg_dag.py
[2026-03-06T11:15:09.790+0000] {processor.py:840} INFO - DAG(s) 'ecommerce_iceberg_pipeline' retrieved from /opt/airflow/dags/iceberg_dag.py
[2026-03-06T11:15:09.829+0000] {logging_mixin.py:188} INFO - [2026-03-06T11:15:09.829+0000] {dag.py:3089} INFO - Sync 1 DAGs
[2026-03-06T11:15:09.854+0000] {logging_mixin.py:188} INFO - [2026-03-06T11:15:09.854+0000] {dag.py:3947} INFO - Setting next_dagrun for ecommerce_iceberg_pipeline to 2026-03-06 00:00:00+00:00, run_after=2026-03-07 00:00:00+00:00
[2026-03-06T11:15:09.880+0000] {processor.py:183} INFO - Processing /opt/airflow/dags/iceberg_dag.py took 0.138 seconds
[2026-03-06T11:15:40.155+0000] {processor.py:161} INFO - Started process (PID=523) to work on /opt/airflow/dags/iceberg_dag.py
[2026-03-06T11:15:40.157+0000] {processor.py:830} INFO - Processing file /opt/airflow/dags/iceberg_dag.py for tasks to queue
[2026-03-06T11:15:40.159+0000] {logging_mixin.py:188} INFO - [2026-03-06T11:15:40.159+0000] {dagbag.py:545} INFO - Filling up the DagBag from /opt/airflow/dags/iceberg_dag.py
[2026-03-06T11:15:40.190+0000] {processor.py:840} INFO - DAG(s) 'ecommerce_iceberg_pipeline' retrieved from /opt/airflow/dags/iceberg_dag.py
[2026-03-06T11:15:40.229+0000] {logging_mixin.py:188} INFO - [2026-03-06T11:15:40.229+0000] {dag.py:3089} INFO - Sync 1 DAGs
[2026-03-06T11:15:40.262+0000] {logging_mixin.py:188} INFO - [2026-03-06T11:15:40.261+0000] {dag.py:3947} INFO - Setting next_dagrun for ecommerce_iceberg_pipeline to 2026-03-06 00:00:00+00:00, run_after=2026-03-07 00:00:00+00:00
[2026-03-06T11:15:40.316+0000] {processor.py:183} INFO - Processing /opt/airflow/dags/iceberg_dag.py took 0.169 seconds
[2026-03-06T11:16:10.607+0000] {processor.py:161} INFO - Started process (PID=528) to work on /opt/airflow/dags/iceberg_dag.py
[2026-03-06T11:16:10.610+0000] {processor.py:830} INFO - Processing file /opt/airflow/dags/iceberg_dag.py for tasks to queue
[2026-03-06T11:16:10.613+0000] {logging_mixin.py:188} INFO - [2026-03-06T11:16:10.612+0000] {dagbag.py:545} INFO - Filling up the DagBag from /opt/airflow/dags/iceberg_dag.py
[2026-03-06T11:16:10.651+0000] {processor.py:840} INFO - DAG(s) 'ecommerce_iceberg_pipeline' retrieved from /opt/airflow/dags/iceberg_dag.py
[2026-03-06T11:16:10.706+0000] {logging_mixin.py:188} INFO - [2026-03-06T11:16:10.705+0000] {dag.py:3089} INFO - Sync 1 DAGs
[2026-03-06T11:16:10.780+0000] {logging_mixin.py:188} INFO - [2026-03-06T11:16:10.779+0000] {dag.py:3947} INFO - Setting next_dagrun for ecommerce_iceberg_pipeline to 2026-03-06 00:00:00+00:00, run_after=2026-03-07 00:00:00+00:00
[2026-03-06T11:16:10.845+0000] {processor.py:183} INFO - Processing /opt/airflow/dags/iceberg_dag.py took 0.247 seconds
[2026-03-06T11:16:41.298+0000] {processor.py:161} INFO - Started process (PID=533) to work on /opt/airflow/dags/iceberg_dag.py
[2026-03-06T11:16:41.299+0000] {processor.py:830} INFO - Processing file /opt/airflow/dags/iceberg_dag.py for tasks to queue
[2026-03-06T11:16:41.302+0000] {logging_mixin.py:188} INFO - [2026-03-06T11:16:41.301+0000] {dagbag.py:545} INFO - Filling up the DagBag from /opt/airflow/dags/iceberg_dag.py
[2026-03-06T11:16:41.334+0000] {processor.py:840} INFO - DAG(s) 'ecommerce_iceberg_pipeline' retrieved from /opt/airflow/dags/iceberg_dag.py
[2026-03-06T11:16:41.373+0000] {logging_mixin.py:188} INFO - [2026-03-06T11:16:41.373+0000] {dag.py:3089} INFO - Sync 1 DAGs
[2026-03-06T11:16:41.397+0000] {logging_mixin.py:188} INFO - [2026-03-06T11:16:41.397+0000] {dag.py:3947} INFO - Setting next_dagrun for ecommerce_iceberg_pipeline to 2026-03-06 00:00:00+00:00, run_after=2026-03-07 00:00:00+00:00
[2026-03-06T11:16:41.431+0000] {processor.py:183} INFO - Processing /opt/airflow/dags/iceberg_dag.py took 0.142 seconds
[2026-03-06T11:17:11.742+0000] {processor.py:161} INFO - Started process (PID=538) to work on /opt/airflow/dags/iceberg_dag.py
[2026-03-06T11:17:11.745+0000] {processor.py:830} INFO - Processing file /opt/airflow/dags/iceberg_dag.py for tasks to queue
[2026-03-06T11:17:11.751+0000] {logging_mixin.py:188} INFO - [2026-03-06T11:17:11.750+0000] {dagbag.py:545} INFO - Filling up the DagBag from /opt/airflow/dags/iceberg_dag.py
[2026-03-06T11:17:11.785+0000] {processor.py:840} INFO - DAG(s) 'ecommerce_iceberg_pipeline' retrieved from /opt/airflow/dags/iceberg_dag.py
[2026-03-06T11:17:11.824+0000] {logging_mixin.py:188} INFO - [2026-03-06T11:17:11.823+0000] {dag.py:3089} INFO - Sync 1 DAGs
[2026-03-06T11:17:11.851+0000] {logging_mixin.py:188} INFO - [2026-03-06T11:17:11.850+0000] {dag.py:3947} INFO - Setting next_dagrun for ecommerce_iceberg_pipeline to 2026-03-06 00:00:00+00:00, run_after=2026-03-07 00:00:00+00:00
[2026-03-06T11:17:11.876+0000] {processor.py:183} INFO - Processing /opt/airflow/dags/iceberg_dag.py took 0.148 seconds
[2026-03-06T11:17:42.254+0000] {processor.py:161} INFO - Started process (PID=543) to work on /opt/airflow/dags/iceberg_dag.py
[2026-03-06T11:17:42.256+0000] {processor.py:830} INFO - Processing file /opt/airflow/dags/iceberg_dag.py for tasks to queue
[2026-03-06T11:17:42.258+0000] {logging_mixin.py:188} INFO - [2026-03-06T11:17:42.258+0000] {dagbag.py:545} INFO - Filling up the DagBag from /opt/airflow/dags/iceberg_dag.py
[2026-03-06T11:17:42.283+0000] {processor.py:840} INFO - DAG(s) 'ecommerce_iceberg_pipeline' retrieved from /opt/airflow/dags/iceberg_dag.py
[2026-03-06T11:17:42.333+0000] {logging_mixin.py:188} INFO - [2026-03-06T11:17:42.333+0000] {dag.py:3089} INFO - Sync 1 DAGs
[2026-03-06T11:17:42.358+0000] {logging_mixin.py:188} INFO - [2026-03-06T11:17:42.358+0000] {dag.py:3947} INFO - Setting next_dagrun for ecommerce_iceberg_pipeline to 2026-03-06 00:00:00+00:00, run_after=2026-03-07 00:00:00+00:00
[2026-03-06T11:17:42.384+0000] {processor.py:183} INFO - Processing /opt/airflow/dags/iceberg_dag.py took 0.146 seconds
[2026-03-06T11:18:12.636+0000] {processor.py:161} INFO - Started process (PID=548) to work on /opt/airflow/dags/iceberg_dag.py
[2026-03-06T11:18:12.637+0000] {processor.py:830} INFO - Processing file /opt/airflow/dags/iceberg_dag.py for tasks to queue
[2026-03-06T11:18:12.640+0000] {logging_mixin.py:188} INFO - [2026-03-06T11:18:12.640+0000] {dagbag.py:545} INFO - Filling up the DagBag from /opt/airflow/dags/iceberg_dag.py
[2026-03-06T11:18:12.671+0000] {processor.py:840} INFO - DAG(s) 'ecommerce_iceberg_pipeline' retrieved from /opt/airflow/dags/iceberg_dag.py
[2026-03-06T11:18:12.711+0000] {logging_mixin.py:188} INFO - [2026-03-06T11:18:12.710+0000] {dag.py:3089} INFO - Sync 1 DAGs
[2026-03-06T11:18:12.734+0000] {logging_mixin.py:188} INFO - [2026-03-06T11:18:12.734+0000] {dag.py:3947} INFO - Setting next_dagrun for ecommerce_iceberg_pipeline to 2026-03-06 00:00:00+00:00, run_after=2026-03-07 00:00:00+00:00
[2026-03-06T11:18:12.765+0000] {processor.py:183} INFO - Processing /opt/airflow/dags/iceberg_dag.py took 0.138 seconds
[2026-03-06T11:18:43.227+0000] {processor.py:161} INFO - Started process (PID=553) to work on /opt/airflow/dags/iceberg_dag.py
[2026-03-06T11:18:43.229+0000] {processor.py:830} INFO - Processing file /opt/airflow/dags/iceberg_dag.py for tasks to queue
[2026-03-06T11:18:43.232+0000] {logging_mixin.py:188} INFO - [2026-03-06T11:18:43.231+0000] {dagbag.py:545} INFO - Filling up the DagBag from /opt/airflow/dags/iceberg_dag.py
[2026-03-06T11:18:43.260+0000] {processor.py:840} INFO - DAG(s) 'ecommerce_iceberg_pipeline' retrieved from /opt/airflow/dags/iceberg_dag.py
[2026-03-06T11:18:43.299+0000] {logging_mixin.py:188} INFO - [2026-03-06T11:18:43.299+0000] {dag.py:3089} INFO - Sync 1 DAGs
[2026-03-06T11:18:43.324+0000] {logging_mixin.py:188} INFO - [2026-03-06T11:18:43.324+0000] {dag.py:3947} INFO - Setting next_dagrun for ecommerce_iceberg_pipeline to 2026-03-06 00:00:00+00:00, run_after=2026-03-07 00:00:00+00:00
[2026-03-06T11:18:43.350+0000] {processor.py:183} INFO - Processing /opt/airflow/dags/iceberg_dag.py took 0.130 seconds
[2026-03-06T11:19:13.677+0000] {processor.py:161} INFO - Started process (PID=558) to work on /opt/airflow/dags/iceberg_dag.py
[2026-03-06T11:19:13.678+0000] {processor.py:830} INFO - Processing file /opt/airflow/dags/iceberg_dag.py for tasks to queue
[2026-03-06T11:19:13.681+0000] {logging_mixin.py:188} INFO - [2026-03-06T11:19:13.680+0000] {dagbag.py:545} INFO - Filling up the DagBag from /opt/airflow/dags/iceberg_dag.py
[2026-03-06T11:19:13.712+0000] {processor.py:840} INFO - DAG(s) 'ecommerce_iceberg_pipeline' retrieved from /opt/airflow/dags/iceberg_dag.py
[2026-03-06T11:19:13.749+0000] {logging_mixin.py:188} INFO - [2026-03-06T11:19:13.749+0000] {dag.py:3089} INFO - Sync 1 DAGs
[2026-03-06T11:19:13.781+0000] {logging_mixin.py:188} INFO - [2026-03-06T11:19:13.780+0000] {dag.py:3947} INFO - Setting next_dagrun for ecommerce_iceberg_pipeline to 2026-03-06 00:00:00+00:00, run_after=2026-03-07 00:00:00+00:00
[2026-03-06T11:19:13.818+0000] {processor.py:183} INFO - Processing /opt/airflow/dags/iceberg_dag.py took 0.148 seconds
[2026-03-06T11:19:44.221+0000] {processor.py:161} INFO - Started process (PID=563) to work on /opt/airflow/dags/iceberg_dag.py
[2026-03-06T11:19:44.223+0000] {processor.py:830} INFO - Processing file /opt/airflow/dags/iceberg_dag.py for tasks to queue
[2026-03-06T11:19:44.227+0000] {logging_mixin.py:188} INFO - [2026-03-06T11:19:44.226+0000] {dagbag.py:545} INFO - Filling up the DagBag from /opt/airflow/dags/iceberg_dag.py
[2026-03-06T11:19:44.262+0000] {processor.py:840} INFO - DAG(s) 'ecommerce_iceberg_pipeline' retrieved from /opt/airflow/dags/iceberg_dag.py
[2026-03-06T11:19:44.309+0000] {logging_mixin.py:188} INFO - [2026-03-06T11:19:44.309+0000] {dag.py:3089} INFO - Sync 1 DAGs
[2026-03-06T11:19:44.335+0000] {logging_mixin.py:188} INFO - [2026-03-06T11:19:44.335+0000] {dag.py:3947} INFO - Setting next_dagrun for ecommerce_iceberg_pipeline to 2026-03-06 00:00:00+00:00, run_after=2026-03-07 00:00:00+00:00
[2026-03-06T11:19:44.363+0000] {processor.py:183} INFO - Processing /opt/airflow/dags/iceberg_dag.py took 0.152 seconds
[2026-03-06T11:20:14.632+0000] {processor.py:161} INFO - Started process (PID=568) to work on /opt/airflow/dags/iceberg_dag.py
[2026-03-06T11:20:14.633+0000] {processor.py:830} INFO - Processing file /opt/airflow/dags/iceberg_dag.py for tasks to queue
[2026-03-06T11:20:14.636+0000] {logging_mixin.py:188} INFO - [2026-03-06T11:20:14.636+0000] {dagbag.py:545} INFO - Filling up the DagBag from /opt/airflow/dags/iceberg_dag.py
[2026-03-06T11:20:14.671+0000] {processor.py:840} INFO - DAG(s) 'ecommerce_iceberg_pipeline' retrieved from /opt/airflow/dags/iceberg_dag.py
[2026-03-06T11:20:14.709+0000] {logging_mixin.py:188} INFO - [2026-03-06T11:20:14.709+0000] {dag.py:3089} INFO - Sync 1 DAGs
[2026-03-06T11:20:14.733+0000] {logging_mixin.py:188} INFO - [2026-03-06T11:20:14.733+0000] {dag.py:3947} INFO - Setting next_dagrun for ecommerce_iceberg_pipeline to 2026-03-06 00:00:00+00:00, run_after=2026-03-07 00:00:00+00:00
[2026-03-06T11:20:14.754+0000] {processor.py:183} INFO - Processing /opt/airflow/dags/iceberg_dag.py took 0.133 seconds
[2026-03-06T11:20:44.942+0000] {processor.py:161} INFO - Started process (PID=573) to work on /opt/airflow/dags/iceberg_dag.py
[2026-03-06T11:20:44.948+0000] {processor.py:830} INFO - Processing file /opt/airflow/dags/iceberg_dag.py for tasks to queue
[2026-03-06T11:20:44.951+0000] {logging_mixin.py:188} INFO - [2026-03-06T11:20:44.950+0000] {dagbag.py:545} INFO - Filling up the DagBag from /opt/airflow/dags/iceberg_dag.py
[2026-03-06T11:20:44.985+0000] {processor.py:840} INFO - DAG(s) 'ecommerce_iceberg_pipeline' retrieved from /opt/airflow/dags/iceberg_dag.py
[2026-03-06T11:20:45.042+0000] {logging_mixin.py:188} INFO - [2026-03-06T11:20:45.042+0000] {dag.py:3089} INFO - Sync 1 DAGs
[2026-03-06T11:20:45.071+0000] {logging_mixin.py:188} INFO - [2026-03-06T11:20:45.071+0000] {dag.py:3947} INFO - Setting next_dagrun for ecommerce_iceberg_pipeline to 2026-03-06 00:00:00+00:00, run_after=2026-03-07 00:00:00+00:00
[2026-03-06T11:20:45.099+0000] {processor.py:183} INFO - Processing /opt/airflow/dags/iceberg_dag.py took 0.167 seconds
[2026-03-06T11:21:15.602+0000] {processor.py:161} INFO - Started process (PID=578) to work on /opt/airflow/dags/iceberg_dag.py
[2026-03-06T11:21:15.608+0000] {processor.py:830} INFO - Processing file /opt/airflow/dags/iceberg_dag.py for tasks to queue
[2026-03-06T11:21:15.613+0000] {logging_mixin.py:188} INFO - [2026-03-06T11:21:15.612+0000] {dagbag.py:545} INFO - Filling up the DagBag from /opt/airflow/dags/iceberg_dag.py
[2026-03-06T11:21:15.677+0000] {processor.py:840} INFO - DAG(s) 'ecommerce_iceberg_pipeline' retrieved from /opt/airflow/dags/iceberg_dag.py
[2026-03-06T11:21:15.714+0000] {logging_mixin.py:188} INFO - [2026-03-06T11:21:15.714+0000] {dag.py:3089} INFO - Sync 1 DAGs
[2026-03-06T11:21:15.743+0000] {logging_mixin.py:188} INFO - [2026-03-06T11:21:15.743+0000] {dag.py:3947} INFO - Setting next_dagrun for ecommerce_iceberg_pipeline to 2026-03-06 00:00:00+00:00, run_after=2026-03-07 00:00:00+00:00
[2026-03-06T11:21:15.776+0000] {processor.py:183} INFO - Processing /opt/airflow/dags/iceberg_dag.py took 0.189 seconds
[2026-03-06T11:21:46.015+0000] {processor.py:161} INFO - Started process (PID=583) to work on /opt/airflow/dags/iceberg_dag.py
[2026-03-06T11:21:46.016+0000] {processor.py:830} INFO - Processing file /opt/airflow/dags/iceberg_dag.py for tasks to queue
[2026-03-06T11:21:46.019+0000] {logging_mixin.py:188} INFO - [2026-03-06T11:21:46.019+0000] {dagbag.py:545} INFO - Filling up the DagBag from /opt/airflow/dags/iceberg_dag.py
[2026-03-06T11:21:46.047+0000] {processor.py:840} INFO - DAG(s) 'ecommerce_iceberg_pipeline' retrieved from /opt/airflow/dags/iceberg_dag.py
[2026-03-06T11:21:46.089+0000] {logging_mixin.py:188} INFO - [2026-03-06T11:21:46.088+0000] {dag.py:3089} INFO - Sync 1 DAGs
[2026-03-06T11:21:46.114+0000] {logging_mixin.py:188} INFO - [2026-03-06T11:21:46.114+0000] {dag.py:3947} INFO - Setting next_dagrun for ecommerce_iceberg_pipeline to 2026-03-06 00:00:00+00:00, run_after=2026-03-07 00:00:00+00:00
[2026-03-06T11:21:46.141+0000] {processor.py:183} INFO - Processing /opt/airflow/dags/iceberg_dag.py took 0.136 seconds
[2026-03-06T11:22:16.472+0000] {processor.py:161} INFO - Started process (PID=588) to work on /opt/airflow/dags/iceberg_dag.py
[2026-03-06T11:22:16.474+0000] {processor.py:830} INFO - Processing file /opt/airflow/dags/iceberg_dag.py for tasks to queue
[2026-03-06T11:22:16.476+0000] {logging_mixin.py:188} INFO - [2026-03-06T11:22:16.476+0000] {dagbag.py:545} INFO - Filling up the DagBag from /opt/airflow/dags/iceberg_dag.py
[2026-03-06T11:22:16.504+0000] {processor.py:840} INFO - DAG(s) 'ecommerce_iceberg_pipeline' retrieved from /opt/airflow/dags/iceberg_dag.py
[2026-03-06T11:22:16.550+0000] {logging_mixin.py:188} INFO - [2026-03-06T11:22:16.549+0000] {dag.py:3089} INFO - Sync 1 DAGs
[2026-03-06T11:22:16.582+0000] {logging_mixin.py:188} INFO - [2026-03-06T11:22:16.581+0000] {dag.py:3947} INFO - Setting next_dagrun for ecommerce_iceberg_pipeline to 2026-03-06 00:00:00+00:00, run_after=2026-03-07 00:00:00+00:00
[2026-03-06T11:22:16.613+0000] {processor.py:183} INFO - Processing /opt/airflow/dags/iceberg_dag.py took 0.157 seconds
[2026-03-06T11:22:46.955+0000] {processor.py:161} INFO - Started process (PID=593) to work on /opt/airflow/dags/iceberg_dag.py
[2026-03-06T11:22:46.956+0000] {processor.py:830} INFO - Processing file /opt/airflow/dags/iceberg_dag.py for tasks to queue
[2026-03-06T11:22:46.958+0000] {logging_mixin.py:188} INFO - [2026-03-06T11:22:46.958+0000] {dagbag.py:545} INFO - Filling up the DagBag from /opt/airflow/dags/iceberg_dag.py
[2026-03-06T11:22:46.992+0000] {processor.py:840} INFO - DAG(s) 'ecommerce_iceberg_pipeline' retrieved from /opt/airflow/dags/iceberg_dag.py
[2026-03-06T11:22:47.031+0000] {logging_mixin.py:188} INFO - [2026-03-06T11:22:47.031+0000] {dag.py:3089} INFO - Sync 1 DAGs
[2026-03-06T11:22:47.058+0000] {logging_mixin.py:188} INFO - [2026-03-06T11:22:47.058+0000] {dag.py:3947} INFO - Setting next_dagrun for ecommerce_iceberg_pipeline to 2026-03-06 00:00:00+00:00, run_after=2026-03-07 00:00:00+00:00
[2026-03-06T11:22:47.083+0000] {processor.py:183} INFO - Processing /opt/airflow/dags/iceberg_dag.py took 0.136 seconds
[2026-03-06T11:23:17.381+0000] {processor.py:161} INFO - Started process (PID=598) to work on /opt/airflow/dags/iceberg_dag.py
[2026-03-06T11:23:17.384+0000] {processor.py:830} INFO - Processing file /opt/airflow/dags/iceberg_dag.py for tasks to queue
[2026-03-06T11:23:17.388+0000] {logging_mixin.py:188} INFO - [2026-03-06T11:23:17.388+0000] {dagbag.py:545} INFO - Filling up the DagBag from /opt/airflow/dags/iceberg_dag.py
[2026-03-06T11:23:17.421+0000] {processor.py:840} INFO - DAG(s) 'ecommerce_iceberg_pipeline' retrieved from /opt/airflow/dags/iceberg_dag.py
[2026-03-06T11:23:17.471+0000] {logging_mixin.py:188} INFO - [2026-03-06T11:23:17.470+0000] {dag.py:3089} INFO - Sync 1 DAGs
[2026-03-06T11:23:17.521+0000] {logging_mixin.py:188} INFO - [2026-03-06T11:23:17.521+0000] {dag.py:3947} INFO - Setting next_dagrun for ecommerce_iceberg_pipeline to 2026-03-06 00:00:00+00:00, run_after=2026-03-07 00:00:00+00:00
[2026-03-06T11:23:17.558+0000] {processor.py:183} INFO - Processing /opt/airflow/dags/iceberg_dag.py took 0.188 seconds
[2026-03-06T11:23:47.854+0000] {processor.py:161} INFO - Started process (PID=603) to work on /opt/airflow/dags/iceberg_dag.py
[2026-03-06T11:23:47.855+0000] {processor.py:830} INFO - Processing file /opt/airflow/dags/iceberg_dag.py for tasks to queue
[2026-03-06T11:23:47.862+0000] {logging_mixin.py:188} INFO - [2026-03-06T11:23:47.862+0000] {dagbag.py:545} INFO - Filling up the DagBag from /opt/airflow/dags/iceberg_dag.py
[2026-03-06T11:23:47.896+0000] {processor.py:840} INFO - DAG(s) 'ecommerce_iceberg_pipeline' retrieved from /opt/airflow/dags/iceberg_dag.py
[2026-03-06T11:23:47.935+0000] {logging_mixin.py:188} INFO - [2026-03-06T11:23:47.935+0000] {dag.py:3089} INFO - Sync 1 DAGs
[2026-03-06T11:23:47.959+0000] {logging_mixin.py:188} INFO - [2026-03-06T11:23:47.958+0000] {dag.py:3947} INFO - Setting next_dagrun for ecommerce_iceberg_pipeline to 2026-03-06 00:00:00+00:00, run_after=2026-03-07 00:00:00+00:00
[2026-03-06T11:23:47.985+0000] {processor.py:183} INFO - Processing /opt/airflow/dags/iceberg_dag.py took 0.140 seconds
[2026-03-06T11:24:18.337+0000] {processor.py:161} INFO - Started process (PID=608) to work on /opt/airflow/dags/iceberg_dag.py
[2026-03-06T11:24:18.339+0000] {processor.py:830} INFO - Processing file /opt/airflow/dags/iceberg_dag.py for tasks to queue
[2026-03-06T11:24:18.347+0000] {logging_mixin.py:188} INFO - [2026-03-06T11:24:18.346+0000] {dagbag.py:545} INFO - Filling up the DagBag from /opt/airflow/dags/iceberg_dag.py
[2026-03-06T11:24:18.386+0000] {processor.py:840} INFO - DAG(s) 'ecommerce_iceberg_pipeline' retrieved from /opt/airflow/dags/iceberg_dag.py
[2026-03-06T11:24:18.425+0000] {logging_mixin.py:188} INFO - [2026-03-06T11:24:18.425+0000] {dag.py:3089} INFO - Sync 1 DAGs
[2026-03-06T11:24:18.447+0000] {logging_mixin.py:188} INFO - [2026-03-06T11:24:18.447+0000] {dag.py:3947} INFO - Setting next_dagrun for ecommerce_iceberg_pipeline to 2026-03-06 00:00:00+00:00, run_after=2026-03-07 00:00:00+00:00
[2026-03-06T11:24:18.481+0000] {processor.py:183} INFO - Processing /opt/airflow/dags/iceberg_dag.py took 0.165 seconds
[2026-03-06T11:24:48.817+0000] {processor.py:161} INFO - Started process (PID=613) to work on /opt/airflow/dags/iceberg_dag.py
[2026-03-06T11:24:48.818+0000] {processor.py:830} INFO - Processing file /opt/airflow/dags/iceberg_dag.py for tasks to queue
[2026-03-06T11:24:48.820+0000] {logging_mixin.py:188} INFO - [2026-03-06T11:24:48.820+0000] {dagbag.py:545} INFO - Filling up the DagBag from /opt/airflow/dags/iceberg_dag.py
[2026-03-06T11:24:48.849+0000] {processor.py:840} INFO - DAG(s) 'ecommerce_iceberg_pipeline' retrieved from /opt/airflow/dags/iceberg_dag.py
[2026-03-06T11:24:48.889+0000] {logging_mixin.py:188} INFO - [2026-03-06T11:24:48.889+0000] {dag.py:3089} INFO - Sync 1 DAGs
[2026-03-06T11:24:48.915+0000] {logging_mixin.py:188} INFO - [2026-03-06T11:24:48.914+0000] {dag.py:3947} INFO - Setting next_dagrun for ecommerce_iceberg_pipeline to 2026-03-06 00:00:00+00:00, run_after=2026-03-07 00:00:00+00:00
[2026-03-06T11:24:48.938+0000] {processor.py:183} INFO - Processing /opt/airflow/dags/iceberg_dag.py took 0.129 seconds
[2026-03-06T11:25:19.392+0000] {processor.py:161} INFO - Started process (PID=618) to work on /opt/airflow/dags/iceberg_dag.py
[2026-03-06T11:25:19.393+0000] {processor.py:830} INFO - Processing file /opt/airflow/dags/iceberg_dag.py for tasks to queue
[2026-03-06T11:25:19.396+0000] {logging_mixin.py:188} INFO - [2026-03-06T11:25:19.396+0000] {dagbag.py:545} INFO - Filling up the DagBag from /opt/airflow/dags/iceberg_dag.py
[2026-03-06T11:25:19.424+0000] {processor.py:840} INFO - DAG(s) 'ecommerce_iceberg_pipeline' retrieved from /opt/airflow/dags/iceberg_dag.py
[2026-03-06T11:25:19.465+0000] {logging_mixin.py:188} INFO - [2026-03-06T11:25:19.465+0000] {dag.py:3089} INFO - Sync 1 DAGs
[2026-03-06T11:25:19.488+0000] {logging_mixin.py:188} INFO - [2026-03-06T11:25:19.488+0000] {dag.py:3947} INFO - Setting next_dagrun for ecommerce_iceberg_pipeline to 2026-03-06 00:00:00+00:00, run_after=2026-03-07 00:00:00+00:00
[2026-03-06T11:25:19.515+0000] {processor.py:183} INFO - Processing /opt/airflow/dags/iceberg_dag.py took 0.131 seconds
[2026-03-06T11:25:49.765+0000] {processor.py:161} INFO - Started process (PID=623) to work on /opt/airflow/dags/iceberg_dag.py
[2026-03-06T11:25:49.767+0000] {processor.py:830} INFO - Processing file /opt/airflow/dags/iceberg_dag.py for tasks to queue
[2026-03-06T11:25:49.769+0000] {logging_mixin.py:188} INFO - [2026-03-06T11:25:49.769+0000] {dagbag.py:545} INFO - Filling up the DagBag from /opt/airflow/dags/iceberg_dag.py
[2026-03-06T11:25:49.800+0000] {processor.py:840} INFO - DAG(s) 'ecommerce_iceberg_pipeline' retrieved from /opt/airflow/dags/iceberg_dag.py
[2026-03-06T11:25:49.840+0000] {logging_mixin.py:188} INFO - [2026-03-06T11:25:49.840+0000] {dag.py:3089} INFO - Sync 1 DAGs
[2026-03-06T11:25:49.864+0000] {logging_mixin.py:188} INFO - [2026-03-06T11:25:49.864+0000] {dag.py:3947} INFO - Setting next_dagrun for ecommerce_iceberg_pipeline to 2026-03-06 00:00:00+00:00, run_after=2026-03-07 00:00:00+00:00
[2026-03-06T11:25:49.891+0000] {processor.py:183} INFO - Processing /opt/airflow/dags/iceberg_dag.py took 0.138 seconds
[2026-03-06T11:26:21.045+0000] {processor.py:161} INFO - Started process (PID=628) to work on /opt/airflow/dags/iceberg_dag.py
[2026-03-06T11:26:21.058+0000] {processor.py:830} INFO - Processing file /opt/airflow/dags/iceberg_dag.py for tasks to queue
[2026-03-06T11:26:21.066+0000] {logging_mixin.py:188} INFO - [2026-03-06T11:26:21.065+0000] {dagbag.py:545} INFO - Filling up the DagBag from /opt/airflow/dags/iceberg_dag.py
[2026-03-06T11:26:21.125+0000] {processor.py:840} INFO - DAG(s) 'ecommerce_iceberg_pipeline' retrieved from /opt/airflow/dags/iceberg_dag.py
[2026-03-06T11:26:21.229+0000] {logging_mixin.py:188} INFO - [2026-03-06T11:26:21.229+0000] {dag.py:3089} INFO - Sync 1 DAGs
[2026-03-06T11:26:21.287+0000] {logging_mixin.py:188} INFO - [2026-03-06T11:26:21.287+0000] {dag.py:3947} INFO - Setting next_dagrun for ecommerce_iceberg_pipeline to 2026-03-06 00:00:00+00:00, run_after=2026-03-07 00:00:00+00:00
[2026-03-06T11:26:21.341+0000] {processor.py:183} INFO - Processing /opt/airflow/dags/iceberg_dag.py took 0.321 seconds
[2026-03-06T11:26:52.210+0000] {processor.py:161} INFO - Started process (PID=633) to work on /opt/airflow/dags/iceberg_dag.py
[2026-03-06T11:26:52.212+0000] {processor.py:830} INFO - Processing file /opt/airflow/dags/iceberg_dag.py for tasks to queue
[2026-03-06T11:26:52.216+0000] {logging_mixin.py:188} INFO - [2026-03-06T11:26:52.215+0000] {dagbag.py:545} INFO - Filling up the DagBag from /opt/airflow/dags/iceberg_dag.py
[2026-03-06T11:26:52.269+0000] {processor.py:840} INFO - DAG(s) 'ecommerce_iceberg_pipeline' retrieved from /opt/airflow/dags/iceberg_dag.py
[2026-03-06T11:26:52.386+0000] {logging_mixin.py:188} INFO - [2026-03-06T11:26:52.386+0000] {dag.py:3089} INFO - Sync 1 DAGs
[2026-03-06T11:26:52.461+0000] {logging_mixin.py:188} INFO - [2026-03-06T11:26:52.461+0000] {dag.py:3947} INFO - Setting next_dagrun for ecommerce_iceberg_pipeline to 2026-03-06 00:00:00+00:00, run_after=2026-03-07 00:00:00+00:00
[2026-03-06T11:26:52.542+0000] {processor.py:183} INFO - Processing /opt/airflow/dags/iceberg_dag.py took 0.346 seconds
[2026-03-06T11:27:22.940+0000] {processor.py:161} INFO - Started process (PID=638) to work on /opt/airflow/dags/iceberg_dag.py
[2026-03-06T11:27:22.943+0000] {processor.py:830} INFO - Processing file /opt/airflow/dags/iceberg_dag.py for tasks to queue
[2026-03-06T11:27:22.947+0000] {logging_mixin.py:188} INFO - [2026-03-06T11:27:22.946+0000] {dagbag.py:545} INFO - Filling up the DagBag from /opt/airflow/dags/iceberg_dag.py
[2026-03-06T11:27:22.986+0000] {processor.py:840} INFO - DAG(s) 'ecommerce_iceberg_pipeline' retrieved from /opt/airflow/dags/iceberg_dag.py
[2026-03-06T11:27:23.028+0000] {logging_mixin.py:188} INFO - [2026-03-06T11:27:23.028+0000] {dag.py:3089} INFO - Sync 1 DAGs
[2026-03-06T11:27:23.063+0000] {logging_mixin.py:188} INFO - [2026-03-06T11:27:23.062+0000] {dag.py:3947} INFO - Setting next_dagrun for ecommerce_iceberg_pipeline to 2026-03-06 00:00:00+00:00, run_after=2026-03-07 00:00:00+00:00
[2026-03-06T11:27:23.096+0000] {processor.py:183} INFO - Processing /opt/airflow/dags/iceberg_dag.py took 0.165 seconds
[2026-03-06T11:27:53.440+0000] {processor.py:161} INFO - Started process (PID=643) to work on /opt/airflow/dags/iceberg_dag.py
[2026-03-06T11:27:53.457+0000] {processor.py:830} INFO - Processing file /opt/airflow/dags/iceberg_dag.py for tasks to queue
[2026-03-06T11:27:53.474+0000] {logging_mixin.py:188} INFO - [2026-03-06T11:27:53.473+0000] {dagbag.py:545} INFO - Filling up the DagBag from /opt/airflow/dags/iceberg_dag.py
[2026-03-06T11:27:53.574+0000] {processor.py:840} INFO - DAG(s) 'ecommerce_iceberg_pipeline' retrieved from /opt/airflow/dags/iceberg_dag.py
[2026-03-06T11:27:53.705+0000] {logging_mixin.py:188} INFO - [2026-03-06T11:27:53.704+0000] {dag.py:3089} INFO - Sync 1 DAGs
[2026-03-06T11:27:53.831+0000] {logging_mixin.py:188} INFO - [2026-03-06T11:27:53.830+0000] {dag.py:3947} INFO - Setting next_dagrun for ecommerce_iceberg_pipeline to 2026-03-06 00:00:00+00:00, run_after=2026-03-07 00:00:00+00:00
[2026-03-06T11:27:53.891+0000] {processor.py:183} INFO - Processing /opt/airflow/dags/iceberg_dag.py took 0.468 seconds
[2026-03-06T11:28:24.325+0000] {processor.py:161} INFO - Started process (PID=648) to work on /opt/airflow/dags/iceberg_dag.py
[2026-03-06T11:28:24.328+0000] {processor.py:830} INFO - Processing file /opt/airflow/dags/iceberg_dag.py for tasks to queue
[2026-03-06T11:28:24.330+0000] {logging_mixin.py:188} INFO - [2026-03-06T11:28:24.330+0000] {dagbag.py:545} INFO - Filling up the DagBag from /opt/airflow/dags/iceberg_dag.py
[2026-03-06T11:28:24.366+0000] {processor.py:840} INFO - DAG(s) 'ecommerce_iceberg_pipeline' retrieved from /opt/airflow/dags/iceberg_dag.py
[2026-03-06T11:28:24.412+0000] {logging_mixin.py:188} INFO - [2026-03-06T11:28:24.411+0000] {dag.py:3089} INFO - Sync 1 DAGs
[2026-03-06T11:28:24.524+0000] {logging_mixin.py:188} INFO - [2026-03-06T11:28:24.524+0000] {dag.py:3947} INFO - Setting next_dagrun for ecommerce_iceberg_pipeline to 2026-03-06 00:00:00+00:00, run_after=2026-03-07 00:00:00+00:00
[2026-03-06T11:28:24.569+0000] {processor.py:183} INFO - Processing /opt/airflow/dags/iceberg_dag.py took 0.291 seconds
[2026-03-06T11:28:54.807+0000] {processor.py:161} INFO - Started process (PID=653) to work on /opt/airflow/dags/iceberg_dag.py
[2026-03-06T11:28:54.810+0000] {processor.py:830} INFO - Processing file /opt/airflow/dags/iceberg_dag.py for tasks to queue
[2026-03-06T11:28:54.815+0000] {logging_mixin.py:188} INFO - [2026-03-06T11:28:54.814+0000] {dagbag.py:545} INFO - Filling up the DagBag from /opt/airflow/dags/iceberg_dag.py
[2026-03-06T11:28:54.860+0000] {processor.py:840} INFO - DAG(s) 'ecommerce_iceberg_pipeline' retrieved from /opt/airflow/dags/iceberg_dag.py
[2026-03-06T11:28:54.922+0000] {logging_mixin.py:188} INFO - [2026-03-06T11:28:54.922+0000] {dag.py:3089} INFO - Sync 1 DAGs
[2026-03-06T11:28:54.972+0000] {logging_mixin.py:188} INFO - [2026-03-06T11:28:54.972+0000] {dag.py:3947} INFO - Setting next_dagrun for ecommerce_iceberg_pipeline to 2026-03-06 00:00:00+00:00, run_after=2026-03-07 00:00:00+00:00
[2026-03-06T11:28:55.017+0000] {processor.py:183} INFO - Processing /opt/airflow/dags/iceberg_dag.py took 0.219 seconds
[2026-03-06T11:29:25.658+0000] {processor.py:161} INFO - Started process (PID=658) to work on /opt/airflow/dags/iceberg_dag.py
[2026-03-06T11:29:25.671+0000] {processor.py:830} INFO - Processing file /opt/airflow/dags/iceberg_dag.py for tasks to queue
[2026-03-06T11:29:25.687+0000] {logging_mixin.py:188} INFO - [2026-03-06T11:29:25.682+0000] {dagbag.py:545} INFO - Filling up the DagBag from /opt/airflow/dags/iceberg_dag.py
[2026-03-06T11:29:25.775+0000] {processor.py:840} INFO - DAG(s) 'ecommerce_iceberg_pipeline' retrieved from /opt/airflow/dags/iceberg_dag.py
[2026-03-06T11:29:25.967+0000] {logging_mixin.py:188} INFO - [2026-03-06T11:29:25.966+0000] {dag.py:3089} INFO - Sync 1 DAGs
[2026-03-06T11:29:27.093+0000] {logging_mixin.py:188} INFO - [2026-03-06T11:29:27.092+0000] {dag.py:3947} INFO - Setting next_dagrun for ecommerce_iceberg_pipeline to 2026-03-06 00:00:00+00:00, run_after=2026-03-07 00:00:00+00:00
[2026-03-06T11:29:27.716+0000] {processor.py:183} INFO - Processing /opt/airflow/dags/iceberg_dag.py took 2.072 seconds
[2026-03-06T11:29:59.422+0000] {processor.py:161} INFO - Started process (PID=663) to work on /opt/airflow/dags/iceberg_dag.py
[2026-03-06T11:29:59.424+0000] {processor.py:830} INFO - Processing file /opt/airflow/dags/iceberg_dag.py for tasks to queue
[2026-03-06T11:29:59.433+0000] {logging_mixin.py:188} INFO - [2026-03-06T11:29:59.431+0000] {dagbag.py:545} INFO - Filling up the DagBag from /opt/airflow/dags/iceberg_dag.py
[2026-03-06T11:29:59.492+0000] {processor.py:840} INFO - DAG(s) 'ecommerce_iceberg_pipeline' retrieved from /opt/airflow/dags/iceberg_dag.py
[2026-03-06T11:29:59.557+0000] {logging_mixin.py:188} INFO - [2026-03-06T11:29:59.557+0000] {dag.py:3089} INFO - Sync 1 DAGs
[2026-03-06T11:29:59.600+0000] {logging_mixin.py:188} INFO - [2026-03-06T11:29:59.599+0000] {dag.py:3947} INFO - Setting next_dagrun for ecommerce_iceberg_pipeline to 2026-03-06 00:00:00+00:00, run_after=2026-03-07 00:00:00+00:00
[2026-03-06T11:29:59.630+0000] {processor.py:183} INFO - Processing /opt/airflow/dags/iceberg_dag.py took 0.237 seconds
[2026-03-06T11:30:30.001+0000] {processor.py:161} INFO - Started process (PID=668) to work on /opt/airflow/dags/iceberg_dag.py
[2026-03-06T11:30:30.005+0000] {processor.py:830} INFO - Processing file /opt/airflow/dags/iceberg_dag.py for tasks to queue
[2026-03-06T11:30:30.022+0000] {logging_mixin.py:188} INFO - [2026-03-06T11:30:30.018+0000] {dagbag.py:545} INFO - Filling up the DagBag from /opt/airflow/dags/iceberg_dag.py
[2026-03-06T11:30:30.454+0000] {processor.py:840} INFO - DAG(s) 'ecommerce_iceberg_pipeline' retrieved from /opt/airflow/dags/iceberg_dag.py
[2026-03-06T11:30:31.664+0000] {logging_mixin.py:188} INFO - [2026-03-06T11:30:31.663+0000] {dag.py:3089} INFO - Sync 1 DAGs
[2026-03-06T11:30:32.161+0000] {logging_mixin.py:188} INFO - [2026-03-06T11:30:32.159+0000] {dag.py:3947} INFO - Setting next_dagrun for ecommerce_iceberg_pipeline to 2026-03-06 00:00:00+00:00, run_after=2026-03-07 00:00:00+00:00
[2026-03-06T11:30:32.277+0000] {processor.py:183} INFO - Processing /opt/airflow/dags/iceberg_dag.py took 2.319 seconds
[2026-03-06T11:31:02.590+0000] {processor.py:161} INFO - Started process (PID=673) to work on /opt/airflow/dags/iceberg_dag.py
[2026-03-06T11:31:02.591+0000] {processor.py:830} INFO - Processing file /opt/airflow/dags/iceberg_dag.py for tasks to queue
[2026-03-06T11:31:02.594+0000] {logging_mixin.py:188} INFO - [2026-03-06T11:31:02.593+0000] {dagbag.py:545} INFO - Filling up the DagBag from /opt/airflow/dags/iceberg_dag.py
[2026-03-06T11:31:02.625+0000] {processor.py:840} INFO - DAG(s) 'ecommerce_iceberg_pipeline' retrieved from /opt/airflow/dags/iceberg_dag.py
[2026-03-06T11:31:02.677+0000] {logging_mixin.py:188} INFO - [2026-03-06T11:31:02.677+0000] {dag.py:3089} INFO - Sync 1 DAGs
[2026-03-06T11:31:02.764+0000] {logging_mixin.py:188} INFO - [2026-03-06T11:31:02.763+0000] {dag.py:3947} INFO - Setting next_dagrun for ecommerce_iceberg_pipeline to 2026-03-06 00:00:00+00:00, run_after=2026-03-07 00:00:00+00:00
[2026-03-06T11:31:02.788+0000] {processor.py:183} INFO - Processing /opt/airflow/dags/iceberg_dag.py took 0.206 seconds
[2026-03-06T11:31:33.319+0000] {processor.py:161} INFO - Started process (PID=678) to work on /opt/airflow/dags/iceberg_dag.py
[2026-03-06T11:31:33.320+0000] {processor.py:830} INFO - Processing file /opt/airflow/dags/iceberg_dag.py for tasks to queue
[2026-03-06T11:31:33.323+0000] {logging_mixin.py:188} INFO - [2026-03-06T11:31:33.323+0000] {dagbag.py:545} INFO - Filling up the DagBag from /opt/airflow/dags/iceberg_dag.py
[2026-03-06T11:31:33.355+0000] {processor.py:840} INFO - DAG(s) 'ecommerce_iceberg_pipeline' retrieved from /opt/airflow/dags/iceberg_dag.py
[2026-03-06T11:31:33.398+0000] {logging_mixin.py:188} INFO - [2026-03-06T11:31:33.398+0000] {dag.py:3089} INFO - Sync 1 DAGs
[2026-03-06T11:31:33.427+0000] {logging_mixin.py:188} INFO - [2026-03-06T11:31:33.427+0000] {dag.py:3947} INFO - Setting next_dagrun for ecommerce_iceberg_pipeline to 2026-03-06 00:00:00+00:00, run_after=2026-03-07 00:00:00+00:00
[2026-03-06T11:31:33.453+0000] {processor.py:183} INFO - Processing /opt/airflow/dags/iceberg_dag.py took 0.172 seconds
[2026-03-06T11:32:03.836+0000] {processor.py:161} INFO - Started process (PID=683) to work on /opt/airflow/dags/iceberg_dag.py
[2026-03-06T11:32:03.840+0000] {processor.py:830} INFO - Processing file /opt/airflow/dags/iceberg_dag.py for tasks to queue
[2026-03-06T11:32:03.845+0000] {logging_mixin.py:188} INFO - [2026-03-06T11:32:03.845+0000] {dagbag.py:545} INFO - Filling up the DagBag from /opt/airflow/dags/iceberg_dag.py
[2026-03-06T11:32:03.885+0000] {processor.py:840} INFO - DAG(s) 'ecommerce_iceberg_pipeline' retrieved from /opt/airflow/dags/iceberg_dag.py
[2026-03-06T11:32:03.945+0000] {logging_mixin.py:188} INFO - [2026-03-06T11:32:03.945+0000] {dag.py:3089} INFO - Sync 1 DAGs
[2026-03-06T11:32:03.974+0000] {logging_mixin.py:188} INFO - [2026-03-06T11:32:03.974+0000] {dag.py:3947} INFO - Setting next_dagrun for ecommerce_iceberg_pipeline to 2026-03-06 00:00:00+00:00, run_after=2026-03-07 00:00:00+00:00
[2026-03-06T11:32:03.997+0000] {processor.py:183} INFO - Processing /opt/airflow/dags/iceberg_dag.py took 0.172 seconds
[2026-03-06T11:32:34.647+0000] {processor.py:161} INFO - Started process (PID=688) to work on /opt/airflow/dags/iceberg_dag.py
[2026-03-06T11:32:34.649+0000] {processor.py:830} INFO - Processing file /opt/airflow/dags/iceberg_dag.py for tasks to queue
[2026-03-06T11:32:34.651+0000] {logging_mixin.py:188} INFO - [2026-03-06T11:32:34.650+0000] {dagbag.py:545} INFO - Filling up the DagBag from /opt/airflow/dags/iceberg_dag.py
[2026-03-06T11:32:34.682+0000] {processor.py:840} INFO - DAG(s) 'ecommerce_iceberg_pipeline' retrieved from /opt/airflow/dags/iceberg_dag.py
[2026-03-06T11:32:34.728+0000] {logging_mixin.py:188} INFO - [2026-03-06T11:32:34.728+0000] {dag.py:3089} INFO - Sync 1 DAGs
[2026-03-06T11:32:34.757+0000] {logging_mixin.py:188} INFO - [2026-03-06T11:32:34.756+0000] {dag.py:3947} INFO - Setting next_dagrun for ecommerce_iceberg_pipeline to 2026-03-06 00:00:00+00:00, run_after=2026-03-07 00:00:00+00:00
[2026-03-06T11:32:34.797+0000] {processor.py:183} INFO - Processing /opt/airflow/dags/iceberg_dag.py took 0.159 seconds
[2026-03-06T11:32:38.909+0000] {processor.py:161} INFO - Started process (PID=693) to work on /opt/airflow/dags/iceberg_dag.py
[2026-03-06T11:32:38.911+0000] {processor.py:830} INFO - Processing file /opt/airflow/dags/iceberg_dag.py for tasks to queue
[2026-03-06T11:32:38.917+0000] {logging_mixin.py:188} INFO - [2026-03-06T11:32:38.916+0000] {dagbag.py:545} INFO - Filling up the DagBag from /opt/airflow/dags/iceberg_dag.py
[2026-03-06T11:32:38.993+0000] {processor.py:840} INFO - DAG(s) 'ecommerce_iceberg_pipeline' retrieved from /opt/airflow/dags/iceberg_dag.py
[2026-03-06T11:32:39.053+0000] {logging_mixin.py:188} INFO - [2026-03-06T11:32:39.053+0000] {dag.py:3089} INFO - Sync 1 DAGs
[2026-03-06T11:32:39.089+0000] {logging_mixin.py:188} INFO - [2026-03-06T11:32:39.089+0000] {dag.py:3947} INFO - Setting next_dagrun for ecommerce_iceberg_pipeline to 2026-03-06 00:00:00+00:00, run_after=2026-03-07 00:00:00+00:00
[2026-03-06T11:32:39.134+0000] {processor.py:183} INFO - Processing /opt/airflow/dags/iceberg_dag.py took 0.244 seconds
[2026-03-06T11:33:09.454+0000] {processor.py:161} INFO - Started process (PID=698) to work on /opt/airflow/dags/iceberg_dag.py
[2026-03-06T11:33:09.456+0000] {processor.py:830} INFO - Processing file /opt/airflow/dags/iceberg_dag.py for tasks to queue
[2026-03-06T11:33:09.463+0000] {logging_mixin.py:188} INFO - [2026-03-06T11:33:09.462+0000] {dagbag.py:545} INFO - Filling up the DagBag from /opt/airflow/dags/iceberg_dag.py
[2026-03-06T11:33:09.581+0000] {processor.py:840} INFO - DAG(s) 'ecommerce_iceberg_pipeline' retrieved from /opt/airflow/dags/iceberg_dag.py
[2026-03-06T11:33:09.691+0000] {logging_mixin.py:188} INFO - [2026-03-06T11:33:09.691+0000] {dag.py:3089} INFO - Sync 1 DAGs
[2026-03-06T11:33:09.737+0000] {logging_mixin.py:188} INFO - [2026-03-06T11:33:09.737+0000] {dag.py:3947} INFO - Setting next_dagrun for ecommerce_iceberg_pipeline to 2026-03-06 00:00:00+00:00, run_after=2026-03-07 00:00:00+00:00
[2026-03-06T11:33:09.782+0000] {processor.py:183} INFO - Processing /opt/airflow/dags/iceberg_dag.py took 0.369 seconds
[2026-03-06T11:33:40.202+0000] {processor.py:161} INFO - Started process (PID=703) to work on /opt/airflow/dags/iceberg_dag.py
[2026-03-06T11:33:40.204+0000] {processor.py:830} INFO - Processing file /opt/airflow/dags/iceberg_dag.py for tasks to queue
[2026-03-06T11:33:40.207+0000] {logging_mixin.py:188} INFO - [2026-03-06T11:33:40.206+0000] {dagbag.py:545} INFO - Filling up the DagBag from /opt/airflow/dags/iceberg_dag.py
[2026-03-06T11:33:40.247+0000] {processor.py:840} INFO - DAG(s) 'ecommerce_iceberg_pipeline' retrieved from /opt/airflow/dags/iceberg_dag.py
[2026-03-06T11:33:40.288+0000] {logging_mixin.py:188} INFO - [2026-03-06T11:33:40.288+0000] {dag.py:3089} INFO - Sync 1 DAGs
[2026-03-06T11:33:40.314+0000] {logging_mixin.py:188} INFO - [2026-03-06T11:33:40.314+0000] {dag.py:3947} INFO - Setting next_dagrun for ecommerce_iceberg_pipeline to 2026-03-06 00:00:00+00:00, run_after=2026-03-07 00:00:00+00:00
[2026-03-06T11:33:40.342+0000] {processor.py:183} INFO - Processing /opt/airflow/dags/iceberg_dag.py took 0.148 seconds
[2026-03-06T11:34:10.620+0000] {processor.py:161} INFO - Started process (PID=708) to work on /opt/airflow/dags/iceberg_dag.py
[2026-03-06T11:34:10.624+0000] {processor.py:830} INFO - Processing file /opt/airflow/dags/iceberg_dag.py for tasks to queue
[2026-03-06T11:34:10.628+0000] {logging_mixin.py:188} INFO - [2026-03-06T11:34:10.628+0000] {dagbag.py:545} INFO - Filling up the DagBag from /opt/airflow/dags/iceberg_dag.py
[2026-03-06T11:34:10.664+0000] {processor.py:840} INFO - DAG(s) 'ecommerce_iceberg_pipeline' retrieved from /opt/airflow/dags/iceberg_dag.py
[2026-03-06T11:34:10.708+0000] {logging_mixin.py:188} INFO - [2026-03-06T11:34:10.708+0000] {dag.py:3089} INFO - Sync 1 DAGs
[2026-03-06T11:34:10.734+0000] {logging_mixin.py:188} INFO - [2026-03-06T11:34:10.734+0000] {dag.py:3947} INFO - Setting next_dagrun for ecommerce_iceberg_pipeline to 2026-03-06 00:00:00+00:00, run_after=2026-03-07 00:00:00+00:00
[2026-03-06T11:34:10.757+0000] {processor.py:183} INFO - Processing /opt/airflow/dags/iceberg_dag.py took 0.147 seconds
[2026-03-06T11:34:41.040+0000] {processor.py:161} INFO - Started process (PID=713) to work on /opt/airflow/dags/iceberg_dag.py
[2026-03-06T11:34:41.047+0000] {processor.py:830} INFO - Processing file /opt/airflow/dags/iceberg_dag.py for tasks to queue
[2026-03-06T11:34:41.051+0000] {logging_mixin.py:188} INFO - [2026-03-06T11:34:41.050+0000] {dagbag.py:545} INFO - Filling up the DagBag from /opt/airflow/dags/iceberg_dag.py
[2026-03-06T11:34:41.087+0000] {processor.py:840} INFO - DAG(s) 'ecommerce_iceberg_pipeline' retrieved from /opt/airflow/dags/iceberg_dag.py
[2026-03-06T11:34:41.128+0000] {logging_mixin.py:188} INFO - [2026-03-06T11:34:41.128+0000] {dag.py:3089} INFO - Sync 1 DAGs
[2026-03-06T11:34:41.154+0000] {logging_mixin.py:188} INFO - [2026-03-06T11:34:41.154+0000] {dag.py:3947} INFO - Setting next_dagrun for ecommerce_iceberg_pipeline to 2026-03-06 00:00:00+00:00, run_after=2026-03-07 00:00:00+00:00
[2026-03-06T11:34:41.182+0000] {processor.py:183} INFO - Processing /opt/airflow/dags/iceberg_dag.py took 0.159 seconds
[2026-03-06T11:35:11.422+0000] {processor.py:161} INFO - Started process (PID=718) to work on /opt/airflow/dags/iceberg_dag.py
[2026-03-06T11:35:11.424+0000] {processor.py:830} INFO - Processing file /opt/airflow/dags/iceberg_dag.py for tasks to queue
[2026-03-06T11:35:11.427+0000] {logging_mixin.py:188} INFO - [2026-03-06T11:35:11.426+0000] {dagbag.py:545} INFO - Filling up the DagBag from /opt/airflow/dags/iceberg_dag.py
[2026-03-06T11:35:11.457+0000] {processor.py:840} INFO - DAG(s) 'ecommerce_iceberg_pipeline' retrieved from /opt/airflow/dags/iceberg_dag.py
[2026-03-06T11:35:11.520+0000] {logging_mixin.py:188} INFO - [2026-03-06T11:35:11.510+0000] {dag.py:3089} INFO - Sync 1 DAGs
[2026-03-06T11:35:11.563+0000] {logging_mixin.py:188} INFO - [2026-03-06T11:35:11.562+0000] {dag.py:3947} INFO - Setting next_dagrun for ecommerce_iceberg_pipeline to 2026-03-06 00:00:00+00:00, run_after=2026-03-07 00:00:00+00:00
[2026-03-06T11:35:11.604+0000] {processor.py:183} INFO - Processing /opt/airflow/dags/iceberg_dag.py took 0.191 seconds
[2026-03-06T11:35:41.816+0000] {processor.py:161} INFO - Started process (PID=723) to work on /opt/airflow/dags/iceberg_dag.py
[2026-03-06T11:35:41.817+0000] {processor.py:830} INFO - Processing file /opt/airflow/dags/iceberg_dag.py for tasks to queue
[2026-03-06T11:35:41.822+0000] {logging_mixin.py:188} INFO - [2026-03-06T11:35:41.821+0000] {dagbag.py:545} INFO - Filling up the DagBag from /opt/airflow/dags/iceberg_dag.py
[2026-03-06T11:35:41.864+0000] {processor.py:840} INFO - DAG(s) 'ecommerce_iceberg_pipeline' retrieved from /opt/airflow/dags/iceberg_dag.py
[2026-03-06T11:35:41.910+0000] {logging_mixin.py:188} INFO - [2026-03-06T11:35:41.909+0000] {dag.py:3089} INFO - Sync 1 DAGs
[2026-03-06T11:35:41.956+0000] {logging_mixin.py:188} INFO - [2026-03-06T11:35:41.956+0000] {dag.py:3947} INFO - Setting next_dagrun for ecommerce_iceberg_pipeline to 2026-03-06 00:00:00+00:00, run_after=2026-03-07 00:00:00+00:00
[2026-03-06T11:35:41.985+0000] {processor.py:183} INFO - Processing /opt/airflow/dags/iceberg_dag.py took 0.179 seconds
[2026-03-06T11:36:12.381+0000] {processor.py:161} INFO - Started process (PID=728) to work on /opt/airflow/dags/iceberg_dag.py
[2026-03-06T11:36:12.383+0000] {processor.py:830} INFO - Processing file /opt/airflow/dags/iceberg_dag.py for tasks to queue
[2026-03-06T11:36:12.386+0000] {logging_mixin.py:188} INFO - [2026-03-06T11:36:12.386+0000] {dagbag.py:545} INFO - Filling up the DagBag from /opt/airflow/dags/iceberg_dag.py
[2026-03-06T11:36:12.415+0000] {processor.py:840} INFO - DAG(s) 'ecommerce_iceberg_pipeline' retrieved from /opt/airflow/dags/iceberg_dag.py
[2026-03-06T11:36:12.453+0000] {logging_mixin.py:188} INFO - [2026-03-06T11:36:12.453+0000] {dag.py:3089} INFO - Sync 1 DAGs
[2026-03-06T11:36:12.478+0000] {logging_mixin.py:188} INFO - [2026-03-06T11:36:12.477+0000] {dag.py:3947} INFO - Setting next_dagrun for ecommerce_iceberg_pipeline to 2026-03-06 00:00:00+00:00, run_after=2026-03-07 00:00:00+00:00
[2026-03-06T11:36:12.502+0000] {processor.py:183} INFO - Processing /opt/airflow/dags/iceberg_dag.py took 0.128 seconds
[2026-03-06T11:36:42.864+0000] {processor.py:161} INFO - Started process (PID=733) to work on /opt/airflow/dags/iceberg_dag.py
[2026-03-06T11:36:42.866+0000] {processor.py:830} INFO - Processing file /opt/airflow/dags/iceberg_dag.py for tasks to queue
[2026-03-06T11:36:42.868+0000] {logging_mixin.py:188} INFO - [2026-03-06T11:36:42.868+0000] {dagbag.py:545} INFO - Filling up the DagBag from /opt/airflow/dags/iceberg_dag.py
[2026-03-06T11:36:42.897+0000] {processor.py:840} INFO - DAG(s) 'ecommerce_iceberg_pipeline' retrieved from /opt/airflow/dags/iceberg_dag.py
[2026-03-06T11:36:42.936+0000] {logging_mixin.py:188} INFO - [2026-03-06T11:36:42.936+0000] {dag.py:3089} INFO - Sync 1 DAGs
[2026-03-06T11:36:42.960+0000] {logging_mixin.py:188} INFO - [2026-03-06T11:36:42.960+0000] {dag.py:3947} INFO - Setting next_dagrun for ecommerce_iceberg_pipeline to 2026-03-06 00:00:00+00:00, run_after=2026-03-07 00:00:00+00:00
[2026-03-06T11:36:42.985+0000] {processor.py:183} INFO - Processing /opt/airflow/dags/iceberg_dag.py took 0.129 seconds
[2026-03-06T11:37:13.189+0000] {processor.py:161} INFO - Started process (PID=738) to work on /opt/airflow/dags/iceberg_dag.py
[2026-03-06T11:37:13.191+0000] {processor.py:830} INFO - Processing file /opt/airflow/dags/iceberg_dag.py for tasks to queue
[2026-03-06T11:37:13.195+0000] {logging_mixin.py:188} INFO - [2026-03-06T11:37:13.194+0000] {dagbag.py:545} INFO - Filling up the DagBag from /opt/airflow/dags/iceberg_dag.py
[2026-03-06T11:37:13.233+0000] {processor.py:840} INFO - DAG(s) 'ecommerce_iceberg_pipeline' retrieved from /opt/airflow/dags/iceberg_dag.py
[2026-03-06T11:37:13.304+0000] {logging_mixin.py:188} INFO - [2026-03-06T11:37:13.303+0000] {dag.py:3089} INFO - Sync 1 DAGs
[2026-03-06T11:37:13.341+0000] {logging_mixin.py:188} INFO - [2026-03-06T11:37:13.341+0000] {dag.py:3947} INFO - Setting next_dagrun for ecommerce_iceberg_pipeline to 2026-03-06 00:00:00+00:00, run_after=2026-03-07 00:00:00+00:00
[2026-03-06T11:37:13.375+0000] {processor.py:183} INFO - Processing /opt/airflow/dags/iceberg_dag.py took 0.196 seconds
[2026-03-06T11:37:43.846+0000] {processor.py:161} INFO - Started process (PID=743) to work on /opt/airflow/dags/iceberg_dag.py
[2026-03-06T11:37:43.848+0000] {processor.py:830} INFO - Processing file /opt/airflow/dags/iceberg_dag.py for tasks to queue
[2026-03-06T11:37:43.851+0000] {logging_mixin.py:188} INFO - [2026-03-06T11:37:43.850+0000] {dagbag.py:545} INFO - Filling up the DagBag from /opt/airflow/dags/iceberg_dag.py
[2026-03-06T11:37:43.889+0000] {processor.py:840} INFO - DAG(s) 'ecommerce_iceberg_pipeline' retrieved from /opt/airflow/dags/iceberg_dag.py
[2026-03-06T11:37:43.940+0000] {logging_mixin.py:188} INFO - [2026-03-06T11:37:43.940+0000] {dag.py:3089} INFO - Sync 1 DAGs
[2026-03-06T11:37:43.976+0000] {logging_mixin.py:188} INFO - [2026-03-06T11:37:43.976+0000] {dag.py:3947} INFO - Setting next_dagrun for ecommerce_iceberg_pipeline to 2026-03-06 00:00:00+00:00, run_after=2026-03-07 00:00:00+00:00
[2026-03-06T11:37:44.007+0000] {processor.py:183} INFO - Processing /opt/airflow/dags/iceberg_dag.py took 0.181 seconds
[2026-03-06T11:38:14.330+0000] {processor.py:161} INFO - Started process (PID=748) to work on /opt/airflow/dags/iceberg_dag.py
[2026-03-06T11:38:14.332+0000] {processor.py:830} INFO - Processing file /opt/airflow/dags/iceberg_dag.py for tasks to queue
[2026-03-06T11:38:14.334+0000] {logging_mixin.py:188} INFO - [2026-03-06T11:38:14.334+0000] {dagbag.py:545} INFO - Filling up the DagBag from /opt/airflow/dags/iceberg_dag.py
[2026-03-06T11:38:14.368+0000] {processor.py:840} INFO - DAG(s) 'ecommerce_iceberg_pipeline' retrieved from /opt/airflow/dags/iceberg_dag.py
[2026-03-06T11:38:14.419+0000] {logging_mixin.py:188} INFO - [2026-03-06T11:38:14.419+0000] {dag.py:3089} INFO - Sync 1 DAGs
[2026-03-06T11:38:14.448+0000] {logging_mixin.py:188} INFO - [2026-03-06T11:38:14.448+0000] {dag.py:3947} INFO - Setting next_dagrun for ecommerce_iceberg_pipeline to 2026-03-06 00:00:00+00:00, run_after=2026-03-07 00:00:00+00:00
[2026-03-06T11:38:14.469+0000] {processor.py:183} INFO - Processing /opt/airflow/dags/iceberg_dag.py took 0.153 seconds
[2026-03-06T11:38:44.719+0000] {processor.py:161} INFO - Started process (PID=753) to work on /opt/airflow/dags/iceberg_dag.py
[2026-03-06T11:38:44.720+0000] {processor.py:830} INFO - Processing file /opt/airflow/dags/iceberg_dag.py for tasks to queue
[2026-03-06T11:38:44.723+0000] {logging_mixin.py:188} INFO - [2026-03-06T11:38:44.722+0000] {dagbag.py:545} INFO - Filling up the DagBag from /opt/airflow/dags/iceberg_dag.py
[2026-03-06T11:38:44.752+0000] {processor.py:840} INFO - DAG(s) 'ecommerce_iceberg_pipeline' retrieved from /opt/airflow/dags/iceberg_dag.py
[2026-03-06T11:38:44.794+0000] {logging_mixin.py:188} INFO - [2026-03-06T11:38:44.793+0000] {dag.py:3089} INFO - Sync 1 DAGs
[2026-03-06T11:38:44.817+0000] {logging_mixin.py:188} INFO - [2026-03-06T11:38:44.817+0000] {dag.py:3947} INFO - Setting next_dagrun for ecommerce_iceberg_pipeline to 2026-03-06 00:00:00+00:00, run_after=2026-03-07 00:00:00+00:00
[2026-03-06T11:38:44.840+0000] {processor.py:183} INFO - Processing /opt/airflow/dags/iceberg_dag.py took 0.129 seconds
[2026-03-06T11:39:15.098+0000] {processor.py:161} INFO - Started process (PID=758) to work on /opt/airflow/dags/iceberg_dag.py
[2026-03-06T11:39:15.100+0000] {processor.py:830} INFO - Processing file /opt/airflow/dags/iceberg_dag.py for tasks to queue
[2026-03-06T11:39:15.103+0000] {logging_mixin.py:188} INFO - [2026-03-06T11:39:15.102+0000] {dagbag.py:545} INFO - Filling up the DagBag from /opt/airflow/dags/iceberg_dag.py
[2026-03-06T11:39:15.131+0000] {processor.py:840} INFO - DAG(s) 'ecommerce_iceberg_pipeline' retrieved from /opt/airflow/dags/iceberg_dag.py
[2026-03-06T11:39:15.174+0000] {logging_mixin.py:188} INFO - [2026-03-06T11:39:15.174+0000] {dag.py:3089} INFO - Sync 1 DAGs
[2026-03-06T11:39:15.201+0000] {logging_mixin.py:188} INFO - [2026-03-06T11:39:15.200+0000] {dag.py:3947} INFO - Setting next_dagrun for ecommerce_iceberg_pipeline to 2026-03-06 00:00:00+00:00, run_after=2026-03-07 00:00:00+00:00
[2026-03-06T11:39:15.228+0000] {processor.py:183} INFO - Processing /opt/airflow/dags/iceberg_dag.py took 0.139 seconds
[2026-03-06T11:39:45.521+0000] {processor.py:161} INFO - Started process (PID=763) to work on /opt/airflow/dags/iceberg_dag.py
[2026-03-06T11:39:45.523+0000] {processor.py:830} INFO - Processing file /opt/airflow/dags/iceberg_dag.py for tasks to queue
[2026-03-06T11:39:45.526+0000] {logging_mixin.py:188} INFO - [2026-03-06T11:39:45.526+0000] {dagbag.py:545} INFO - Filling up the DagBag from /opt/airflow/dags/iceberg_dag.py
[2026-03-06T11:39:45.564+0000] {processor.py:840} INFO - DAG(s) 'ecommerce_iceberg_pipeline' retrieved from /opt/airflow/dags/iceberg_dag.py
[2026-03-06T11:39:45.605+0000] {logging_mixin.py:188} INFO - [2026-03-06T11:39:45.605+0000] {dag.py:3089} INFO - Sync 1 DAGs
[2026-03-06T11:39:45.638+0000] {logging_mixin.py:188} INFO - [2026-03-06T11:39:45.637+0000] {dag.py:3947} INFO - Setting next_dagrun for ecommerce_iceberg_pipeline to 2026-03-06 00:00:00+00:00, run_after=2026-03-07 00:00:00+00:00
[2026-03-06T11:39:45.661+0000] {processor.py:183} INFO - Processing /opt/airflow/dags/iceberg_dag.py took 0.154 seconds
[2026-03-06T11:40:16.260+0000] {processor.py:161} INFO - Started process (PID=768) to work on /opt/airflow/dags/iceberg_dag.py
[2026-03-06T11:40:16.261+0000] {processor.py:830} INFO - Processing file /opt/airflow/dags/iceberg_dag.py for tasks to queue
[2026-03-06T11:40:16.264+0000] {logging_mixin.py:188} INFO - [2026-03-06T11:40:16.263+0000] {dagbag.py:545} INFO - Filling up the DagBag from /opt/airflow/dags/iceberg_dag.py
[2026-03-06T11:40:16.322+0000] {processor.py:840} INFO - DAG(s) 'ecommerce_iceberg_pipeline' retrieved from /opt/airflow/dags/iceberg_dag.py
[2026-03-06T11:40:16.375+0000] {logging_mixin.py:188} INFO - [2026-03-06T11:40:16.375+0000] {dag.py:3089} INFO - Sync 1 DAGs
[2026-03-06T11:40:16.409+0000] {logging_mixin.py:188} INFO - [2026-03-06T11:40:16.408+0000] {dag.py:3947} INFO - Setting next_dagrun for ecommerce_iceberg_pipeline to 2026-03-06 00:00:00+00:00, run_after=2026-03-07 00:00:00+00:00
[2026-03-06T11:40:16.438+0000] {processor.py:183} INFO - Processing /opt/airflow/dags/iceberg_dag.py took 0.186 seconds
[2026-03-06T11:40:46.683+0000] {processor.py:161} INFO - Started process (PID=773) to work on /opt/airflow/dags/iceberg_dag.py
[2026-03-06T11:40:46.685+0000] {processor.py:830} INFO - Processing file /opt/airflow/dags/iceberg_dag.py for tasks to queue
[2026-03-06T11:40:46.689+0000] {logging_mixin.py:188} INFO - [2026-03-06T11:40:46.689+0000] {dagbag.py:545} INFO - Filling up the DagBag from /opt/airflow/dags/iceberg_dag.py
[2026-03-06T11:40:46.770+0000] {processor.py:840} INFO - DAG(s) 'ecommerce_iceberg_pipeline' retrieved from /opt/airflow/dags/iceberg_dag.py
[2026-03-06T11:40:46.824+0000] {logging_mixin.py:188} INFO - [2026-03-06T11:40:46.824+0000] {dag.py:3089} INFO - Sync 1 DAGs
[2026-03-06T11:40:46.859+0000] {logging_mixin.py:188} INFO - [2026-03-06T11:40:46.859+0000] {dag.py:3947} INFO - Setting next_dagrun for ecommerce_iceberg_pipeline to 2026-03-06 00:00:00+00:00, run_after=2026-03-07 00:00:00+00:00
[2026-03-06T11:40:46.890+0000] {processor.py:183} INFO - Processing /opt/airflow/dags/iceberg_dag.py took 0.221 seconds
[2026-03-06T11:41:17.292+0000] {processor.py:161} INFO - Started process (PID=778) to work on /opt/airflow/dags/iceberg_dag.py
[2026-03-06T11:41:17.294+0000] {processor.py:830} INFO - Processing file /opt/airflow/dags/iceberg_dag.py for tasks to queue
[2026-03-06T11:41:17.298+0000] {logging_mixin.py:188} INFO - [2026-03-06T11:41:17.298+0000] {dagbag.py:545} INFO - Filling up the DagBag from /opt/airflow/dags/iceberg_dag.py
[2026-03-06T11:41:17.371+0000] {processor.py:840} INFO - DAG(s) 'ecommerce_iceberg_pipeline' retrieved from /opt/airflow/dags/iceberg_dag.py
[2026-03-06T11:41:17.440+0000] {logging_mixin.py:188} INFO - [2026-03-06T11:41:17.440+0000] {dag.py:3089} INFO - Sync 1 DAGs
[2026-03-06T11:41:17.464+0000] {logging_mixin.py:188} INFO - [2026-03-06T11:41:17.463+0000] {dag.py:3947} INFO - Setting next_dagrun for ecommerce_iceberg_pipeline to 2026-03-06 00:00:00+00:00, run_after=2026-03-07 00:00:00+00:00
[2026-03-06T11:41:17.489+0000] {processor.py:183} INFO - Processing /opt/airflow/dags/iceberg_dag.py took 0.210 seconds
[2026-03-06T11:41:47.975+0000] {processor.py:161} INFO - Started process (PID=783) to work on /opt/airflow/dags/iceberg_dag.py
[2026-03-06T11:41:47.977+0000] {processor.py:830} INFO - Processing file /opt/airflow/dags/iceberg_dag.py for tasks to queue
[2026-03-06T11:41:47.982+0000] {logging_mixin.py:188} INFO - [2026-03-06T11:41:47.981+0000] {dagbag.py:545} INFO - Filling up the DagBag from /opt/airflow/dags/iceberg_dag.py
[2026-03-06T11:41:48.028+0000] {processor.py:840} INFO - DAG(s) 'ecommerce_iceberg_pipeline' retrieved from /opt/airflow/dags/iceberg_dag.py
[2026-03-06T11:41:48.141+0000] {logging_mixin.py:188} INFO - [2026-03-06T11:41:48.140+0000] {dag.py:3089} INFO - Sync 1 DAGs
[2026-03-06T11:41:48.215+0000] {logging_mixin.py:188} INFO - [2026-03-06T11:41:48.214+0000] {dag.py:3947} INFO - Setting next_dagrun for ecommerce_iceberg_pipeline to 2026-03-06 00:00:00+00:00, run_after=2026-03-07 00:00:00+00:00
[2026-03-06T11:41:48.278+0000] {processor.py:183} INFO - Processing /opt/airflow/dags/iceberg_dag.py took 0.324 seconds
[2026-03-06T11:42:18.450+0000] {processor.py:161} INFO - Started process (PID=788) to work on /opt/airflow/dags/iceberg_dag.py
[2026-03-06T11:42:18.451+0000] {processor.py:830} INFO - Processing file /opt/airflow/dags/iceberg_dag.py for tasks to queue
[2026-03-06T11:42:18.460+0000] {logging_mixin.py:188} INFO - [2026-03-06T11:42:18.459+0000] {dagbag.py:545} INFO - Filling up the DagBag from /opt/airflow/dags/iceberg_dag.py
[2026-03-06T11:42:18.498+0000] {processor.py:840} INFO - DAG(s) 'ecommerce_iceberg_pipeline' retrieved from /opt/airflow/dags/iceberg_dag.py
[2026-03-06T11:42:18.558+0000] {logging_mixin.py:188} INFO - [2026-03-06T11:42:18.557+0000] {dag.py:3089} INFO - Sync 1 DAGs
[2026-03-06T11:42:18.663+0000] {logging_mixin.py:188} INFO - [2026-03-06T11:42:18.663+0000] {dag.py:3947} INFO - Setting next_dagrun for ecommerce_iceberg_pipeline to 2026-03-06 00:00:00+00:00, run_after=2026-03-07 00:00:00+00:00
[2026-03-06T11:42:18.703+0000] {processor.py:183} INFO - Processing /opt/airflow/dags/iceberg_dag.py took 0.272 seconds
[2026-03-06T11:42:49.163+0000] {processor.py:161} INFO - Started process (PID=793) to work on /opt/airflow/dags/iceberg_dag.py
[2026-03-06T11:42:49.164+0000] {processor.py:830} INFO - Processing file /opt/airflow/dags/iceberg_dag.py for tasks to queue
[2026-03-06T11:42:49.168+0000] {logging_mixin.py:188} INFO - [2026-03-06T11:42:49.168+0000] {dagbag.py:545} INFO - Filling up the DagBag from /opt/airflow/dags/iceberg_dag.py
[2026-03-06T11:42:49.201+0000] {processor.py:840} INFO - DAG(s) 'ecommerce_iceberg_pipeline' retrieved from /opt/airflow/dags/iceberg_dag.py
[2026-03-06T11:42:49.254+0000] {logging_mixin.py:188} INFO - [2026-03-06T11:42:49.254+0000] {dag.py:3089} INFO - Sync 1 DAGs
[2026-03-06T11:42:49.278+0000] {logging_mixin.py:188} INFO - [2026-03-06T11:42:49.278+0000] {dag.py:3947} INFO - Setting next_dagrun for ecommerce_iceberg_pipeline to 2026-03-06 00:00:00+00:00, run_after=2026-03-07 00:00:00+00:00
[2026-03-06T11:42:49.308+0000] {processor.py:183} INFO - Processing /opt/airflow/dags/iceberg_dag.py took 0.152 seconds
[2026-03-06T11:43:19.953+0000] {processor.py:161} INFO - Started process (PID=798) to work on /opt/airflow/dags/iceberg_dag.py
[2026-03-06T11:43:19.955+0000] {processor.py:830} INFO - Processing file /opt/airflow/dags/iceberg_dag.py for tasks to queue
[2026-03-06T11:43:19.970+0000] {logging_mixin.py:188} INFO - [2026-03-06T11:43:19.969+0000] {dagbag.py:545} INFO - Filling up the DagBag from /opt/airflow/dags/iceberg_dag.py
[2026-03-06T11:43:20.069+0000] {processor.py:840} INFO - DAG(s) 'ecommerce_iceberg_pipeline' retrieved from /opt/airflow/dags/iceberg_dag.py
[2026-03-06T11:43:20.264+0000] {logging_mixin.py:188} INFO - [2026-03-06T11:43:20.262+0000] {dag.py:3089} INFO - Sync 1 DAGs
[2026-03-06T11:43:20.342+0000] {logging_mixin.py:188} INFO - [2026-03-06T11:43:20.341+0000] {dag.py:3947} INFO - Setting next_dagrun for ecommerce_iceberg_pipeline to 2026-03-06 00:00:00+00:00, run_after=2026-03-07 00:00:00+00:00
[2026-03-06T11:43:20.412+0000] {processor.py:183} INFO - Processing /opt/airflow/dags/iceberg_dag.py took 0.490 seconds
[2026-03-06T11:43:51.000+0000] {processor.py:161} INFO - Started process (PID=803) to work on /opt/airflow/dags/iceberg_dag.py
[2026-03-06T11:43:51.001+0000] {processor.py:830} INFO - Processing file /opt/airflow/dags/iceberg_dag.py for tasks to queue
[2026-03-06T11:43:51.007+0000] {logging_mixin.py:188} INFO - [2026-03-06T11:43:51.007+0000] {dagbag.py:545} INFO - Filling up the DagBag from /opt/airflow/dags/iceberg_dag.py
[2026-03-06T11:43:51.038+0000] {processor.py:840} INFO - DAG(s) 'ecommerce_iceberg_pipeline' retrieved from /opt/airflow/dags/iceberg_dag.py
[2026-03-06T11:43:51.082+0000] {logging_mixin.py:188} INFO - [2026-03-06T11:43:51.081+0000] {dag.py:3089} INFO - Sync 1 DAGs
[2026-03-06T11:43:51.109+0000] {logging_mixin.py:188} INFO - [2026-03-06T11:43:51.109+0000] {dag.py:3947} INFO - Setting next_dagrun for ecommerce_iceberg_pipeline to 2026-03-06 00:00:00+00:00, run_after=2026-03-07 00:00:00+00:00
[2026-03-06T11:43:51.140+0000] {processor.py:183} INFO - Processing /opt/airflow/dags/iceberg_dag.py took 0.148 seconds
[2026-03-06T11:44:21.599+0000] {processor.py:161} INFO - Started process (PID=808) to work on /opt/airflow/dags/iceberg_dag.py
[2026-03-06T11:44:21.602+0000] {processor.py:830} INFO - Processing file /opt/airflow/dags/iceberg_dag.py for tasks to queue
[2026-03-06T11:44:21.606+0000] {logging_mixin.py:188} INFO - [2026-03-06T11:44:21.604+0000] {dagbag.py:545} INFO - Filling up the DagBag from /opt/airflow/dags/iceberg_dag.py
[2026-03-06T11:44:21.638+0000] {processor.py:840} INFO - DAG(s) 'ecommerce_iceberg_pipeline' retrieved from /opt/airflow/dags/iceberg_dag.py
[2026-03-06T11:44:21.677+0000] {logging_mixin.py:188} INFO - [2026-03-06T11:44:21.676+0000] {dag.py:3089} INFO - Sync 1 DAGs
[2026-03-06T11:44:21.701+0000] {logging_mixin.py:188} INFO - [2026-03-06T11:44:21.701+0000] {dag.py:3947} INFO - Setting next_dagrun for ecommerce_iceberg_pipeline to 2026-03-06 00:00:00+00:00, run_after=2026-03-07 00:00:00+00:00
[2026-03-06T11:44:21.729+0000] {processor.py:183} INFO - Processing /opt/airflow/dags/iceberg_dag.py took 0.139 seconds
[2026-03-06T11:44:52.157+0000] {processor.py:161} INFO - Started process (PID=813) to work on /opt/airflow/dags/iceberg_dag.py
[2026-03-06T11:44:52.158+0000] {processor.py:830} INFO - Processing file /opt/airflow/dags/iceberg_dag.py for tasks to queue
[2026-03-06T11:44:52.162+0000] {logging_mixin.py:188} INFO - [2026-03-06T11:44:52.161+0000] {dagbag.py:545} INFO - Filling up the DagBag from /opt/airflow/dags/iceberg_dag.py
[2026-03-06T11:44:52.193+0000] {processor.py:840} INFO - DAG(s) 'ecommerce_iceberg_pipeline' retrieved from /opt/airflow/dags/iceberg_dag.py
[2026-03-06T11:44:52.237+0000] {logging_mixin.py:188} INFO - [2026-03-06T11:44:52.237+0000] {dag.py:3089} INFO - Sync 1 DAGs
[2026-03-06T11:44:52.267+0000] {logging_mixin.py:188} INFO - [2026-03-06T11:44:52.267+0000] {dag.py:3947} INFO - Setting next_dagrun for ecommerce_iceberg_pipeline to 2026-03-06 00:00:00+00:00, run_after=2026-03-07 00:00:00+00:00
[2026-03-06T11:44:52.297+0000] {processor.py:183} INFO - Processing /opt/airflow/dags/iceberg_dag.py took 0.149 seconds
[2026-03-06T11:45:22.792+0000] {processor.py:161} INFO - Started process (PID=818) to work on /opt/airflow/dags/iceberg_dag.py
[2026-03-06T11:45:22.793+0000] {processor.py:830} INFO - Processing file /opt/airflow/dags/iceberg_dag.py for tasks to queue
[2026-03-06T11:45:22.797+0000] {logging_mixin.py:188} INFO - [2026-03-06T11:45:22.796+0000] {dagbag.py:545} INFO - Filling up the DagBag from /opt/airflow/dags/iceberg_dag.py
[2026-03-06T11:45:22.824+0000] {processor.py:840} INFO - DAG(s) 'ecommerce_iceberg_pipeline' retrieved from /opt/airflow/dags/iceberg_dag.py
[2026-03-06T11:45:22.865+0000] {logging_mixin.py:188} INFO - [2026-03-06T11:45:22.865+0000] {dag.py:3089} INFO - Sync 1 DAGs
[2026-03-06T11:45:22.891+0000] {logging_mixin.py:188} INFO - [2026-03-06T11:45:22.891+0000] {dag.py:3947} INFO - Setting next_dagrun for ecommerce_iceberg_pipeline to 2026-03-06 00:00:00+00:00, run_after=2026-03-07 00:00:00+00:00
[2026-03-06T11:45:22.916+0000] {processor.py:183} INFO - Processing /opt/airflow/dags/iceberg_dag.py took 0.134 seconds
[2026-03-06T11:45:53.570+0000] {processor.py:161} INFO - Started process (PID=823) to work on /opt/airflow/dags/iceberg_dag.py
[2026-03-06T11:45:53.575+0000] {processor.py:830} INFO - Processing file /opt/airflow/dags/iceberg_dag.py for tasks to queue
[2026-03-06T11:45:53.577+0000] {logging_mixin.py:188} INFO - [2026-03-06T11:45:53.577+0000] {dagbag.py:545} INFO - Filling up the DagBag from /opt/airflow/dags/iceberg_dag.py
[2026-03-06T11:45:53.608+0000] {processor.py:840} INFO - DAG(s) 'ecommerce_iceberg_pipeline' retrieved from /opt/airflow/dags/iceberg_dag.py
[2026-03-06T11:45:53.652+0000] {logging_mixin.py:188} INFO - [2026-03-06T11:45:53.651+0000] {dag.py:3089} INFO - Sync 1 DAGs
[2026-03-06T11:45:53.678+0000] {logging_mixin.py:188} INFO - [2026-03-06T11:45:53.678+0000] {dag.py:3947} INFO - Setting next_dagrun for ecommerce_iceberg_pipeline to 2026-03-06 00:00:00+00:00, run_after=2026-03-07 00:00:00+00:00
[2026-03-06T11:45:53.701+0000] {processor.py:183} INFO - Processing /opt/airflow/dags/iceberg_dag.py took 0.140 seconds
[2026-03-06T11:46:24.017+0000] {processor.py:161} INFO - Started process (PID=828) to work on /opt/airflow/dags/iceberg_dag.py
[2026-03-06T11:46:24.021+0000] {processor.py:830} INFO - Processing file /opt/airflow/dags/iceberg_dag.py for tasks to queue
[2026-03-06T11:46:24.025+0000] {logging_mixin.py:188} INFO - [2026-03-06T11:46:24.025+0000] {dagbag.py:545} INFO - Filling up the DagBag from /opt/airflow/dags/iceberg_dag.py
[2026-03-06T11:46:24.061+0000] {processor.py:840} INFO - DAG(s) 'ecommerce_iceberg_pipeline' retrieved from /opt/airflow/dags/iceberg_dag.py
[2026-03-06T11:46:24.113+0000] {logging_mixin.py:188} INFO - [2026-03-06T11:46:24.113+0000] {dag.py:3089} INFO - Sync 1 DAGs
[2026-03-06T11:46:24.164+0000] {logging_mixin.py:188} INFO - [2026-03-06T11:46:24.164+0000] {dag.py:3947} INFO - Setting next_dagrun for ecommerce_iceberg_pipeline to 2026-03-06 00:00:00+00:00, run_after=2026-03-07 00:00:00+00:00
[2026-03-06T11:46:24.198+0000] {processor.py:183} INFO - Processing /opt/airflow/dags/iceberg_dag.py took 0.192 seconds
[2026-03-06T11:46:54.592+0000] {processor.py:161} INFO - Started process (PID=833) to work on /opt/airflow/dags/iceberg_dag.py
[2026-03-06T11:46:54.593+0000] {processor.py:830} INFO - Processing file /opt/airflow/dags/iceberg_dag.py for tasks to queue
[2026-03-06T11:46:54.595+0000] {logging_mixin.py:188} INFO - [2026-03-06T11:46:54.595+0000] {dagbag.py:545} INFO - Filling up the DagBag from /opt/airflow/dags/iceberg_dag.py
[2026-03-06T11:46:54.621+0000] {processor.py:840} INFO - DAG(s) 'ecommerce_iceberg_pipeline' retrieved from /opt/airflow/dags/iceberg_dag.py
[2026-03-06T11:46:54.665+0000] {logging_mixin.py:188} INFO - [2026-03-06T11:46:54.665+0000] {dag.py:3089} INFO - Sync 1 DAGs
[2026-03-06T11:46:54.699+0000] {logging_mixin.py:188} INFO - [2026-03-06T11:46:54.699+0000] {dag.py:3947} INFO - Setting next_dagrun for ecommerce_iceberg_pipeline to 2026-03-06 00:00:00+00:00, run_after=2026-03-07 00:00:00+00:00
[2026-03-06T11:46:54.743+0000] {processor.py:183} INFO - Processing /opt/airflow/dags/iceberg_dag.py took 0.162 seconds
[2026-03-06T11:47:25.051+0000] {processor.py:161} INFO - Started process (PID=838) to work on /opt/airflow/dags/iceberg_dag.py
[2026-03-06T11:47:25.054+0000] {processor.py:830} INFO - Processing file /opt/airflow/dags/iceberg_dag.py for tasks to queue
[2026-03-06T11:47:25.057+0000] {logging_mixin.py:188} INFO - [2026-03-06T11:47:25.056+0000] {dagbag.py:545} INFO - Filling up the DagBag from /opt/airflow/dags/iceberg_dag.py
[2026-03-06T11:47:25.095+0000] {processor.py:840} INFO - DAG(s) 'ecommerce_iceberg_pipeline' retrieved from /opt/airflow/dags/iceberg_dag.py
[2026-03-06T11:47:25.199+0000] {logging_mixin.py:188} INFO - [2026-03-06T11:47:25.199+0000] {dag.py:3089} INFO - Sync 1 DAGs
[2026-03-06T11:47:25.250+0000] {logging_mixin.py:188} INFO - [2026-03-06T11:47:25.250+0000] {dag.py:3947} INFO - Setting next_dagrun for ecommerce_iceberg_pipeline to 2026-03-06 00:00:00+00:00, run_after=2026-03-07 00:00:00+00:00
[2026-03-06T11:47:25.285+0000] {processor.py:183} INFO - Processing /opt/airflow/dags/iceberg_dag.py took 0.244 seconds
[2026-03-06T11:47:55.535+0000] {processor.py:161} INFO - Started process (PID=843) to work on /opt/airflow/dags/iceberg_dag.py
[2026-03-06T11:47:55.536+0000] {processor.py:830} INFO - Processing file /opt/airflow/dags/iceberg_dag.py for tasks to queue
[2026-03-06T11:47:55.539+0000] {logging_mixin.py:188} INFO - [2026-03-06T11:47:55.538+0000] {dagbag.py:545} INFO - Filling up the DagBag from /opt/airflow/dags/iceberg_dag.py
[2026-03-06T11:47:55.572+0000] {processor.py:840} INFO - DAG(s) 'ecommerce_iceberg_pipeline' retrieved from /opt/airflow/dags/iceberg_dag.py
[2026-03-06T11:47:55.643+0000] {logging_mixin.py:188} INFO - [2026-03-06T11:47:55.643+0000] {dag.py:3089} INFO - Sync 1 DAGs
[2026-03-06T11:47:55.718+0000] {logging_mixin.py:188} INFO - [2026-03-06T11:47:55.717+0000] {dag.py:3947} INFO - Setting next_dagrun for ecommerce_iceberg_pipeline to 2026-03-06 00:00:00+00:00, run_after=2026-03-07 00:00:00+00:00
[2026-03-06T11:47:55.761+0000] {processor.py:183} INFO - Processing /opt/airflow/dags/iceberg_dag.py took 0.236 seconds
[2026-03-06T11:48:25.973+0000] {processor.py:161} INFO - Started process (PID=848) to work on /opt/airflow/dags/iceberg_dag.py
[2026-03-06T11:48:25.976+0000] {processor.py:830} INFO - Processing file /opt/airflow/dags/iceberg_dag.py for tasks to queue
[2026-03-06T11:48:25.979+0000] {logging_mixin.py:188} INFO - [2026-03-06T11:48:25.978+0000] {dagbag.py:545} INFO - Filling up the DagBag from /opt/airflow/dags/iceberg_dag.py
[2026-03-06T11:48:26.011+0000] {processor.py:840} INFO - DAG(s) 'ecommerce_iceberg_pipeline' retrieved from /opt/airflow/dags/iceberg_dag.py
[2026-03-06T11:48:26.056+0000] {logging_mixin.py:188} INFO - [2026-03-06T11:48:26.055+0000] {dag.py:3089} INFO - Sync 1 DAGs
[2026-03-06T11:48:26.088+0000] {logging_mixin.py:188} INFO - [2026-03-06T11:48:26.088+0000] {dag.py:3947} INFO - Setting next_dagrun for ecommerce_iceberg_pipeline to 2026-03-06 00:00:00+00:00, run_after=2026-03-07 00:00:00+00:00
[2026-03-06T11:48:26.110+0000] {processor.py:183} INFO - Processing /opt/airflow/dags/iceberg_dag.py took 0.170 seconds
[2026-03-06T11:48:56.499+0000] {processor.py:161} INFO - Started process (PID=853) to work on /opt/airflow/dags/iceberg_dag.py
[2026-03-06T11:48:56.500+0000] {processor.py:830} INFO - Processing file /opt/airflow/dags/iceberg_dag.py for tasks to queue
[2026-03-06T11:48:56.505+0000] {logging_mixin.py:188} INFO - [2026-03-06T11:48:56.505+0000] {dagbag.py:545} INFO - Filling up the DagBag from /opt/airflow/dags/iceberg_dag.py
[2026-03-06T11:48:56.537+0000] {processor.py:840} INFO - DAG(s) 'ecommerce_iceberg_pipeline' retrieved from /opt/airflow/dags/iceberg_dag.py
[2026-03-06T11:48:56.577+0000] {logging_mixin.py:188} INFO - [2026-03-06T11:48:56.577+0000] {dag.py:3089} INFO - Sync 1 DAGs
[2026-03-06T11:48:56.603+0000] {logging_mixin.py:188} INFO - [2026-03-06T11:48:56.603+0000] {dag.py:3947} INFO - Setting next_dagrun for ecommerce_iceberg_pipeline to 2026-03-06 00:00:00+00:00, run_after=2026-03-07 00:00:00+00:00
[2026-03-06T11:48:56.632+0000] {processor.py:183} INFO - Processing /opt/airflow/dags/iceberg_dag.py took 0.146 seconds
[2026-03-06T11:49:27.089+0000] {processor.py:161} INFO - Started process (PID=858) to work on /opt/airflow/dags/iceberg_dag.py
[2026-03-06T11:49:27.090+0000] {processor.py:830} INFO - Processing file /opt/airflow/dags/iceberg_dag.py for tasks to queue
[2026-03-06T11:49:27.094+0000] {logging_mixin.py:188} INFO - [2026-03-06T11:49:27.093+0000] {dagbag.py:545} INFO - Filling up the DagBag from /opt/airflow/dags/iceberg_dag.py
[2026-03-06T11:49:27.135+0000] {processor.py:840} INFO - DAG(s) 'ecommerce_iceberg_pipeline' retrieved from /opt/airflow/dags/iceberg_dag.py
[2026-03-06T11:49:27.180+0000] {logging_mixin.py:188} INFO - [2026-03-06T11:49:27.180+0000] {dag.py:3089} INFO - Sync 1 DAGs
[2026-03-06T11:49:27.206+0000] {logging_mixin.py:188} INFO - [2026-03-06T11:49:27.205+0000] {dag.py:3947} INFO - Setting next_dagrun for ecommerce_iceberg_pipeline to 2026-03-06 00:00:00+00:00, run_after=2026-03-07 00:00:00+00:00
[2026-03-06T11:49:27.231+0000] {processor.py:183} INFO - Processing /opt/airflow/dags/iceberg_dag.py took 0.150 seconds
[2026-03-06T11:49:57.545+0000] {processor.py:161} INFO - Started process (PID=863) to work on /opt/airflow/dags/iceberg_dag.py
[2026-03-06T11:49:57.546+0000] {processor.py:830} INFO - Processing file /opt/airflow/dags/iceberg_dag.py for tasks to queue
[2026-03-06T11:49:57.550+0000] {logging_mixin.py:188} INFO - [2026-03-06T11:49:57.549+0000] {dagbag.py:545} INFO - Filling up the DagBag from /opt/airflow/dags/iceberg_dag.py
[2026-03-06T11:49:57.586+0000] {processor.py:840} INFO - DAG(s) 'ecommerce_iceberg_pipeline' retrieved from /opt/airflow/dags/iceberg_dag.py
[2026-03-06T11:49:57.631+0000] {logging_mixin.py:188} INFO - [2026-03-06T11:49:57.630+0000] {dag.py:3089} INFO - Sync 1 DAGs
[2026-03-06T11:49:57.657+0000] {logging_mixin.py:188} INFO - [2026-03-06T11:49:57.656+0000] {dag.py:3947} INFO - Setting next_dagrun for ecommerce_iceberg_pipeline to 2026-03-06 00:00:00+00:00, run_after=2026-03-07 00:00:00+00:00
[2026-03-06T11:49:57.680+0000] {processor.py:183} INFO - Processing /opt/airflow/dags/iceberg_dag.py took 0.142 seconds
[2026-03-06T11:50:28.141+0000] {processor.py:161} INFO - Started process (PID=868) to work on /opt/airflow/dags/iceberg_dag.py
[2026-03-06T11:50:28.161+0000] {processor.py:830} INFO - Processing file /opt/airflow/dags/iceberg_dag.py for tasks to queue
[2026-03-06T11:50:28.165+0000] {logging_mixin.py:188} INFO - [2026-03-06T11:50:28.165+0000] {dagbag.py:545} INFO - Filling up the DagBag from /opt/airflow/dags/iceberg_dag.py
[2026-03-06T11:50:28.310+0000] {processor.py:840} INFO - DAG(s) 'ecommerce_iceberg_pipeline' retrieved from /opt/airflow/dags/iceberg_dag.py
[2026-03-06T11:50:28.390+0000] {logging_mixin.py:188} INFO - [2026-03-06T11:50:28.390+0000] {dag.py:3089} INFO - Sync 1 DAGs
[2026-03-06T11:50:28.421+0000] {logging_mixin.py:188} INFO - [2026-03-06T11:50:28.421+0000] {dag.py:3947} INFO - Setting next_dagrun for ecommerce_iceberg_pipeline to 2026-03-06 00:00:00+00:00, run_after=2026-03-07 00:00:00+00:00
[2026-03-06T11:50:28.459+0000] {processor.py:183} INFO - Processing /opt/airflow/dags/iceberg_dag.py took 0.339 seconds
[2026-03-06T11:50:59.300+0000] {processor.py:161} INFO - Started process (PID=873) to work on /opt/airflow/dags/iceberg_dag.py
[2026-03-06T11:50:59.303+0000] {processor.py:830} INFO - Processing file /opt/airflow/dags/iceberg_dag.py for tasks to queue
[2026-03-06T11:50:59.306+0000] {logging_mixin.py:188} INFO - [2026-03-06T11:50:59.305+0000] {dagbag.py:545} INFO - Filling up the DagBag from /opt/airflow/dags/iceberg_dag.py
[2026-03-06T11:50:59.345+0000] {processor.py:840} INFO - DAG(s) 'ecommerce_iceberg_pipeline' retrieved from /opt/airflow/dags/iceberg_dag.py
[2026-03-06T11:50:59.393+0000] {logging_mixin.py:188} INFO - [2026-03-06T11:50:59.393+0000] {dag.py:3089} INFO - Sync 1 DAGs
[2026-03-06T11:50:59.419+0000] {logging_mixin.py:188} INFO - [2026-03-06T11:50:59.419+0000] {dag.py:3947} INFO - Setting next_dagrun for ecommerce_iceberg_pipeline to 2026-03-06 00:00:00+00:00, run_after=2026-03-07 00:00:00+00:00
[2026-03-06T11:50:59.438+0000] {processor.py:183} INFO - Processing /opt/airflow/dags/iceberg_dag.py took 0.146 seconds
[2026-03-06T11:51:29.894+0000] {processor.py:161} INFO - Started process (PID=878) to work on /opt/airflow/dags/iceberg_dag.py
[2026-03-06T11:51:29.905+0000] {processor.py:830} INFO - Processing file /opt/airflow/dags/iceberg_dag.py for tasks to queue
[2026-03-06T11:51:29.919+0000] {logging_mixin.py:188} INFO - [2026-03-06T11:51:29.918+0000] {dagbag.py:545} INFO - Filling up the DagBag from /opt/airflow/dags/iceberg_dag.py
[2026-03-06T11:51:29.958+0000] {processor.py:840} INFO - DAG(s) 'ecommerce_iceberg_pipeline' retrieved from /opt/airflow/dags/iceberg_dag.py
[2026-03-06T11:51:29.999+0000] {logging_mixin.py:188} INFO - [2026-03-06T11:51:29.999+0000] {dag.py:3089} INFO - Sync 1 DAGs
[2026-03-06T11:51:30.021+0000] {logging_mixin.py:188} INFO - [2026-03-06T11:51:30.021+0000] {dag.py:3947} INFO - Setting next_dagrun for ecommerce_iceberg_pipeline to 2026-03-06 00:00:00+00:00, run_after=2026-03-07 00:00:00+00:00
[2026-03-06T11:51:30.047+0000] {processor.py:183} INFO - Processing /opt/airflow/dags/iceberg_dag.py took 0.165 seconds
[2026-03-06T11:52:00.311+0000] {processor.py:161} INFO - Started process (PID=883) to work on /opt/airflow/dags/iceberg_dag.py
[2026-03-06T11:52:00.315+0000] {processor.py:830} INFO - Processing file /opt/airflow/dags/iceberg_dag.py for tasks to queue
[2026-03-06T11:52:00.323+0000] {logging_mixin.py:188} INFO - [2026-03-06T11:52:00.321+0000] {dagbag.py:545} INFO - Filling up the DagBag from /opt/airflow/dags/iceberg_dag.py
[2026-03-06T11:52:00.370+0000] {processor.py:840} INFO - DAG(s) 'ecommerce_iceberg_pipeline' retrieved from /opt/airflow/dags/iceberg_dag.py
[2026-03-06T11:52:00.420+0000] {logging_mixin.py:188} INFO - [2026-03-06T11:52:00.420+0000] {dag.py:3089} INFO - Sync 1 DAGs
[2026-03-06T11:52:00.447+0000] {logging_mixin.py:188} INFO - [2026-03-06T11:52:00.447+0000] {dag.py:3947} INFO - Setting next_dagrun for ecommerce_iceberg_pipeline to 2026-03-06 00:00:00+00:00, run_after=2026-03-07 00:00:00+00:00
[2026-03-06T11:52:00.474+0000] {processor.py:183} INFO - Processing /opt/airflow/dags/iceberg_dag.py took 0.182 seconds
[2026-03-06T11:52:30.782+0000] {processor.py:161} INFO - Started process (PID=888) to work on /opt/airflow/dags/iceberg_dag.py
[2026-03-06T11:52:30.784+0000] {processor.py:830} INFO - Processing file /opt/airflow/dags/iceberg_dag.py for tasks to queue
[2026-03-06T11:52:30.786+0000] {logging_mixin.py:188} INFO - [2026-03-06T11:52:30.786+0000] {dagbag.py:545} INFO - Filling up the DagBag from /opt/airflow/dags/iceberg_dag.py
[2026-03-06T11:52:30.819+0000] {processor.py:840} INFO - DAG(s) 'ecommerce_iceberg_pipeline' retrieved from /opt/airflow/dags/iceberg_dag.py
[2026-03-06T11:52:30.860+0000] {logging_mixin.py:188} INFO - [2026-03-06T11:52:30.860+0000] {dag.py:3089} INFO - Sync 1 DAGs
[2026-03-06T11:52:30.885+0000] {logging_mixin.py:188} INFO - [2026-03-06T11:52:30.884+0000] {dag.py:3947} INFO - Setting next_dagrun for ecommerce_iceberg_pipeline to 2026-03-06 00:00:00+00:00, run_after=2026-03-07 00:00:00+00:00
[2026-03-06T11:52:30.911+0000] {processor.py:183} INFO - Processing /opt/airflow/dags/iceberg_dag.py took 0.142 seconds
[2026-03-06T11:53:01.259+0000] {processor.py:161} INFO - Started process (PID=893) to work on /opt/airflow/dags/iceberg_dag.py
[2026-03-06T11:53:01.262+0000] {processor.py:830} INFO - Processing file /opt/airflow/dags/iceberg_dag.py for tasks to queue
[2026-03-06T11:53:01.266+0000] {logging_mixin.py:188} INFO - [2026-03-06T11:53:01.265+0000] {dagbag.py:545} INFO - Filling up the DagBag from /opt/airflow/dags/iceberg_dag.py
[2026-03-06T11:53:01.308+0000] {processor.py:840} INFO - DAG(s) 'ecommerce_iceberg_pipeline' retrieved from /opt/airflow/dags/iceberg_dag.py
[2026-03-06T11:53:01.371+0000] {logging_mixin.py:188} INFO - [2026-03-06T11:53:01.371+0000] {dag.py:3089} INFO - Sync 1 DAGs
[2026-03-06T11:53:01.400+0000] {logging_mixin.py:188} INFO - [2026-03-06T11:53:01.400+0000] {dag.py:3947} INFO - Setting next_dagrun for ecommerce_iceberg_pipeline to 2026-03-06 00:00:00+00:00, run_after=2026-03-07 00:00:00+00:00
[2026-03-06T11:53:01.431+0000] {processor.py:183} INFO - Processing /opt/airflow/dags/iceberg_dag.py took 0.183 seconds
[2026-03-06T11:53:31.678+0000] {processor.py:161} INFO - Started process (PID=898) to work on /opt/airflow/dags/iceberg_dag.py
[2026-03-06T11:53:31.679+0000] {processor.py:830} INFO - Processing file /opt/airflow/dags/iceberg_dag.py for tasks to queue
[2026-03-06T11:53:31.690+0000] {logging_mixin.py:188} INFO - [2026-03-06T11:53:31.689+0000] {dagbag.py:545} INFO - Filling up the DagBag from /opt/airflow/dags/iceberg_dag.py
[2026-03-06T11:53:31.736+0000] {processor.py:840} INFO - DAG(s) 'ecommerce_iceberg_pipeline' retrieved from /opt/airflow/dags/iceberg_dag.py
[2026-03-06T11:53:31.800+0000] {logging_mixin.py:188} INFO - [2026-03-06T11:53:31.799+0000] {dag.py:3089} INFO - Sync 1 DAGs
[2026-03-06T11:53:31.847+0000] {logging_mixin.py:188} INFO - [2026-03-06T11:53:31.847+0000] {dag.py:3947} INFO - Setting next_dagrun for ecommerce_iceberg_pipeline to 2026-03-06 00:00:00+00:00, run_after=2026-03-07 00:00:00+00:00
[2026-03-06T11:53:31.891+0000] {processor.py:183} INFO - Processing /opt/airflow/dags/iceberg_dag.py took 0.225 seconds
[2026-03-06T11:54:02.596+0000] {processor.py:161} INFO - Started process (PID=903) to work on /opt/airflow/dags/iceberg_dag.py
[2026-03-06T11:54:02.598+0000] {processor.py:830} INFO - Processing file /opt/airflow/dags/iceberg_dag.py for tasks to queue
[2026-03-06T11:54:02.606+0000] {logging_mixin.py:188} INFO - [2026-03-06T11:54:02.605+0000] {dagbag.py:545} INFO - Filling up the DagBag from /opt/airflow/dags/iceberg_dag.py
[2026-03-06T11:54:02.648+0000] {processor.py:840} INFO - DAG(s) 'ecommerce_iceberg_pipeline' retrieved from /opt/airflow/dags/iceberg_dag.py
[2026-03-06T11:54:02.727+0000] {logging_mixin.py:188} INFO - [2026-03-06T11:54:02.726+0000] {dag.py:3089} INFO - Sync 1 DAGs
[2026-03-06T11:54:02.782+0000] {logging_mixin.py:188} INFO - [2026-03-06T11:54:02.782+0000] {dag.py:3947} INFO - Setting next_dagrun for ecommerce_iceberg_pipeline to 2026-03-06 00:00:00+00:00, run_after=2026-03-07 00:00:00+00:00
[2026-03-06T11:54:02.815+0000] {processor.py:183} INFO - Processing /opt/airflow/dags/iceberg_dag.py took 0.227 seconds
[2026-03-06T11:54:33.026+0000] {processor.py:161} INFO - Started process (PID=908) to work on /opt/airflow/dags/iceberg_dag.py
[2026-03-06T11:54:33.028+0000] {processor.py:830} INFO - Processing file /opt/airflow/dags/iceberg_dag.py for tasks to queue
[2026-03-06T11:54:33.032+0000] {logging_mixin.py:188} INFO - [2026-03-06T11:54:33.031+0000] {dagbag.py:545} INFO - Filling up the DagBag from /opt/airflow/dags/iceberg_dag.py
[2026-03-06T11:54:33.070+0000] {processor.py:840} INFO - DAG(s) 'ecommerce_iceberg_pipeline' retrieved from /opt/airflow/dags/iceberg_dag.py
[2026-03-06T11:54:33.118+0000] {logging_mixin.py:188} INFO - [2026-03-06T11:54:33.117+0000] {dag.py:3089} INFO - Sync 1 DAGs
[2026-03-06T11:54:33.141+0000] {logging_mixin.py:188} INFO - [2026-03-06T11:54:33.141+0000] {dag.py:3947} INFO - Setting next_dagrun for ecommerce_iceberg_pipeline to 2026-03-06 00:00:00+00:00, run_after=2026-03-07 00:00:00+00:00
[2026-03-06T11:54:33.162+0000] {processor.py:183} INFO - Processing /opt/airflow/dags/iceberg_dag.py took 0.146 seconds
[2026-03-06T11:55:03.471+0000] {processor.py:161} INFO - Started process (PID=913) to work on /opt/airflow/dags/iceberg_dag.py
[2026-03-06T11:55:03.473+0000] {processor.py:830} INFO - Processing file /opt/airflow/dags/iceberg_dag.py for tasks to queue
[2026-03-06T11:55:03.476+0000] {logging_mixin.py:188} INFO - [2026-03-06T11:55:03.475+0000] {dagbag.py:545} INFO - Filling up the DagBag from /opt/airflow/dags/iceberg_dag.py
[2026-03-06T11:55:03.504+0000] {processor.py:840} INFO - DAG(s) 'ecommerce_iceberg_pipeline' retrieved from /opt/airflow/dags/iceberg_dag.py
[2026-03-06T11:55:03.546+0000] {logging_mixin.py:188} INFO - [2026-03-06T11:55:03.546+0000] {dag.py:3089} INFO - Sync 1 DAGs
[2026-03-06T11:55:03.571+0000] {logging_mixin.py:188} INFO - [2026-03-06T11:55:03.570+0000] {dag.py:3947} INFO - Setting next_dagrun for ecommerce_iceberg_pipeline to 2026-03-06 00:00:00+00:00, run_after=2026-03-07 00:00:00+00:00
[2026-03-06T11:55:03.592+0000] {processor.py:183} INFO - Processing /opt/airflow/dags/iceberg_dag.py took 0.130 seconds
[2026-03-06T11:55:34.041+0000] {processor.py:161} INFO - Started process (PID=918) to work on /opt/airflow/dags/iceberg_dag.py
[2026-03-06T11:55:34.045+0000] {processor.py:830} INFO - Processing file /opt/airflow/dags/iceberg_dag.py for tasks to queue
[2026-03-06T11:55:34.050+0000] {logging_mixin.py:188} INFO - [2026-03-06T11:55:34.049+0000] {dagbag.py:545} INFO - Filling up the DagBag from /opt/airflow/dags/iceberg_dag.py
[2026-03-06T11:55:34.101+0000] {processor.py:840} INFO - DAG(s) 'ecommerce_iceberg_pipeline' retrieved from /opt/airflow/dags/iceberg_dag.py
[2026-03-06T11:55:34.174+0000] {logging_mixin.py:188} INFO - [2026-03-06T11:55:34.173+0000] {dag.py:3089} INFO - Sync 1 DAGs
[2026-03-06T11:55:34.210+0000] {logging_mixin.py:188} INFO - [2026-03-06T11:55:34.209+0000] {dag.py:3947} INFO - Setting next_dagrun for ecommerce_iceberg_pipeline to 2026-03-06 00:00:00+00:00, run_after=2026-03-07 00:00:00+00:00
[2026-03-06T11:55:34.240+0000] {processor.py:183} INFO - Processing /opt/airflow/dags/iceberg_dag.py took 0.210 seconds
[2026-03-06T11:56:04.446+0000] {processor.py:161} INFO - Started process (PID=923) to work on /opt/airflow/dags/iceberg_dag.py
[2026-03-06T11:56:04.448+0000] {processor.py:830} INFO - Processing file /opt/airflow/dags/iceberg_dag.py for tasks to queue
[2026-03-06T11:56:04.450+0000] {logging_mixin.py:188} INFO - [2026-03-06T11:56:04.450+0000] {dagbag.py:545} INFO - Filling up the DagBag from /opt/airflow/dags/iceberg_dag.py
[2026-03-06T11:56:04.490+0000] {processor.py:840} INFO - DAG(s) 'ecommerce_iceberg_pipeline' retrieved from /opt/airflow/dags/iceberg_dag.py
[2026-03-06T11:56:04.532+0000] {logging_mixin.py:188} INFO - [2026-03-06T11:56:04.532+0000] {dag.py:3089} INFO - Sync 1 DAGs
[2026-03-06T11:56:04.088+0000] {logging_mixin.py:188} INFO - [2026-03-06T11:56:04.088+0000] {dag.py:3947} INFO - Setting next_dagrun for ecommerce_iceberg_pipeline to 2026-03-06 00:00:00+00:00, run_after=2026-03-07 00:00:00+00:00
[2026-03-06T11:56:04.112+0000] {processor.py:183} INFO - Processing /opt/airflow/dags/iceberg_dag.py took 0.147 seconds
[2026-03-06T11:56:35.023+0000] {processor.py:161} INFO - Started process (PID=928) to work on /opt/airflow/dags/iceberg_dag.py
[2026-03-06T11:56:35.025+0000] {processor.py:830} INFO - Processing file /opt/airflow/dags/iceberg_dag.py for tasks to queue
[2026-03-06T11:56:35.027+0000] {logging_mixin.py:188} INFO - [2026-03-06T11:56:35.027+0000] {dagbag.py:545} INFO - Filling up the DagBag from /opt/airflow/dags/iceberg_dag.py
[2026-03-06T11:56:35.055+0000] {processor.py:840} INFO - DAG(s) 'ecommerce_iceberg_pipeline' retrieved from /opt/airflow/dags/iceberg_dag.py
[2026-03-06T11:56:35.093+0000] {logging_mixin.py:188} INFO - [2026-03-06T11:56:35.093+0000] {dag.py:3089} INFO - Sync 1 DAGs
[2026-03-06T11:56:35.118+0000] {logging_mixin.py:188} INFO - [2026-03-06T11:56:35.118+0000] {dag.py:3947} INFO - Setting next_dagrun for ecommerce_iceberg_pipeline to 2026-03-06 00:00:00+00:00, run_after=2026-03-07 00:00:00+00:00
[2026-03-06T11:56:35.145+0000] {processor.py:183} INFO - Processing /opt/airflow/dags/iceberg_dag.py took 0.134 seconds
[2026-03-06T11:57:05.458+0000] {processor.py:161} INFO - Started process (PID=933) to work on /opt/airflow/dags/iceberg_dag.py
[2026-03-06T11:57:05.459+0000] {processor.py:830} INFO - Processing file /opt/airflow/dags/iceberg_dag.py for tasks to queue
[2026-03-06T11:57:05.462+0000] {logging_mixin.py:188} INFO - [2026-03-06T11:57:05.461+0000] {dagbag.py:545} INFO - Filling up the DagBag from /opt/airflow/dags/iceberg_dag.py
[2026-03-06T11:57:05.491+0000] {processor.py:840} INFO - DAG(s) 'ecommerce_iceberg_pipeline' retrieved from /opt/airflow/dags/iceberg_dag.py
[2026-03-06T11:57:05.529+0000] {logging_mixin.py:188} INFO - [2026-03-06T11:57:05.529+0000] {dag.py:3089} INFO - Sync 1 DAGs
[2026-03-06T11:57:05.554+0000] {logging_mixin.py:188} INFO - [2026-03-06T11:57:05.553+0000] {dag.py:3947} INFO - Setting next_dagrun for ecommerce_iceberg_pipeline to 2026-03-06 00:00:00+00:00, run_after=2026-03-07 00:00:00+00:00
[2026-03-06T11:57:05.580+0000] {processor.py:183} INFO - Processing /opt/airflow/dags/iceberg_dag.py took 0.129 seconds
[2026-03-06T11:57:35.854+0000] {processor.py:161} INFO - Started process (PID=938) to work on /opt/airflow/dags/iceberg_dag.py
[2026-03-06T11:57:35.855+0000] {processor.py:830} INFO - Processing file /opt/airflow/dags/iceberg_dag.py for tasks to queue
[2026-03-06T11:57:35.858+0000] {logging_mixin.py:188} INFO - [2026-03-06T11:57:35.858+0000] {dagbag.py:545} INFO - Filling up the DagBag from /opt/airflow/dags/iceberg_dag.py
[2026-03-06T11:57:35.889+0000] {processor.py:840} INFO - DAG(s) 'ecommerce_iceberg_pipeline' retrieved from /opt/airflow/dags/iceberg_dag.py
[2026-03-06T11:57:35.934+0000] {logging_mixin.py:188} INFO - [2026-03-06T11:57:35.934+0000] {dag.py:3089} INFO - Sync 1 DAGs
[2026-03-06T11:57:35.963+0000] {logging_mixin.py:188} INFO - [2026-03-06T11:57:35.963+0000] {dag.py:3947} INFO - Setting next_dagrun for ecommerce_iceberg_pipeline to 2026-03-06 00:00:00+00:00, run_after=2026-03-07 00:00:00+00:00
[2026-03-06T11:57:35.988+0000] {processor.py:183} INFO - Processing /opt/airflow/dags/iceberg_dag.py took 0.142 seconds
[2026-03-06T11:58:06.344+0000] {processor.py:161} INFO - Started process (PID=943) to work on /opt/airflow/dags/iceberg_dag.py
[2026-03-06T11:58:06.347+0000] {processor.py:830} INFO - Processing file /opt/airflow/dags/iceberg_dag.py for tasks to queue
[2026-03-06T11:58:06.351+0000] {logging_mixin.py:188} INFO - [2026-03-06T11:58:06.350+0000] {dagbag.py:545} INFO - Filling up the DagBag from /opt/airflow/dags/iceberg_dag.py
[2026-03-06T11:58:06.382+0000] {processor.py:840} INFO - DAG(s) 'ecommerce_iceberg_pipeline' retrieved from /opt/airflow/dags/iceberg_dag.py
[2026-03-06T11:58:06.427+0000] {logging_mixin.py:188} INFO - [2026-03-06T11:58:06.427+0000] {dag.py:3089} INFO - Sync 1 DAGs
[2026-03-06T11:58:06.451+0000] {logging_mixin.py:188} INFO - [2026-03-06T11:58:06.451+0000] {dag.py:3947} INFO - Setting next_dagrun for ecommerce_iceberg_pipeline to 2026-03-06 00:00:00+00:00, run_after=2026-03-07 00:00:00+00:00
[2026-03-06T11:58:06.474+0000] {processor.py:183} INFO - Processing /opt/airflow/dags/iceberg_dag.py took 0.138 seconds
[2026-03-06T11:58:36.710+0000] {processor.py:161} INFO - Started process (PID=948) to work on /opt/airflow/dags/iceberg_dag.py
[2026-03-06T11:58:36.711+0000] {processor.py:830} INFO - Processing file /opt/airflow/dags/iceberg_dag.py for tasks to queue
[2026-03-06T11:58:36.714+0000] {logging_mixin.py:188} INFO - [2026-03-06T11:58:36.713+0000] {dagbag.py:545} INFO - Filling up the DagBag from /opt/airflow/dags/iceberg_dag.py
[2026-03-06T11:58:36.751+0000] {processor.py:840} INFO - DAG(s) 'ecommerce_iceberg_pipeline' retrieved from /opt/airflow/dags/iceberg_dag.py
[2026-03-06T11:58:36.789+0000] {logging_mixin.py:188} INFO - [2026-03-06T11:58:36.789+0000] {dag.py:3089} INFO - Sync 1 DAGs
[2026-03-06T11:58:36.813+0000] {logging_mixin.py:188} INFO - [2026-03-06T11:58:36.813+0000] {dag.py:3947} INFO - Setting next_dagrun for ecommerce_iceberg_pipeline to 2026-03-06 00:00:00+00:00, run_after=2026-03-07 00:00:00+00:00
[2026-03-06T11:58:36.839+0000] {processor.py:183} INFO - Processing /opt/airflow/dags/iceberg_dag.py took 0.137 seconds
[2026-03-06T11:59:07.226+0000] {processor.py:161} INFO - Started process (PID=953) to work on /opt/airflow/dags/iceberg_dag.py
[2026-03-06T11:59:07.227+0000] {processor.py:830} INFO - Processing file /opt/airflow/dags/iceberg_dag.py for tasks to queue
[2026-03-06T11:59:07.230+0000] {logging_mixin.py:188} INFO - [2026-03-06T11:59:07.230+0000] {dagbag.py:545} INFO - Filling up the DagBag from /opt/airflow/dags/iceberg_dag.py
[2026-03-06T11:59:07.260+0000] {processor.py:840} INFO - DAG(s) 'ecommerce_iceberg_pipeline' retrieved from /opt/airflow/dags/iceberg_dag.py
[2026-03-06T11:59:07.299+0000] {logging_mixin.py:188} INFO - [2026-03-06T11:59:07.299+0000] {dag.py:3089} INFO - Sync 1 DAGs
[2026-03-06T11:59:07.322+0000] {logging_mixin.py:188} INFO - [2026-03-06T11:59:07.322+0000] {dag.py:3947} INFO - Setting next_dagrun for ecommerce_iceberg_pipeline to 2026-03-06 00:00:00+00:00, run_after=2026-03-07 00:00:00+00:00
[2026-03-06T11:59:07.349+0000] {processor.py:183} INFO - Processing /opt/airflow/dags/iceberg_dag.py took 0.130 seconds
[2026-03-06T11:59:37.639+0000] {processor.py:161} INFO - Started process (PID=958) to work on /opt/airflow/dags/iceberg_dag.py
[2026-03-06T11:59:37.645+0000] {processor.py:830} INFO - Processing file /opt/airflow/dags/iceberg_dag.py for tasks to queue
[2026-03-06T11:59:37.648+0000] {logging_mixin.py:188} INFO - [2026-03-06T11:59:37.647+0000] {dagbag.py:545} INFO - Filling up the DagBag from /opt/airflow/dags/iceberg_dag.py
[2026-03-06T11:59:37.675+0000] {processor.py:840} INFO - DAG(s) 'ecommerce_iceberg_pipeline' retrieved from /opt/airflow/dags/iceberg_dag.py
[2026-03-06T11:59:37.716+0000] {logging_mixin.py:188} INFO - [2026-03-06T11:59:37.716+0000] {dag.py:3089} INFO - Sync 1 DAGs
[2026-03-06T11:59:37.741+0000] {logging_mixin.py:188} INFO - [2026-03-06T11:59:37.741+0000] {dag.py:3947} INFO - Setting next_dagrun for ecommerce_iceberg_pipeline to 2026-03-06 00:00:00+00:00, run_after=2026-03-07 00:00:00+00:00
[2026-03-06T11:59:37.770+0000] {processor.py:183} INFO - Processing /opt/airflow/dags/iceberg_dag.py took 0.142 seconds
[2026-03-06T12:00:08.193+0000] {processor.py:161} INFO - Started process (PID=963) to work on /opt/airflow/dags/iceberg_dag.py
[2026-03-06T12:00:08.194+0000] {processor.py:830} INFO - Processing file /opt/airflow/dags/iceberg_dag.py for tasks to queue
[2026-03-06T12:00:08.197+0000] {logging_mixin.py:188} INFO - [2026-03-06T12:00:08.196+0000] {dagbag.py:545} INFO - Filling up the DagBag from /opt/airflow/dags/iceberg_dag.py
[2026-03-06T12:00:08.226+0000] {processor.py:840} INFO - DAG(s) 'ecommerce_iceberg_pipeline' retrieved from /opt/airflow/dags/iceberg_dag.py
[2026-03-06T12:00:08.266+0000] {logging_mixin.py:188} INFO - [2026-03-06T12:00:08.265+0000] {dag.py:3089} INFO - Sync 1 DAGs
[2026-03-06T12:00:08.298+0000] {logging_mixin.py:188} INFO - [2026-03-06T12:00:08.298+0000] {dag.py:3947} INFO - Setting next_dagrun for ecommerce_iceberg_pipeline to 2026-03-06 00:00:00+00:00, run_after=2026-03-07 00:00:00+00:00
[2026-03-06T12:00:08.344+0000] {processor.py:183} INFO - Processing /opt/airflow/dags/iceberg_dag.py took 0.157 seconds
[2026-03-06T12:00:38.661+0000] {processor.py:161} INFO - Started process (PID=968) to work on /opt/airflow/dags/iceberg_dag.py
[2026-03-06T12:00:38.675+0000] {processor.py:830} INFO - Processing file /opt/airflow/dags/iceberg_dag.py for tasks to queue
[2026-03-06T12:00:38.679+0000] {logging_mixin.py:188} INFO - [2026-03-06T12:00:38.678+0000] {dagbag.py:545} INFO - Filling up the DagBag from /opt/airflow/dags/iceberg_dag.py
[2026-03-06T12:00:38.720+0000] {processor.py:840} INFO - DAG(s) 'ecommerce_iceberg_pipeline' retrieved from /opt/airflow/dags/iceberg_dag.py
[2026-03-06T12:00:38.777+0000] {logging_mixin.py:188} INFO - [2026-03-06T12:00:38.777+0000] {dag.py:3089} INFO - Sync 1 DAGs
[2026-03-06T12:00:38.804+0000] {logging_mixin.py:188} INFO - [2026-03-06T12:00:38.804+0000] {dag.py:3947} INFO - Setting next_dagrun for ecommerce_iceberg_pipeline to 2026-03-06 00:00:00+00:00, run_after=2026-03-07 00:00:00+00:00
[2026-03-06T12:00:38.831+0000] {processor.py:183} INFO - Processing /opt/airflow/dags/iceberg_dag.py took 0.191 seconds
[2026-03-06T12:01:09.135+0000] {processor.py:161} INFO - Started process (PID=973) to work on /opt/airflow/dags/iceberg_dag.py
[2026-03-06T12:01:09.141+0000] {processor.py:830} INFO - Processing file /opt/airflow/dags/iceberg_dag.py for tasks to queue
[2026-03-06T12:01:09.145+0000] {logging_mixin.py:188} INFO - [2026-03-06T12:01:09.144+0000] {dagbag.py:545} INFO - Filling up the DagBag from /opt/airflow/dags/iceberg_dag.py
[2026-03-06T12:01:09.224+0000] {processor.py:840} INFO - DAG(s) 'ecommerce_iceberg_pipeline' retrieved from /opt/airflow/dags/iceberg_dag.py
[2026-03-06T12:01:09.303+0000] {logging_mixin.py:188} INFO - [2026-03-06T12:01:09.303+0000] {dag.py:3089} INFO - Sync 1 DAGs
[2026-03-06T12:01:09.347+0000] {logging_mixin.py:188} INFO - [2026-03-06T12:01:09.346+0000] {dag.py:3947} INFO - Setting next_dagrun for ecommerce_iceberg_pipeline to 2026-03-06 00:00:00+00:00, run_after=2026-03-07 00:00:00+00:00
[2026-03-06T12:01:09.385+0000] {processor.py:183} INFO - Processing /opt/airflow/dags/iceberg_dag.py took 0.272 seconds
[2026-03-06T12:01:39.505+0000] {processor.py:161} INFO - Started process (PID=978) to work on /opt/airflow/dags/iceberg_dag.py
[2026-03-06T12:01:39.507+0000] {processor.py:830} INFO - Processing file /opt/airflow/dags/iceberg_dag.py for tasks to queue
[2026-03-06T12:01:39.513+0000] {logging_mixin.py:188} INFO - [2026-03-06T12:01:39.510+0000] {dagbag.py:545} INFO - Filling up the DagBag from /opt/airflow/dags/iceberg_dag.py
[2026-03-06T12:01:39.555+0000] {processor.py:840} INFO - DAG(s) 'ecommerce_iceberg_pipeline' retrieved from /opt/airflow/dags/iceberg_dag.py
[2026-03-06T12:01:39.605+0000] {logging_mixin.py:188} INFO - [2026-03-06T12:01:39.605+0000] {dag.py:3089} INFO - Sync 1 DAGs
[2026-03-06T12:01:39.632+0000] {logging_mixin.py:188} INFO - [2026-03-06T12:01:39.631+0000] {dag.py:3947} INFO - Setting next_dagrun for ecommerce_iceberg_pipeline to 2026-03-06 00:00:00+00:00, run_after=2026-03-07 00:00:00+00:00
[2026-03-06T12:01:39.658+0000] {processor.py:183} INFO - Processing /opt/airflow/dags/iceberg_dag.py took 0.163 seconds
[2026-03-06T12:02:09.820+0000] {processor.py:161} INFO - Started process (PID=983) to work on /opt/airflow/dags/iceberg_dag.py
[2026-03-06T12:02:09.822+0000] {processor.py:830} INFO - Processing file /opt/airflow/dags/iceberg_dag.py for tasks to queue
[2026-03-06T12:02:09.825+0000] {logging_mixin.py:188} INFO - [2026-03-06T12:02:09.824+0000] {dagbag.py:545} INFO - Filling up the DagBag from /opt/airflow/dags/iceberg_dag.py
[2026-03-06T12:02:09.858+0000] {processor.py:840} INFO - DAG(s) 'ecommerce_iceberg_pipeline' retrieved from /opt/airflow/dags/iceberg_dag.py
[2026-03-06T12:02:09.903+0000] {logging_mixin.py:188} INFO - [2026-03-06T12:02:09.903+0000] {dag.py:3089} INFO - Sync 1 DAGs
[2026-03-06T12:02:09.927+0000] {logging_mixin.py:188} INFO - [2026-03-06T12:02:09.927+0000] {dag.py:3947} INFO - Setting next_dagrun for ecommerce_iceberg_pipeline to 2026-03-06 00:00:00+00:00, run_after=2026-03-07 00:00:00+00:00
[2026-03-06T12:02:09.955+0000] {processor.py:183} INFO - Processing /opt/airflow/dags/iceberg_dag.py took 0.143 seconds
[2026-03-06T12:02:40.442+0000] {processor.py:161} INFO - Started process (PID=988) to work on /opt/airflow/dags/iceberg_dag.py
[2026-03-06T12:02:40.445+0000] {processor.py:830} INFO - Processing file /opt/airflow/dags/iceberg_dag.py for tasks to queue
[2026-03-06T12:02:40.448+0000] {logging_mixin.py:188} INFO - [2026-03-06T12:02:40.448+0000] {dagbag.py:545} INFO - Filling up the DagBag from /opt/airflow/dags/iceberg_dag.py
[2026-03-06T12:02:40.503+0000] {processor.py:840} INFO - DAG(s) 'ecommerce_iceberg_pipeline' retrieved from /opt/airflow/dags/iceberg_dag.py
[2026-03-06T12:02:40.559+0000] {logging_mixin.py:188} INFO - [2026-03-06T12:02:40.558+0000] {dag.py:3089} INFO - Sync 1 DAGs
[2026-03-06T12:02:40.590+0000] {logging_mixin.py:188} INFO - [2026-03-06T12:02:40.589+0000] {dag.py:3947} INFO - Setting next_dagrun for ecommerce_iceberg_pipeline to 2026-03-06 00:00:00+00:00, run_after=2026-03-07 00:00:00+00:00
[2026-03-06T12:02:40.618+0000] {processor.py:183} INFO - Processing /opt/airflow/dags/iceberg_dag.py took 0.188 seconds
[2026-03-06T12:03:10.793+0000] {processor.py:161} INFO - Started process (PID=993) to work on /opt/airflow/dags/iceberg_dag.py
[2026-03-06T12:03:10.794+0000] {processor.py:830} INFO - Processing file /opt/airflow/dags/iceberg_dag.py for tasks to queue
[2026-03-06T12:03:10.797+0000] {logging_mixin.py:188} INFO - [2026-03-06T12:03:10.797+0000] {dagbag.py:545} INFO - Filling up the DagBag from /opt/airflow/dags/iceberg_dag.py
[2026-03-06T12:03:10.823+0000] {processor.py:840} INFO - DAG(s) 'ecommerce_iceberg_pipeline' retrieved from /opt/airflow/dags/iceberg_dag.py
[2026-03-06T12:03:10.862+0000] {logging_mixin.py:188} INFO - [2026-03-06T12:03:10.861+0000] {dag.py:3089} INFO - Sync 1 DAGs
[2026-03-06T12:03:10.885+0000] {logging_mixin.py:188} INFO - [2026-03-06T12:03:10.885+0000] {dag.py:3947} INFO - Setting next_dagrun for ecommerce_iceberg_pipeline to 2026-03-06 00:00:00+00:00, run_after=2026-03-07 00:00:00+00:00
[2026-03-06T12:03:10.930+0000] {processor.py:183} INFO - Processing /opt/airflow/dags/iceberg_dag.py took 0.146 seconds
[2026-03-06T12:03:41.340+0000] {processor.py:161} INFO - Started process (PID=998) to work on /opt/airflow/dags/iceberg_dag.py
[2026-03-06T12:03:41.342+0000] {processor.py:830} INFO - Processing file /opt/airflow/dags/iceberg_dag.py for tasks to queue
[2026-03-06T12:03:41.346+0000] {logging_mixin.py:188} INFO - [2026-03-06T12:03:41.345+0000] {dagbag.py:545} INFO - Filling up the DagBag from /opt/airflow/dags/iceberg_dag.py
[2026-03-06T12:03:41.416+0000] {processor.py:840} INFO - DAG(s) 'ecommerce_iceberg_pipeline' retrieved from /opt/airflow/dags/iceberg_dag.py
[2026-03-06T12:03:41.481+0000] {logging_mixin.py:188} INFO - [2026-03-06T12:03:41.481+0000] {dag.py:3089} INFO - Sync 1 DAGs
[2026-03-06T12:03:41.517+0000] {logging_mixin.py:188} INFO - [2026-03-06T12:03:41.516+0000] {dag.py:3947} INFO - Setting next_dagrun for ecommerce_iceberg_pipeline to 2026-03-06 00:00:00+00:00, run_after=2026-03-07 00:00:00+00:00
[2026-03-06T12:03:41.562+0000] {processor.py:183} INFO - Processing /opt/airflow/dags/iceberg_dag.py took 0.240 seconds
[2026-03-06T12:04:11.754+0000] {processor.py:161} INFO - Started process (PID=1003) to work on /opt/airflow/dags/iceberg_dag.py
[2026-03-06T12:04:11.755+0000] {processor.py:830} INFO - Processing file /opt/airflow/dags/iceberg_dag.py for tasks to queue
[2026-03-06T12:04:11.759+0000] {logging_mixin.py:188} INFO - [2026-03-06T12:04:11.759+0000] {dagbag.py:545} INFO - Filling up the DagBag from /opt/airflow/dags/iceberg_dag.py
[2026-03-06T12:04:11.797+0000] {processor.py:840} INFO - DAG(s) 'ecommerce_iceberg_pipeline' retrieved from /opt/airflow/dags/iceberg_dag.py
[2026-03-06T12:04:11.842+0000] {logging_mixin.py:188} INFO - [2026-03-06T12:04:11.842+0000] {dag.py:3089} INFO - Sync 1 DAGs
[2026-03-06T12:04:11.869+0000] {logging_mixin.py:188} INFO - [2026-03-06T12:04:11.868+0000] {dag.py:3947} INFO - Setting next_dagrun for ecommerce_iceberg_pipeline to 2026-03-06 00:00:00+00:00, run_after=2026-03-07 00:00:00+00:00
[2026-03-06T12:04:11.891+0000] {processor.py:183} INFO - Processing /opt/airflow/dags/iceberg_dag.py took 0.147 seconds
[2026-03-06T12:04:42.165+0000] {processor.py:161} INFO - Started process (PID=1008) to work on /opt/airflow/dags/iceberg_dag.py
[2026-03-06T12:04:42.166+0000] {processor.py:830} INFO - Processing file /opt/airflow/dags/iceberg_dag.py for tasks to queue
[2026-03-06T12:04:42.170+0000] {logging_mixin.py:188} INFO - [2026-03-06T12:04:42.169+0000] {dagbag.py:545} INFO - Filling up the DagBag from /opt/airflow/dags/iceberg_dag.py
[2026-03-06T12:04:42.201+0000] {processor.py:840} INFO - DAG(s) 'ecommerce_iceberg_pipeline' retrieved from /opt/airflow/dags/iceberg_dag.py
[2026-03-06T12:04:42.241+0000] {logging_mixin.py:188} INFO - [2026-03-06T12:04:42.241+0000] {dag.py:3089} INFO - Sync 1 DAGs
[2026-03-06T12:04:42.264+0000] {logging_mixin.py:188} INFO - [2026-03-06T12:04:42.264+0000] {dag.py:3947} INFO - Setting next_dagrun for ecommerce_iceberg_pipeline to 2026-03-06 00:00:00+00:00, run_after=2026-03-07 00:00:00+00:00
[2026-03-06T12:04:42.288+0000] {processor.py:183} INFO - Processing /opt/airflow/dags/iceberg_dag.py took 0.132 seconds
[2026-03-06T12:05:12.722+0000] {processor.py:161} INFO - Started process (PID=1013) to work on /opt/airflow/dags/iceberg_dag.py
[2026-03-06T12:05:12.724+0000] {processor.py:830} INFO - Processing file /opt/airflow/dags/iceberg_dag.py for tasks to queue
[2026-03-06T12:05:12.726+0000] {logging_mixin.py:188} INFO - [2026-03-06T12:05:12.725+0000] {dagbag.py:545} INFO - Filling up the DagBag from /opt/airflow/dags/iceberg_dag.py
[2026-03-06T12:05:12.754+0000] {processor.py:840} INFO - DAG(s) 'ecommerce_iceberg_pipeline' retrieved from /opt/airflow/dags/iceberg_dag.py
[2026-03-06T12:05:12.801+0000] {logging_mixin.py:188} INFO - [2026-03-06T12:05:12.801+0000] {dag.py:3089} INFO - Sync 1 DAGs
[2026-03-06T12:05:12.829+0000] {logging_mixin.py:188} INFO - [2026-03-06T12:05:12.829+0000] {dag.py:3947} INFO - Setting next_dagrun for ecommerce_iceberg_pipeline to 2026-03-06 00:00:00+00:00, run_after=2026-03-07 00:00:00+00:00
[2026-03-06T12:05:12.868+0000] {processor.py:183} INFO - Processing /opt/airflow/dags/iceberg_dag.py took 0.157 seconds
[2026-03-06T12:05:43.472+0000] {processor.py:161} INFO - Started process (PID=1018) to work on /opt/airflow/dags/iceberg_dag.py
[2026-03-06T12:05:43.474+0000] {processor.py:830} INFO - Processing file /opt/airflow/dags/iceberg_dag.py for tasks to queue
[2026-03-06T12:05:43.476+0000] {logging_mixin.py:188} INFO - [2026-03-06T12:05:43.476+0000] {dagbag.py:545} INFO - Filling up the DagBag from /opt/airflow/dags/iceberg_dag.py
[2026-03-06T12:05:43.506+0000] {processor.py:840} INFO - DAG(s) 'ecommerce_iceberg_pipeline' retrieved from /opt/airflow/dags/iceberg_dag.py
[2026-03-06T12:05:43.557+0000] {logging_mixin.py:188} INFO - [2026-03-06T12:05:43.557+0000] {dag.py:3089} INFO - Sync 1 DAGs
[2026-03-06T12:05:43.585+0000] {logging_mixin.py:188} INFO - [2026-03-06T12:05:43.584+0000] {dag.py:3947} INFO - Setting next_dagrun for ecommerce_iceberg_pipeline to 2026-03-06 00:00:00+00:00, run_after=2026-03-07 00:00:00+00:00
[2026-03-06T12:05:43.626+0000] {processor.py:183} INFO - Processing /opt/airflow/dags/iceberg_dag.py took 0.161 seconds
[2026-03-06T12:06:14.068+0000] {processor.py:161} INFO - Started process (PID=1023) to work on /opt/airflow/dags/iceberg_dag.py
[2026-03-06T12:06:14.070+0000] {processor.py:830} INFO - Processing file /opt/airflow/dags/iceberg_dag.py for tasks to queue
[2026-03-06T12:06:14.073+0000] {logging_mixin.py:188} INFO - [2026-03-06T12:06:14.072+0000] {dagbag.py:545} INFO - Filling up the DagBag from /opt/airflow/dags/iceberg_dag.py
[2026-03-06T12:06:14.104+0000] {processor.py:840} INFO - DAG(s) 'ecommerce_iceberg_pipeline' retrieved from /opt/airflow/dags/iceberg_dag.py
[2026-03-06T12:06:14.151+0000] {logging_mixin.py:188} INFO - [2026-03-06T12:06:14.150+0000] {dag.py:3089} INFO - Sync 1 DAGs
[2026-03-06T12:06:14.195+0000] {logging_mixin.py:188} INFO - [2026-03-06T12:06:14.194+0000] {dag.py:3947} INFO - Setting next_dagrun for ecommerce_iceberg_pipeline to 2026-03-06 00:00:00+00:00, run_after=2026-03-07 00:00:00+00:00
[2026-03-06T12:06:14.232+0000] {processor.py:183} INFO - Processing /opt/airflow/dags/iceberg_dag.py took 0.173 seconds
[2026-03-06T12:06:44.712+0000] {processor.py:161} INFO - Started process (PID=1028) to work on /opt/airflow/dags/iceberg_dag.py
[2026-03-06T12:06:44.714+0000] {processor.py:830} INFO - Processing file /opt/airflow/dags/iceberg_dag.py for tasks to queue
[2026-03-06T12:06:44.716+0000] {logging_mixin.py:188} INFO - [2026-03-06T12:06:44.716+0000] {dagbag.py:545} INFO - Filling up the DagBag from /opt/airflow/dags/iceberg_dag.py
[2026-03-06T12:06:44.744+0000] {processor.py:840} INFO - DAG(s) 'ecommerce_iceberg_pipeline' retrieved from /opt/airflow/dags/iceberg_dag.py
[2026-03-06T12:06:44.807+0000] {logging_mixin.py:188} INFO - [2026-03-06T12:06:44.806+0000] {dag.py:3089} INFO - Sync 1 DAGs
[2026-03-06T12:06:44.833+0000] {logging_mixin.py:188} INFO - [2026-03-06T12:06:44.833+0000] {dag.py:3947} INFO - Setting next_dagrun for ecommerce_iceberg_pipeline to 2026-03-06 00:00:00+00:00, run_after=2026-03-07 00:00:00+00:00
[2026-03-06T12:06:44.858+0000] {processor.py:183} INFO - Processing /opt/airflow/dags/iceberg_dag.py took 0.155 seconds
[2026-03-06T12:07:15.229+0000] {processor.py:161} INFO - Started process (PID=1033) to work on /opt/airflow/dags/iceberg_dag.py
[2026-03-06T12:07:15.232+0000] {processor.py:830} INFO - Processing file /opt/airflow/dags/iceberg_dag.py for tasks to queue
[2026-03-06T12:07:15.236+0000] {logging_mixin.py:188} INFO - [2026-03-06T12:07:15.235+0000] {dagbag.py:545} INFO - Filling up the DagBag from /opt/airflow/dags/iceberg_dag.py
[2026-03-06T12:07:15.285+0000] {processor.py:840} INFO - DAG(s) 'ecommerce_iceberg_pipeline' retrieved from /opt/airflow/dags/iceberg_dag.py
[2026-03-06T12:07:15.345+0000] {logging_mixin.py:188} INFO - [2026-03-06T12:07:15.345+0000] {dag.py:3089} INFO - Sync 1 DAGs
[2026-03-06T12:07:15.382+0000] {logging_mixin.py:188} INFO - [2026-03-06T12:07:15.382+0000] {dag.py:3947} INFO - Setting next_dagrun for ecommerce_iceberg_pipeline to 2026-03-06 00:00:00+00:00, run_after=2026-03-07 00:00:00+00:00
[2026-03-06T12:07:15.411+0000] {processor.py:183} INFO - Processing /opt/airflow/dags/iceberg_dag.py took 0.201 seconds
[2026-03-06T12:07:46.318+0000] {processor.py:161} INFO - Started process (PID=1038) to work on /opt/airflow/dags/iceberg_dag.py
[2026-03-06T12:07:46.322+0000] {processor.py:830} INFO - Processing file /opt/airflow/dags/iceberg_dag.py for tasks to queue
[2026-03-06T12:07:46.327+0000] {logging_mixin.py:188} INFO - [2026-03-06T12:07:46.326+0000] {dagbag.py:545} INFO - Filling up the DagBag from /opt/airflow/dags/iceberg_dag.py
[2026-03-06T12:07:46.411+0000] {processor.py:840} INFO - DAG(s) 'ecommerce_iceberg_pipeline' retrieved from /opt/airflow/dags/iceberg_dag.py
[2026-03-06T12:07:46.494+0000] {logging_mixin.py:188} INFO - [2026-03-06T12:07:46.494+0000] {dag.py:3089} INFO - Sync 1 DAGs
[2026-03-06T12:07:46.572+0000] {logging_mixin.py:188} INFO - [2026-03-06T12:07:46.571+0000] {dag.py:3947} INFO - Setting next_dagrun for ecommerce_iceberg_pipeline to 2026-03-06 00:00:00+00:00, run_after=2026-03-07 00:00:00+00:00
[2026-03-06T12:07:46.604+0000] {processor.py:183} INFO - Processing /opt/airflow/dags/iceberg_dag.py took 0.305 seconds
[2026-03-06T12:08:16.683+0000] {processor.py:161} INFO - Started process (PID=1043) to work on /opt/airflow/dags/iceberg_dag.py
[2026-03-06T12:08:16.685+0000] {processor.py:830} INFO - Processing file /opt/airflow/dags/iceberg_dag.py for tasks to queue
[2026-03-06T12:08:16.688+0000] {logging_mixin.py:188} INFO - [2026-03-06T12:08:16.688+0000] {dagbag.py:545} INFO - Filling up the DagBag from /opt/airflow/dags/iceberg_dag.py
[2026-03-06T12:08:16.727+0000] {processor.py:840} INFO - DAG(s) 'ecommerce_iceberg_pipeline' retrieved from /opt/airflow/dags/iceberg_dag.py
[2026-03-06T12:08:16.777+0000] {logging_mixin.py:188} INFO - [2026-03-06T12:08:16.777+0000] {dag.py:3089} INFO - Sync 1 DAGs
[2026-03-06T12:08:16.807+0000] {logging_mixin.py:188} INFO - [2026-03-06T12:08:16.807+0000] {dag.py:3947} INFO - Setting next_dagrun for ecommerce_iceberg_pipeline to 2026-03-06 00:00:00+00:00, run_after=2026-03-07 00:00:00+00:00
[2026-03-06T12:08:16.831+0000] {processor.py:183} INFO - Processing /opt/airflow/dags/iceberg_dag.py took 0.160 seconds
[2026-03-06T12:08:47.385+0000] {processor.py:161} INFO - Started process (PID=1048) to work on /opt/airflow/dags/iceberg_dag.py
[2026-03-06T12:08:47.387+0000] {processor.py:830} INFO - Processing file /opt/airflow/dags/iceberg_dag.py for tasks to queue
[2026-03-06T12:08:47.391+0000] {logging_mixin.py:188} INFO - [2026-03-06T12:08:47.390+0000] {dagbag.py:545} INFO - Filling up the DagBag from /opt/airflow/dags/iceberg_dag.py
[2026-03-06T12:08:47.442+0000] {processor.py:840} INFO - DAG(s) 'ecommerce_iceberg_pipeline' retrieved from /opt/airflow/dags/iceberg_dag.py
[2026-03-06T12:08:47.488+0000] {logging_mixin.py:188} INFO - [2026-03-06T12:08:47.488+0000] {dag.py:3089} INFO - Sync 1 DAGs
[2026-03-06T12:08:47.517+0000] {logging_mixin.py:188} INFO - [2026-03-06T12:08:47.516+0000] {dag.py:3947} INFO - Setting next_dagrun for ecommerce_iceberg_pipeline to 2026-03-06 00:00:00+00:00, run_after=2026-03-07 00:00:00+00:00
[2026-03-06T12:08:47.570+0000] {processor.py:183} INFO - Processing /opt/airflow/dags/iceberg_dag.py took 0.200 seconds
[2026-03-06T12:09:17.935+0000] {processor.py:161} INFO - Started process (PID=1053) to work on /opt/airflow/dags/iceberg_dag.py
[2026-03-06T12:09:17.936+0000] {processor.py:830} INFO - Processing file /opt/airflow/dags/iceberg_dag.py for tasks to queue
[2026-03-06T12:09:17.940+0000] {logging_mixin.py:188} INFO - [2026-03-06T12:09:17.940+0000] {dagbag.py:545} INFO - Filling up the DagBag from /opt/airflow/dags/iceberg_dag.py
[2026-03-06T12:09:17.970+0000] {processor.py:840} INFO - DAG(s) 'ecommerce_iceberg_pipeline' retrieved from /opt/airflow/dags/iceberg_dag.py
[2026-03-06T12:09:19.253+0000] {logging_mixin.py:188} INFO - [2026-03-06T12:09:19.253+0000] {dag.py:3089} INFO - Sync 1 DAGs
[2026-03-06T12:09:19.289+0000] {logging_mixin.py:188} INFO - [2026-03-06T12:09:19.289+0000] {dag.py:3947} INFO - Setting next_dagrun for ecommerce_iceberg_pipeline to 2026-03-06 00:00:00+00:00, run_after=2026-03-07 00:00:00+00:00
[2026-03-06T12:09:19.317+0000] {processor.py:183} INFO - Processing /opt/airflow/dags/iceberg_dag.py took 1.392 seconds
[2026-03-06T12:09:49.548+0000] {processor.py:161} INFO - Started process (PID=1058) to work on /opt/airflow/dags/iceberg_dag.py
[2026-03-06T12:09:49.549+0000] {processor.py:830} INFO - Processing file /opt/airflow/dags/iceberg_dag.py for tasks to queue
[2026-03-06T12:09:49.553+0000] {logging_mixin.py:188} INFO - [2026-03-06T12:09:49.552+0000] {dagbag.py:545} INFO - Filling up the DagBag from /opt/airflow/dags/iceberg_dag.py
[2026-03-06T12:09:49.582+0000] {processor.py:840} INFO - DAG(s) 'ecommerce_iceberg_pipeline' retrieved from /opt/airflow/dags/iceberg_dag.py
[2026-03-06T12:09:49.658+0000] {logging_mixin.py:188} INFO - [2026-03-06T12:09:49.657+0000] {dag.py:3089} INFO - Sync 1 DAGs
[2026-03-06T12:09:49.726+0000] {logging_mixin.py:188} INFO - [2026-03-06T12:09:49.726+0000] {dag.py:3947} INFO - Setting next_dagrun for ecommerce_iceberg_pipeline to 2026-03-06 00:00:00+00:00, run_after=2026-03-07 00:00:00+00:00
[2026-03-06T12:09:49.807+0000] {processor.py:183} INFO - Processing /opt/airflow/dags/iceberg_dag.py took 0.272 seconds
[2026-03-06T12:10:20.331+0000] {processor.py:161} INFO - Started process (PID=1063) to work on /opt/airflow/dags/iceberg_dag.py
[2026-03-06T12:10:20.333+0000] {processor.py:830} INFO - Processing file /opt/airflow/dags/iceberg_dag.py for tasks to queue
[2026-03-06T12:10:20.336+0000] {logging_mixin.py:188} INFO - [2026-03-06T12:10:20.336+0000] {dagbag.py:545} INFO - Filling up the DagBag from /opt/airflow/dags/iceberg_dag.py
[2026-03-06T12:10:20.377+0000] {processor.py:840} INFO - DAG(s) 'ecommerce_iceberg_pipeline' retrieved from /opt/airflow/dags/iceberg_dag.py
[2026-03-06T12:10:20.458+0000] {logging_mixin.py:188} INFO - [2026-03-06T12:10:20.457+0000] {dag.py:3089} INFO - Sync 1 DAGs
[2026-03-06T12:10:20.487+0000] {logging_mixin.py:188} INFO - [2026-03-06T12:10:20.487+0000] {dag.py:3947} INFO - Setting next_dagrun for ecommerce_iceberg_pipeline to 2026-03-06 00:00:00+00:00, run_after=2026-03-07 00:00:00+00:00
[2026-03-06T12:10:20.510+0000] {processor.py:183} INFO - Processing /opt/airflow/dags/iceberg_dag.py took 0.188 seconds
[2026-03-06T12:10:50.790+0000] {processor.py:161} INFO - Started process (PID=1068) to work on /opt/airflow/dags/iceberg_dag.py
[2026-03-06T12:10:50.792+0000] {processor.py:830} INFO - Processing file /opt/airflow/dags/iceberg_dag.py for tasks to queue
[2026-03-06T12:10:50.794+0000] {logging_mixin.py:188} INFO - [2026-03-06T12:10:50.794+0000] {dagbag.py:545} INFO - Filling up the DagBag from /opt/airflow/dags/iceberg_dag.py
[2026-03-06T12:10:50.821+0000] {processor.py:840} INFO - DAG(s) 'ecommerce_iceberg_pipeline' retrieved from /opt/airflow/dags/iceberg_dag.py
[2026-03-06T12:10:50.866+0000] {logging_mixin.py:188} INFO - [2026-03-06T12:10:50.865+0000] {dag.py:3089} INFO - Sync 1 DAGs
[2026-03-06T12:10:50.891+0000] {logging_mixin.py:188} INFO - [2026-03-06T12:10:50.890+0000] {dag.py:3947} INFO - Setting next_dagrun for ecommerce_iceberg_pipeline to 2026-03-06 00:00:00+00:00, run_after=2026-03-07 00:00:00+00:00
[2026-03-06T12:10:50.918+0000] {processor.py:183} INFO - Processing /opt/airflow/dags/iceberg_dag.py took 0.136 seconds
[2026-03-06T12:11:21.338+0000] {processor.py:161} INFO - Started process (PID=1073) to work on /opt/airflow/dags/iceberg_dag.py
[2026-03-06T12:11:21.340+0000] {processor.py:830} INFO - Processing file /opt/airflow/dags/iceberg_dag.py for tasks to queue
[2026-03-06T12:11:21.343+0000] {logging_mixin.py:188} INFO - [2026-03-06T12:11:21.342+0000] {dagbag.py:545} INFO - Filling up the DagBag from /opt/airflow/dags/iceberg_dag.py
[2026-03-06T12:11:21.375+0000] {processor.py:840} INFO - DAG(s) 'ecommerce_iceberg_pipeline' retrieved from /opt/airflow/dags/iceberg_dag.py
[2026-03-06T12:11:21.434+0000] {logging_mixin.py:188} INFO - [2026-03-06T12:11:21.434+0000] {dag.py:3089} INFO - Sync 1 DAGs
[2026-03-06T12:11:21.469+0000] {logging_mixin.py:188} INFO - [2026-03-06T12:11:21.468+0000] {dag.py:3947} INFO - Setting next_dagrun for ecommerce_iceberg_pipeline to 2026-03-06 00:00:00+00:00, run_after=2026-03-07 00:00:00+00:00
[2026-03-06T12:11:21.497+0000] {processor.py:183} INFO - Processing /opt/airflow/dags/iceberg_dag.py took 0.167 seconds
[2026-03-06T12:11:51.784+0000] {processor.py:161} INFO - Started process (PID=1078) to work on /opt/airflow/dags/iceberg_dag.py
[2026-03-06T12:11:51.785+0000] {processor.py:830} INFO - Processing file /opt/airflow/dags/iceberg_dag.py for tasks to queue
[2026-03-06T12:11:51.788+0000] {logging_mixin.py:188} INFO - [2026-03-06T12:11:51.788+0000] {dagbag.py:545} INFO - Filling up the DagBag from /opt/airflow/dags/iceberg_dag.py
[2026-03-06T12:11:51.816+0000] {processor.py:840} INFO - DAG(s) 'ecommerce_iceberg_pipeline' retrieved from /opt/airflow/dags/iceberg_dag.py
[2026-03-06T12:11:51.867+0000] {logging_mixin.py:188} INFO - [2026-03-06T12:11:51.867+0000] {dag.py:3089} INFO - Sync 1 DAGs
[2026-03-06T12:11:51.898+0000] {logging_mixin.py:188} INFO - [2026-03-06T12:11:51.898+0000] {dag.py:3947} INFO - Setting next_dagrun for ecommerce_iceberg_pipeline to 2026-03-06 00:00:00+00:00, run_after=2026-03-07 00:00:00+00:00
[2026-03-06T12:11:51.921+0000] {processor.py:183} INFO - Processing /opt/airflow/dags/iceberg_dag.py took 0.145 seconds
[2026-03-06T12:12:22.269+0000] {processor.py:161} INFO - Started process (PID=1083) to work on /opt/airflow/dags/iceberg_dag.py
[2026-03-06T12:12:22.270+0000] {processor.py:830} INFO - Processing file /opt/airflow/dags/iceberg_dag.py for tasks to queue
[2026-03-06T12:12:22.274+0000] {logging_mixin.py:188} INFO - [2026-03-06T12:12:22.273+0000] {dagbag.py:545} INFO - Filling up the DagBag from /opt/airflow/dags/iceberg_dag.py
[2026-03-06T12:12:22.307+0000] {processor.py:840} INFO - DAG(s) 'ecommerce_iceberg_pipeline' retrieved from /opt/airflow/dags/iceberg_dag.py
[2026-03-06T12:12:22.353+0000] {logging_mixin.py:188} INFO - [2026-03-06T12:12:22.352+0000] {dag.py:3089} INFO - Sync 1 DAGs
[2026-03-06T12:12:22.376+0000] {logging_mixin.py:188} INFO - [2026-03-06T12:12:22.376+0000] {dag.py:3947} INFO - Setting next_dagrun for ecommerce_iceberg_pipeline to 2026-03-06 00:00:00+00:00, run_after=2026-03-07 00:00:00+00:00
[2026-03-06T12:12:22.399+0000] {processor.py:183} INFO - Processing /opt/airflow/dags/iceberg_dag.py took 0.137 seconds
[2026-03-06T12:12:52.667+0000] {processor.py:161} INFO - Started process (PID=1088) to work on /opt/airflow/dags/iceberg_dag.py
[2026-03-06T12:12:52.668+0000] {processor.py:830} INFO - Processing file /opt/airflow/dags/iceberg_dag.py for tasks to queue
[2026-03-06T12:12:52.672+0000] {logging_mixin.py:188} INFO - [2026-03-06T12:12:52.672+0000] {dagbag.py:545} INFO - Filling up the DagBag from /opt/airflow/dags/iceberg_dag.py
[2026-03-06T12:12:52.703+0000] {processor.py:840} INFO - DAG(s) 'ecommerce_iceberg_pipeline' retrieved from /opt/airflow/dags/iceberg_dag.py
[2026-03-06T12:12:52.754+0000] {logging_mixin.py:188} INFO - [2026-03-06T12:12:52.753+0000] {dag.py:3089} INFO - Sync 1 DAGs
[2026-03-06T12:12:52.779+0000] {logging_mixin.py:188} INFO - [2026-03-06T12:12:52.779+0000] {dag.py:3947} INFO - Setting next_dagrun for ecommerce_iceberg_pipeline to 2026-03-06 00:00:00+00:00, run_after=2026-03-07 00:00:00+00:00
[2026-03-06T12:12:52.802+0000] {processor.py:183} INFO - Processing /opt/airflow/dags/iceberg_dag.py took 0.143 seconds
[2026-03-06T12:13:23.198+0000] {processor.py:161} INFO - Started process (PID=1093) to work on /opt/airflow/dags/iceberg_dag.py
[2026-03-06T12:13:23.199+0000] {processor.py:830} INFO - Processing file /opt/airflow/dags/iceberg_dag.py for tasks to queue
[2026-03-06T12:13:23.203+0000] {logging_mixin.py:188} INFO - [2026-03-06T12:13:23.202+0000] {dagbag.py:545} INFO - Filling up the DagBag from /opt/airflow/dags/iceberg_dag.py
[2026-03-06T12:13:23.234+0000] {processor.py:840} INFO - DAG(s) 'ecommerce_iceberg_pipeline' retrieved from /opt/airflow/dags/iceberg_dag.py
[2026-03-06T12:13:23.286+0000] {logging_mixin.py:188} INFO - [2026-03-06T12:13:23.285+0000] {dag.py:3089} INFO - Sync 1 DAGs
[2026-03-06T12:13:23.316+0000] {logging_mixin.py:188} INFO - [2026-03-06T12:13:23.315+0000] {dag.py:3947} INFO - Setting next_dagrun for ecommerce_iceberg_pipeline to 2026-03-06 00:00:00+00:00, run_after=2026-03-07 00:00:00+00:00
[2026-03-06T12:13:23.345+0000] {processor.py:183} INFO - Processing /opt/airflow/dags/iceberg_dag.py took 0.155 seconds
[2026-03-06T12:13:53.603+0000] {processor.py:161} INFO - Started process (PID=1098) to work on /opt/airflow/dags/iceberg_dag.py
[2026-03-06T12:13:53.604+0000] {processor.py:830} INFO - Processing file /opt/airflow/dags/iceberg_dag.py for tasks to queue
[2026-03-06T12:13:53.607+0000] {logging_mixin.py:188} INFO - [2026-03-06T12:13:53.607+0000] {dagbag.py:545} INFO - Filling up the DagBag from /opt/airflow/dags/iceberg_dag.py
[2026-03-06T12:13:53.636+0000] {processor.py:840} INFO - DAG(s) 'ecommerce_iceberg_pipeline' retrieved from /opt/airflow/dags/iceberg_dag.py
[2026-03-06T12:13:53.726+0000] {logging_mixin.py:188} INFO - [2026-03-06T12:13:53.726+0000] {dag.py:3089} INFO - Sync 1 DAGs
[2026-03-06T12:13:53.787+0000] {logging_mixin.py:188} INFO - [2026-03-06T12:13:53.787+0000] {dag.py:3947} INFO - Setting next_dagrun for ecommerce_iceberg_pipeline to 2026-03-06 00:00:00+00:00, run_after=2026-03-07 00:00:00+00:00
[2026-03-06T12:13:53.812+0000] {processor.py:183} INFO - Processing /opt/airflow/dags/iceberg_dag.py took 0.221 seconds
[2026-03-06T12:14:24.229+0000] {processor.py:161} INFO - Started process (PID=1103) to work on /opt/airflow/dags/iceberg_dag.py
[2026-03-06T12:14:24.236+0000] {processor.py:830} INFO - Processing file /opt/airflow/dags/iceberg_dag.py for tasks to queue
[2026-03-06T12:14:24.241+0000] {logging_mixin.py:188} INFO - [2026-03-06T12:14:24.240+0000] {dagbag.py:545} INFO - Filling up the DagBag from /opt/airflow/dags/iceberg_dag.py
[2026-03-06T12:14:24.384+0000] {processor.py:840} INFO - DAG(s) 'ecommerce_iceberg_pipeline' retrieved from /opt/airflow/dags/iceberg_dag.py
[2026-03-06T12:14:24.536+0000] {logging_mixin.py:188} INFO - [2026-03-06T12:14:24.535+0000] {dag.py:3089} INFO - Sync 1 DAGs
[2026-03-06T12:14:24.624+0000] {logging_mixin.py:188} INFO - [2026-03-06T12:14:24.623+0000] {dag.py:3947} INFO - Setting next_dagrun for ecommerce_iceberg_pipeline to 2026-03-06 00:00:00+00:00, run_after=2026-03-07 00:00:00+00:00
[2026-03-06T12:14:24.677+0000] {processor.py:183} INFO - Processing /opt/airflow/dags/iceberg_dag.py took 0.466 seconds
[2026-03-06T12:14:55.160+0000] {processor.py:161} INFO - Started process (PID=1108) to work on /opt/airflow/dags/iceberg_dag.py
[2026-03-06T12:14:55.162+0000] {processor.py:830} INFO - Processing file /opt/airflow/dags/iceberg_dag.py for tasks to queue
[2026-03-06T12:14:55.165+0000] {logging_mixin.py:188} INFO - [2026-03-06T12:14:55.164+0000] {dagbag.py:545} INFO - Filling up the DagBag from /opt/airflow/dags/iceberg_dag.py
[2026-03-06T12:14:55.204+0000] {processor.py:840} INFO - DAG(s) 'ecommerce_iceberg_pipeline' retrieved from /opt/airflow/dags/iceberg_dag.py
[2026-03-06T12:14:55.245+0000] {logging_mixin.py:188} INFO - [2026-03-06T12:14:55.245+0000] {dag.py:3089} INFO - Sync 1 DAGs
[2026-03-06T12:14:55.268+0000] {logging_mixin.py:188} INFO - [2026-03-06T12:14:55.268+0000] {dag.py:3947} INFO - Setting next_dagrun for ecommerce_iceberg_pipeline to 2026-03-06 00:00:00+00:00, run_after=2026-03-07 00:00:00+00:00
[2026-03-06T12:14:55.293+0000] {processor.py:183} INFO - Processing /opt/airflow/dags/iceberg_dag.py took 0.144 seconds
[2026-03-06T12:15:25.646+0000] {processor.py:161} INFO - Started process (PID=1113) to work on /opt/airflow/dags/iceberg_dag.py
[2026-03-06T12:15:25.647+0000] {processor.py:830} INFO - Processing file /opt/airflow/dags/iceberg_dag.py for tasks to queue
[2026-03-06T12:15:25.650+0000] {logging_mixin.py:188} INFO - [2026-03-06T12:15:25.649+0000] {dagbag.py:545} INFO - Filling up the DagBag from /opt/airflow/dags/iceberg_dag.py
[2026-03-06T12:15:25.689+0000] {processor.py:840} INFO - DAG(s) 'ecommerce_iceberg_pipeline' retrieved from /opt/airflow/dags/iceberg_dag.py
[2026-03-06T12:15:25.750+0000] {logging_mixin.py:188} INFO - [2026-03-06T12:15:25.749+0000] {dag.py:3089} INFO - Sync 1 DAGs
[2026-03-06T12:15:25.813+0000] {logging_mixin.py:188} INFO - [2026-03-06T12:15:25.813+0000] {dag.py:3947} INFO - Setting next_dagrun for ecommerce_iceberg_pipeline to 2026-03-06 00:00:00+00:00, run_after=2026-03-07 00:00:00+00:00
[2026-03-06T12:15:25.862+0000] {processor.py:183} INFO - Processing /opt/airflow/dags/iceberg_dag.py took 0.228 seconds
[2026-03-06T12:15:56.404+0000] {processor.py:161} INFO - Started process (PID=1118) to work on /opt/airflow/dags/iceberg_dag.py
[2026-03-06T12:15:56.406+0000] {processor.py:830} INFO - Processing file /opt/airflow/dags/iceberg_dag.py for tasks to queue
[2026-03-06T12:15:56.412+0000] {logging_mixin.py:188} INFO - [2026-03-06T12:15:56.411+0000] {dagbag.py:545} INFO - Filling up the DagBag from /opt/airflow/dags/iceberg_dag.py
[2026-03-06T12:15:56.470+0000] {processor.py:840} INFO - DAG(s) 'ecommerce_iceberg_pipeline' retrieved from /opt/airflow/dags/iceberg_dag.py
[2026-03-06T12:15:56.534+0000] {logging_mixin.py:188} INFO - [2026-03-06T12:15:56.533+0000] {dag.py:3089} INFO - Sync 1 DAGs
[2026-03-06T12:15:56.580+0000] {logging_mixin.py:188} INFO - [2026-03-06T12:15:56.579+0000] {dag.py:3947} INFO - Setting next_dagrun for ecommerce_iceberg_pipeline to 2026-03-06 00:00:00+00:00, run_after=2026-03-07 00:00:00+00:00
[2026-03-06T12:15:56.630+0000] {processor.py:183} INFO - Processing /opt/airflow/dags/iceberg_dag.py took 0.247 seconds
[2026-03-06T12:16:27.389+0000] {processor.py:161} INFO - Started process (PID=1123) to work on /opt/airflow/dags/iceberg_dag.py
[2026-03-06T12:16:27.395+0000] {processor.py:830} INFO - Processing file /opt/airflow/dags/iceberg_dag.py for tasks to queue
[2026-03-06T12:16:27.404+0000] {logging_mixin.py:188} INFO - [2026-03-06T12:16:27.403+0000] {dagbag.py:545} INFO - Filling up the DagBag from /opt/airflow/dags/iceberg_dag.py
[2026-03-06T12:16:27.529+0000] {processor.py:840} INFO - DAG(s) 'ecommerce_iceberg_pipeline' retrieved from /opt/airflow/dags/iceberg_dag.py
[2026-03-06T12:16:27.708+0000] {logging_mixin.py:188} INFO - [2026-03-06T12:16:27.707+0000] {dag.py:3089} INFO - Sync 1 DAGs
[2026-03-06T12:16:27.829+0000] {logging_mixin.py:188} INFO - [2026-03-06T12:16:27.829+0000] {dag.py:3947} INFO - Setting next_dagrun for ecommerce_iceberg_pipeline to 2026-03-06 00:00:00+00:00, run_after=2026-03-07 00:00:00+00:00
[2026-03-06T12:16:27.970+0000] {processor.py:183} INFO - Processing /opt/airflow/dags/iceberg_dag.py took 0.615 seconds
[2026-03-06T12:16:58.289+0000] {processor.py:161} INFO - Started process (PID=1128) to work on /opt/airflow/dags/iceberg_dag.py
[2026-03-06T12:16:58.310+0000] {processor.py:830} INFO - Processing file /opt/airflow/dags/iceberg_dag.py for tasks to queue
[2026-03-06T12:16:58.393+0000] {logging_mixin.py:188} INFO - [2026-03-06T12:16:58.384+0000] {dagbag.py:545} INFO - Filling up the DagBag from /opt/airflow/dags/iceberg_dag.py
[2026-03-06T12:16:58.856+0000] {processor.py:840} INFO - DAG(s) 'ecommerce_iceberg_pipeline' retrieved from /opt/airflow/dags/iceberg_dag.py
[2026-03-06T12:16:58.996+0000] {logging_mixin.py:188} INFO - [2026-03-06T12:16:58.996+0000] {dag.py:3089} INFO - Sync 1 DAGs
[2026-03-06T12:16:59.180+0000] {logging_mixin.py:188} INFO - [2026-03-06T12:16:59.179+0000] {dag.py:3947} INFO - Setting next_dagrun for ecommerce_iceberg_pipeline to 2026-03-06 00:00:00+00:00, run_after=2026-03-07 00:00:00+00:00
[2026-03-06T12:16:59.248+0000] {processor.py:183} INFO - Processing /opt/airflow/dags/iceberg_dag.py took 1.000 seconds
[2026-03-06T12:17:29.676+0000] {processor.py:161} INFO - Started process (PID=1133) to work on /opt/airflow/dags/iceberg_dag.py
[2026-03-06T12:17:29.678+0000] {processor.py:830} INFO - Processing file /opt/airflow/dags/iceberg_dag.py for tasks to queue
[2026-03-06T12:17:29.683+0000] {logging_mixin.py:188} INFO - [2026-03-06T12:17:29.683+0000] {dagbag.py:545} INFO - Filling up the DagBag from /opt/airflow/dags/iceberg_dag.py
[2026-03-06T12:17:29.828+0000] {processor.py:840} INFO - DAG(s) 'ecommerce_iceberg_pipeline' retrieved from /opt/airflow/dags/iceberg_dag.py
[2026-03-06T12:17:29.952+0000] {logging_mixin.py:188} INFO - [2026-03-06T12:17:29.951+0000] {dag.py:3089} INFO - Sync 1 DAGs
[2026-03-06T12:17:30.016+0000] {logging_mixin.py:188} INFO - [2026-03-06T12:17:30.016+0000] {dag.py:3947} INFO - Setting next_dagrun for ecommerce_iceberg_pipeline to 2026-03-06 00:00:00+00:00, run_after=2026-03-07 00:00:00+00:00
[2026-03-06T12:17:30.050+0000] {processor.py:183} INFO - Processing /opt/airflow/dags/iceberg_dag.py took 0.381 seconds
[2026-03-06T12:18:00.850+0000] {processor.py:161} INFO - Started process (PID=1138) to work on /opt/airflow/dags/iceberg_dag.py
[2026-03-06T12:18:00.881+0000] {processor.py:830} INFO - Processing file /opt/airflow/dags/iceberg_dag.py for tasks to queue
[2026-03-06T12:18:00.885+0000] {logging_mixin.py:188} INFO - [2026-03-06T12:18:00.884+0000] {dagbag.py:545} INFO - Filling up the DagBag from /opt/airflow/dags/iceberg_dag.py
[2026-03-06T12:18:01.129+0000] {processor.py:840} INFO - DAG(s) 'ecommerce_iceberg_pipeline' retrieved from /opt/airflow/dags/iceberg_dag.py
[2026-03-06T12:18:01.327+0000] {logging_mixin.py:188} INFO - [2026-03-06T12:18:01.327+0000] {dag.py:3089} INFO - Sync 1 DAGs
[2026-03-06T12:18:01.607+0000] {logging_mixin.py:188} INFO - [2026-03-06T12:18:01.606+0000] {dag.py:3947} INFO - Setting next_dagrun for ecommerce_iceberg_pipeline to 2026-03-06 00:00:00+00:00, run_after=2026-03-07 00:00:00+00:00
[2026-03-06T12:18:01.940+0000] {processor.py:183} INFO - Processing /opt/airflow/dags/iceberg_dag.py took 1.105 seconds
[2026-03-06T12:18:32.655+0000] {processor.py:161} INFO - Started process (PID=1143) to work on /opt/airflow/dags/iceberg_dag.py
[2026-03-06T12:18:32.657+0000] {processor.py:830} INFO - Processing file /opt/airflow/dags/iceberg_dag.py for tasks to queue
[2026-03-06T12:18:32.692+0000] {logging_mixin.py:188} INFO - [2026-03-06T12:18:32.691+0000] {dagbag.py:545} INFO - Filling up the DagBag from /opt/airflow/dags/iceberg_dag.py
[2026-03-06T12:18:32.786+0000] {processor.py:840} INFO - DAG(s) 'ecommerce_iceberg_pipeline' retrieved from /opt/airflow/dags/iceberg_dag.py
[2026-03-06T12:18:32.889+0000] {logging_mixin.py:188} INFO - [2026-03-06T12:18:32.889+0000] {dag.py:3089} INFO - Sync 1 DAGs
[2026-03-06T12:18:32.959+0000] {logging_mixin.py:188} INFO - [2026-03-06T12:18:32.959+0000] {dag.py:3947} INFO - Setting next_dagrun for ecommerce_iceberg_pipeline to 2026-03-06 00:00:00+00:00, run_after=2026-03-07 00:00:00+00:00
[2026-03-06T12:18:32.999+0000] {processor.py:183} INFO - Processing /opt/airflow/dags/iceberg_dag.py took 0.369 seconds
[2026-03-06T12:19:03.626+0000] {processor.py:161} INFO - Started process (PID=1148) to work on /opt/airflow/dags/iceberg_dag.py
[2026-03-06T12:19:03.628+0000] {processor.py:830} INFO - Processing file /opt/airflow/dags/iceberg_dag.py for tasks to queue
[2026-03-06T12:19:03.645+0000] {logging_mixin.py:188} INFO - [2026-03-06T12:19:03.644+0000] {dagbag.py:545} INFO - Filling up the DagBag from /opt/airflow/dags/iceberg_dag.py
[2026-03-06T12:19:03.798+0000] {processor.py:840} INFO - DAG(s) 'ecommerce_iceberg_pipeline' retrieved from /opt/airflow/dags/iceberg_dag.py
[2026-03-06T12:19:04.177+0000] {logging_mixin.py:188} INFO - [2026-03-06T12:19:04.176+0000] {dag.py:3089} INFO - Sync 1 DAGs
[2026-03-06T12:19:04.425+0000] {logging_mixin.py:188} INFO - [2026-03-06T12:19:04.423+0000] {dag.py:3947} INFO - Setting next_dagrun for ecommerce_iceberg_pipeline to 2026-03-06 00:00:00+00:00, run_after=2026-03-07 00:00:00+00:00
[2026-03-06T12:19:04.508+0000] {processor.py:183} INFO - Processing /opt/airflow/dags/iceberg_dag.py took 0.918 seconds
[2026-03-06T12:19:35.020+0000] {processor.py:161} INFO - Started process (PID=1153) to work on /opt/airflow/dags/iceberg_dag.py
[2026-03-06T12:19:35.021+0000] {processor.py:830} INFO - Processing file /opt/airflow/dags/iceberg_dag.py for tasks to queue
[2026-03-06T12:19:35.024+0000] {logging_mixin.py:188} INFO - [2026-03-06T12:19:35.023+0000] {dagbag.py:545} INFO - Filling up the DagBag from /opt/airflow/dags/iceberg_dag.py
[2026-03-06T12:19:35.080+0000] {processor.py:840} INFO - DAG(s) 'ecommerce_iceberg_pipeline' retrieved from /opt/airflow/dags/iceberg_dag.py
[2026-03-06T12:19:35.123+0000] {logging_mixin.py:188} INFO - [2026-03-06T12:19:35.122+0000] {dag.py:3089} INFO - Sync 1 DAGs
[2026-03-06T12:19:35.170+0000] {logging_mixin.py:188} INFO - [2026-03-06T12:19:35.169+0000] {dag.py:3947} INFO - Setting next_dagrun for ecommerce_iceberg_pipeline to 2026-03-06 00:00:00+00:00, run_after=2026-03-07 00:00:00+00:00
[2026-03-06T12:19:35.219+0000] {processor.py:183} INFO - Processing /opt/airflow/dags/iceberg_dag.py took 0.207 seconds
[2026-03-06T12:20:05.984+0000] {processor.py:161} INFO - Started process (PID=1158) to work on /opt/airflow/dags/iceberg_dag.py
[2026-03-06T12:20:05.985+0000] {processor.py:830} INFO - Processing file /opt/airflow/dags/iceberg_dag.py for tasks to queue
[2026-03-06T12:20:05.988+0000] {logging_mixin.py:188} INFO - [2026-03-06T12:20:05.987+0000] {dagbag.py:545} INFO - Filling up the DagBag from /opt/airflow/dags/iceberg_dag.py
[2026-03-06T12:20:06.042+0000] {processor.py:840} INFO - DAG(s) 'ecommerce_iceberg_pipeline' retrieved from /opt/airflow/dags/iceberg_dag.py
[2026-03-06T12:20:06.086+0000] {logging_mixin.py:188} INFO - [2026-03-06T12:20:06.086+0000] {dag.py:3089} INFO - Sync 1 DAGs
[2026-03-06T12:20:06.122+0000] {logging_mixin.py:188} INFO - [2026-03-06T12:20:06.122+0000] {dag.py:3947} INFO - Setting next_dagrun for ecommerce_iceberg_pipeline to 2026-03-06 00:00:00+00:00, run_after=2026-03-07 00:00:00+00:00
[2026-03-06T12:20:06.181+0000] {processor.py:183} INFO - Processing /opt/airflow/dags/iceberg_dag.py took 0.215 seconds
[2026-03-06T12:20:36.461+0000] {processor.py:161} INFO - Started process (PID=1163) to work on /opt/airflow/dags/iceberg_dag.py
[2026-03-06T12:20:36.464+0000] {processor.py:830} INFO - Processing file /opt/airflow/dags/iceberg_dag.py for tasks to queue
[2026-03-06T12:20:36.469+0000] {logging_mixin.py:188} INFO - [2026-03-06T12:20:36.468+0000] {dagbag.py:545} INFO - Filling up the DagBag from /opt/airflow/dags/iceberg_dag.py
[2026-03-06T12:20:36.512+0000] {processor.py:840} INFO - DAG(s) 'ecommerce_iceberg_pipeline' retrieved from /opt/airflow/dags/iceberg_dag.py
[2026-03-06T12:20:36.585+0000] {logging_mixin.py:188} INFO - [2026-03-06T12:20:36.585+0000] {dag.py:3089} INFO - Sync 1 DAGs
[2026-03-06T12:20:36.819+0000] {logging_mixin.py:188} INFO - [2026-03-06T12:20:36.819+0000] {dag.py:3947} INFO - Setting next_dagrun for ecommerce_iceberg_pipeline to 2026-03-06 00:00:00+00:00, run_after=2026-03-07 00:00:00+00:00
[2026-03-06T12:20:36.904+0000] {processor.py:183} INFO - Processing /opt/airflow/dags/iceberg_dag.py took 0.487 seconds
[2026-03-06T12:21:07.193+0000] {processor.py:161} INFO - Started process (PID=1168) to work on /opt/airflow/dags/iceberg_dag.py
[2026-03-06T12:21:07.194+0000] {processor.py:830} INFO - Processing file /opt/airflow/dags/iceberg_dag.py for tasks to queue
[2026-03-06T12:21:07.196+0000] {logging_mixin.py:188} INFO - [2026-03-06T12:21:07.196+0000] {dagbag.py:545} INFO - Filling up the DagBag from /opt/airflow/dags/iceberg_dag.py
[2026-03-06T12:21:07.262+0000] {processor.py:840} INFO - DAG(s) 'ecommerce_iceberg_pipeline' retrieved from /opt/airflow/dags/iceberg_dag.py
[2026-03-06T12:21:07.320+0000] {logging_mixin.py:188} INFO - [2026-03-06T12:21:07.320+0000] {dag.py:3089} INFO - Sync 1 DAGs
[2026-03-06T12:21:07.400+0000] {logging_mixin.py:188} INFO - [2026-03-06T12:21:07.399+0000] {dag.py:3947} INFO - Setting next_dagrun for ecommerce_iceberg_pipeline to 2026-03-06 00:00:00+00:00, run_after=2026-03-07 00:00:00+00:00
[2026-03-06T12:21:07.438+0000] {processor.py:183} INFO - Processing /opt/airflow/dags/iceberg_dag.py took 0.260 seconds
[2026-03-06T12:21:37.949+0000] {processor.py:161} INFO - Started process (PID=1173) to work on /opt/airflow/dags/iceberg_dag.py
[2026-03-06T12:21:37.951+0000] {processor.py:830} INFO - Processing file /opt/airflow/dags/iceberg_dag.py for tasks to queue
[2026-03-06T12:21:37.954+0000] {logging_mixin.py:188} INFO - [2026-03-06T12:21:37.953+0000] {dagbag.py:545} INFO - Filling up the DagBag from /opt/airflow/dags/iceberg_dag.py
[2026-03-06T12:21:37.994+0000] {processor.py:840} INFO - DAG(s) 'ecommerce_iceberg_pipeline' retrieved from /opt/airflow/dags/iceberg_dag.py
[2026-03-06T12:21:38.041+0000] {logging_mixin.py:188} INFO - [2026-03-06T12:21:38.041+0000] {dag.py:3089} INFO - Sync 1 DAGs
[2026-03-06T12:21:38.064+0000] {logging_mixin.py:188} INFO - [2026-03-06T12:21:38.064+0000] {dag.py:3947} INFO - Setting next_dagrun for ecommerce_iceberg_pipeline to 2026-03-06 00:00:00+00:00, run_after=2026-03-07 00:00:00+00:00
[2026-03-06T12:21:38.094+0000] {processor.py:183} INFO - Processing /opt/airflow/dags/iceberg_dag.py took 0.153 seconds
[2026-03-06T12:22:08.451+0000] {processor.py:161} INFO - Started process (PID=1178) to work on /opt/airflow/dags/iceberg_dag.py
[2026-03-06T12:22:08.452+0000] {processor.py:830} INFO - Processing file /opt/airflow/dags/iceberg_dag.py for tasks to queue
[2026-03-06T12:22:08.455+0000] {logging_mixin.py:188} INFO - [2026-03-06T12:22:08.454+0000] {dagbag.py:545} INFO - Filling up the DagBag from /opt/airflow/dags/iceberg_dag.py
[2026-03-06T12:22:08.492+0000] {processor.py:840} INFO - DAG(s) 'ecommerce_iceberg_pipeline' retrieved from /opt/airflow/dags/iceberg_dag.py
[2026-03-06T12:22:08.530+0000] {logging_mixin.py:188} INFO - [2026-03-06T12:22:08.530+0000] {dag.py:3089} INFO - Sync 1 DAGs
[2026-03-06T12:22:08.554+0000] {logging_mixin.py:188} INFO - [2026-03-06T12:22:08.553+0000] {dag.py:3947} INFO - Setting next_dagrun for ecommerce_iceberg_pipeline to 2026-03-06 00:00:00+00:00, run_after=2026-03-07 00:00:00+00:00
[2026-03-06T12:22:08.579+0000] {processor.py:183} INFO - Processing /opt/airflow/dags/iceberg_dag.py took 0.135 seconds
[2026-03-06T12:22:38.844+0000] {processor.py:161} INFO - Started process (PID=1183) to work on /opt/airflow/dags/iceberg_dag.py
[2026-03-06T12:22:38.846+0000] {processor.py:830} INFO - Processing file /opt/airflow/dags/iceberg_dag.py for tasks to queue
[2026-03-06T12:22:38.848+0000] {logging_mixin.py:188} INFO - [2026-03-06T12:22:38.848+0000] {dagbag.py:545} INFO - Filling up the DagBag from /opt/airflow/dags/iceberg_dag.py
[2026-03-06T12:22:38.875+0000] {processor.py:840} INFO - DAG(s) 'ecommerce_iceberg_pipeline' retrieved from /opt/airflow/dags/iceberg_dag.py
[2026-03-06T12:22:38.918+0000] {logging_mixin.py:188} INFO - [2026-03-06T12:22:38.918+0000] {dag.py:3089} INFO - Sync 1 DAGs
[2026-03-06T12:22:38.942+0000] {logging_mixin.py:188} INFO - [2026-03-06T12:22:38.941+0000] {dag.py:3947} INFO - Setting next_dagrun for ecommerce_iceberg_pipeline to 2026-03-06 00:00:00+00:00, run_after=2026-03-07 00:00:00+00:00
[2026-03-06T12:22:38.981+0000] {processor.py:183} INFO - Processing /opt/airflow/dags/iceberg_dag.py took 0.145 seconds
[2026-03-06T12:23:09.952+0000] {processor.py:161} INFO - Started process (PID=1188) to work on /opt/airflow/dags/iceberg_dag.py
[2026-03-06T12:23:09.955+0000] {processor.py:830} INFO - Processing file /opt/airflow/dags/iceberg_dag.py for tasks to queue
[2026-03-06T12:23:09.957+0000] {logging_mixin.py:188} INFO - [2026-03-06T12:23:09.956+0000] {dagbag.py:545} INFO - Filling up the DagBag from /opt/airflow/dags/iceberg_dag.py
[2026-03-06T12:23:09.984+0000] {processor.py:840} INFO - DAG(s) 'ecommerce_iceberg_pipeline' retrieved from /opt/airflow/dags/iceberg_dag.py
[2026-03-06T12:23:10.022+0000] {logging_mixin.py:188} INFO - [2026-03-06T12:23:10.022+0000] {dag.py:3089} INFO - Sync 1 DAGs
[2026-03-06T12:23:10.046+0000] {logging_mixin.py:188} INFO - [2026-03-06T12:23:10.046+0000] {dag.py:3947} INFO - Setting next_dagrun for ecommerce_iceberg_pipeline to 2026-03-06 00:00:00+00:00, run_after=2026-03-07 00:00:00+00:00
[2026-03-06T12:23:10.073+0000] {processor.py:183} INFO - Processing /opt/airflow/dags/iceberg_dag.py took 0.145 seconds
[2026-03-06T12:23:40.411+0000] {processor.py:161} INFO - Started process (PID=1193) to work on /opt/airflow/dags/iceberg_dag.py
[2026-03-06T12:23:40.412+0000] {processor.py:830} INFO - Processing file /opt/airflow/dags/iceberg_dag.py for tasks to queue
[2026-03-06T12:23:40.417+0000] {logging_mixin.py:188} INFO - [2026-03-06T12:23:40.417+0000] {dagbag.py:545} INFO - Filling up the DagBag from /opt/airflow/dags/iceberg_dag.py
[2026-03-06T12:23:40.456+0000] {processor.py:840} INFO - DAG(s) 'ecommerce_iceberg_pipeline' retrieved from /opt/airflow/dags/iceberg_dag.py
[2026-03-06T12:23:40.523+0000] {logging_mixin.py:188} INFO - [2026-03-06T12:23:40.522+0000] {dag.py:3089} INFO - Sync 1 DAGs
[2026-03-06T12:23:40.547+0000] {logging_mixin.py:188} INFO - [2026-03-06T12:23:40.547+0000] {dag.py:3947} INFO - Setting next_dagrun for ecommerce_iceberg_pipeline to 2026-03-06 00:00:00+00:00, run_after=2026-03-07 00:00:00+00:00
[2026-03-06T12:23:40.628+0000] {processor.py:183} INFO - Processing /opt/airflow/dags/iceberg_dag.py took 0.227 seconds
[2026-03-06T12:24:11.190+0000] {processor.py:161} INFO - Started process (PID=1198) to work on /opt/airflow/dags/iceberg_dag.py
[2026-03-06T12:24:11.192+0000] {processor.py:830} INFO - Processing file /opt/airflow/dags/iceberg_dag.py for tasks to queue
[2026-03-06T12:24:11.196+0000] {logging_mixin.py:188} INFO - [2026-03-06T12:24:11.195+0000] {dagbag.py:545} INFO - Filling up the DagBag from /opt/airflow/dags/iceberg_dag.py
[2026-03-06T12:24:11.233+0000] {processor.py:840} INFO - DAG(s) 'ecommerce_iceberg_pipeline' retrieved from /opt/airflow/dags/iceberg_dag.py
[2026-03-06T12:24:11.277+0000] {logging_mixin.py:188} INFO - [2026-03-06T12:24:11.277+0000] {dag.py:3089} INFO - Sync 1 DAGs
[2026-03-06T12:24:11.306+0000] {logging_mixin.py:188} INFO - [2026-03-06T12:24:11.306+0000] {dag.py:3947} INFO - Setting next_dagrun for ecommerce_iceberg_pipeline to 2026-03-06 00:00:00+00:00, run_after=2026-03-07 00:00:00+00:00
[2026-03-06T12:24:11.332+0000] {processor.py:183} INFO - Processing /opt/airflow/dags/iceberg_dag.py took 0.156 seconds
[2026-03-06T12:24:41.814+0000] {processor.py:161} INFO - Started process (PID=1203) to work on /opt/airflow/dags/iceberg_dag.py
[2026-03-06T12:24:41.817+0000] {processor.py:830} INFO - Processing file /opt/airflow/dags/iceberg_dag.py for tasks to queue
[2026-03-06T12:24:41.822+0000] {logging_mixin.py:188} INFO - [2026-03-06T12:24:41.822+0000] {dagbag.py:545} INFO - Filling up the DagBag from /opt/airflow/dags/iceberg_dag.py
[2026-03-06T12:24:41.860+0000] {processor.py:840} INFO - DAG(s) 'ecommerce_iceberg_pipeline' retrieved from /opt/airflow/dags/iceberg_dag.py
[2026-03-06T12:24:41.916+0000] {logging_mixin.py:188} INFO - [2026-03-06T12:24:41.915+0000] {dag.py:3089} INFO - Sync 1 DAGs
[2026-03-06T12:24:41.955+0000] {logging_mixin.py:188} INFO - [2026-03-06T12:24:41.954+0000] {dag.py:3947} INFO - Setting next_dagrun for ecommerce_iceberg_pipeline to 2026-03-06 00:00:00+00:00, run_after=2026-03-07 00:00:00+00:00
[2026-03-06T12:24:41.985+0000] {processor.py:183} INFO - Processing /opt/airflow/dags/iceberg_dag.py took 0.179 seconds
[2026-03-06T12:25:12.356+0000] {processor.py:161} INFO - Started process (PID=1208) to work on /opt/airflow/dags/iceberg_dag.py
[2026-03-06T12:25:12.358+0000] {processor.py:830} INFO - Processing file /opt/airflow/dags/iceberg_dag.py for tasks to queue
[2026-03-06T12:25:12.361+0000] {logging_mixin.py:188} INFO - [2026-03-06T12:25:12.360+0000] {dagbag.py:545} INFO - Filling up the DagBag from /opt/airflow/dags/iceberg_dag.py
[2026-03-06T12:25:12.396+0000] {processor.py:840} INFO - DAG(s) 'ecommerce_iceberg_pipeline' retrieved from /opt/airflow/dags/iceberg_dag.py
[2026-03-06T12:25:12.442+0000] {logging_mixin.py:188} INFO - [2026-03-06T12:25:12.442+0000] {dag.py:3089} INFO - Sync 1 DAGs
[2026-03-06T12:25:12.471+0000] {logging_mixin.py:188} INFO - [2026-03-06T12:25:12.470+0000] {dag.py:3947} INFO - Setting next_dagrun for ecommerce_iceberg_pipeline to 2026-03-06 00:00:00+00:00, run_after=2026-03-07 00:00:00+00:00
[2026-03-06T12:25:12.495+0000] {processor.py:183} INFO - Processing /opt/airflow/dags/iceberg_dag.py took 0.152 seconds
[2026-03-06T12:25:43.006+0000] {processor.py:161} INFO - Started process (PID=1213) to work on /opt/airflow/dags/iceberg_dag.py
[2026-03-06T12:25:43.007+0000] {processor.py:830} INFO - Processing file /opt/airflow/dags/iceberg_dag.py for tasks to queue
[2026-03-06T12:25:43.014+0000] {logging_mixin.py:188} INFO - [2026-03-06T12:25:43.011+0000] {dagbag.py:545} INFO - Filling up the DagBag from /opt/airflow/dags/iceberg_dag.py
[2026-03-06T12:25:43.078+0000] {processor.py:840} INFO - DAG(s) 'ecommerce_iceberg_pipeline' retrieved from /opt/airflow/dags/iceberg_dag.py
[2026-03-06T12:25:43.180+0000] {logging_mixin.py:188} INFO - [2026-03-06T12:25:43.180+0000] {dag.py:3089} INFO - Sync 1 DAGs
[2026-03-06T12:25:43.222+0000] {logging_mixin.py:188} INFO - [2026-03-06T12:25:43.222+0000] {dag.py:3947} INFO - Setting next_dagrun for ecommerce_iceberg_pipeline to 2026-03-06 00:00:00+00:00, run_after=2026-03-07 00:00:00+00:00
[2026-03-06T12:25:43.269+0000] {processor.py:183} INFO - Processing /opt/airflow/dags/iceberg_dag.py took 0.283 seconds
